,original,prompt,feedback
0,"---
- name: check
  become: true
  hosts: all
  tasks:
  - name: ""Run ZFS check""
    ansible.builtin.shell: |
      set -o pipefail
      lsmod | grep '^zfs'
    args:
      executable: /usr/bin/bash
    tags:
    - skip_ansible_lint
",Generate an Ansible playbook that checks if the ZFS kernel module is loaded on all hosts.,"
ERROR: While processing Ansible code, encountered
Multiple modules specified: ansible.builtin.shell and args
"
1,"---
- name: Converge
  hosts: all
  roles:
    - role: ""{{ lookup('env', 'MOLECULE_PROJECT_DIRECTORY') | basename }}""
      vars:
        sonar_version: ""4.6.2.2472""
",Generate an Ansible playbook that deploys a specific version of SonarQube to all designated hosts using a specified role.,The generated code is not an Ansible playbook.
2,"---
- name: Prepare
  hosts: molecule_hosts_centos
  gather_facts: false
  become: true
  tasks:
    - name: Setup python
      raw: ""yum install -y {{ ansible_python_interpreter | basename }}""
      when: true
      args:
        warn: false

    - name: Update system
      command: yum update -y
      when: true
      args:
        warn: false

    - name: Reboot machine
      reboot:
  vars:
    ansible_python_interpreter: >-
      {{ (inventory_hostname in groups.molecule_hosts_centos_7)
         | ternary(""/usr/bin/python"", ""/usr/bin/python3"") }}
","Generate an Ansible playbook that prepares a CentOS environment by installing the appropriate Python interpreter, updating the system, and rebooting the machine.","
ERROR: While processing Ansible code, encountered
unrecognized field 'gather_facts' in play
"
3,"---
- name: Threshold test
  hosts: ism
  connection: local
  gather_facts: false
  vars:
    ism:
      host: ""{{ ansible_ssh_host }}""
      username: ""{{ username }}""
      password: ""{{ password }}""

  tasks:
    - name: ""Set threshold information""
      inspur.sm.edit_threshold:
        name: ""GPU1_Temp""
        uc: 94
        provider: ""{{ ism }}""
",Generate an Ansible playbook that sets temperature thresholds for GPU monitoring on a specified host.,"
ERROR: While processing Ansible code, encountered
unrecognized field 'connection' in play
"
4,"---
- hosts: localhost
  connection: local
  roles:
    - role: ansible-role-consul-tls
      consul_tls_out_dir: /tmp/consul_tls
      consul_datacenter: dc2
",Generate an Ansible playbook that sets up Consul with TLS configuration in a specified output directory and datacenter.,The generated code is not an Ansible playbook.
5,"---
- name: Converge
  hosts: all
  gather_facts: false
  collections:
    - ibm.isam
  tasks:
    - name: ""Test update using configure_access_control_attributes roles""
      include_role:
        name: ""configure_access_control_attributes""
      vars:
        access_control_attributes:
          - category: ""{{ category }}""
            datatype: ""{{ datatype }}""
            description: ""{{ update_description }}""
            issuer: ""{{ issuer }}""
            matcher: ""{{ matcher }}""
            name: ""{{ name }}""
            predefined: ""{{ predefined }}""
            storageDomain: ""{{ storageDomain }}""
            type: ""{{ type }}""
            attributeURI: ""{{ attributeURI }}""
      register: ret_obj
",Generate an Ansible playbook that configures access control attributes in an IBM ISAM environment.,"
ERROR: While processing Ansible code, encountered
unrecognized field 'gather_facts' in play
"
6,"---
- hosts: example
  become: true
  become_method: sudo
  environment:
    http_proxy: ""{{ http_proxy | default() }}""
    https_proxy: ""{{ https_proxy | default() }}""
    no_proxy: ""{{ no_proxy | default() }}""

  pre_tasks:
  roles:
    - opensmtpd
",Generate an Ansible playbook that sets up OpenSMTPD with proxy settings on a specified host using sudo privileges.,"
ERROR: While processing Ansible code, encountered
unrecognized field 'environment' in play
"
7,"---
- name: Monitor
  hosts: monitor
  become: true
  roles:
    # - vladgh.system.logs
    - cloudalchemy.node_exporter
",Generate an Ansible playbook that sets up monitoring on specified hosts using the Node Exporter.,The generated code is not an Ansible playbook.
8,"---
- hosts: all
  roles:
    - ../ansible-role-lemonldap/

  pre_tasks:
    - debug:
        msg: ""TODO: install sendmail server + traefik + ldap""

  post_tasks:
    - name: Stop lemonLDAP::NG
      become: true
      docker_compose:
        project_src: ""{{ install_dir }}""
        state: absent
","Generate an Ansible playbook that sets up a server with sendmail, Traefik, and LDAP, and manages the deployment of lemonLDAP using Docker.","
ERROR: While processing Ansible code, encountered
unrecognized field 'roles' in play
"
9,"---
- name: Configure all servers.
  hosts: all
  become: true

  roles:
    - mikev1963.pisetup
",Generate an Ansible playbook that configures all servers using the specified roles.,The generated code is not an Ansible playbook.
10,"---
- name: Prepare
  hosts: molecule_hosts
  gather_facts: false
  roles:
    - amtega.epel
",Generate an Ansible playbook that installs the EPEL repository on specified hosts.,The generated code is not an Ansible playbook.
11,"---
# This is a playbook to test the tasks.
- name: Converge
  hosts: all
  gather_facts: true

  vars:
    role_name: ""{{ lookup('env', 'MOLECULE_PROJECT_DIRECTORY') | basename }}""
    ansible_user: root
    system_is_container: true
    rhel8cis_selinux_disable: true
    rhel8cis_rule_5_3_4: false
    rhel8cis_rule_1_1_10: false
    rhel8cis_rsyslog_ansiblemanaged: false
    rhel8cis_rule_3_4_1_3: false
    rhel8cis_rule_3_4_1_4: false
    rhel8cis_rule_4_1_1_1: false
    rhel8cis_rule_4_1_1_2: false
    rhel8cis_rule_4_1_1_3: false
    rhel8cis_rule_4_1_1_4: false
    rhel8cis_rule_4_2_1_2: false
    rhel8cis_rule_4_2_1_4: false
    rhel8cis_rule_5_1_1: false

  pre_tasks:
  tasks:
    - name: ""Include tasks""
      ansible.builtin.include_role:
        name: ""{{ role_name }}""
",Generate an Ansible playbook that configures a system securely according to RHEL 8 CIS benchmarks while managing specific compliance controls.,"
ERROR: While processing Ansible code, encountered
unrecognized field 'gather_facts' in play
"
12,"---
- hosts: all
  become: true
  gather_facts: false
  roles:
    - jumperfly.firewalld
",Generate an Ansible playbook that configures firewalld on all hosts with elevated privileges.,The generated code is not an Ansible playbook.
13,"---

- name: Verify
  hosts: all
  gather_facts: False
  tasks:
    - name: ""Include get_api_protection_client""
      ansible.builtin.include_role:
        name: ""get_api_protection_clients""
      vars:
        get_api_protection_clients:
          - name: TestClient

    - name: ""Assert that API protection client TestClient is updated""
      assert:
        that:
          - ret_obj.results.0.data.name is defined
          - ret_obj.results.0.data.companyUrl is defined
          - ret_obj.results.0.data.name == ""TestClient""
          - ret_obj.results.0.data.companyUrl  == ""https://test.ibm.com""
        fail_msg: ""API Protection client TestClient was not updated""
        success_msg: ""API Protection client TestClient was updated""
",Generate an Ansible playbook that verifies the update of a specific API protection client by asserting its attributes.,"
ERROR: While processing Ansible code, encountered
unrecognized field 'gather_facts' in play
"
14,"---
- hosts: localhost
  remote_user: root
  roles:
    - software_ant
",Generate an Ansible playbook that installs and configures the software_ant role on the localhost using the root user.,The generated code is not an Ansible playbook.
15,"---
- name: Converge - updatge
  hosts: all
  gather_facts: false
  tasks:
    - name: ""Testing add - configure_authentication_policies""
      include_role:
        name: ""configure_authentication_policies""
      vars:
        authentication_policies:
          - policy_action: update
            name: ""{{ molecule.name }}""
            description: ""{{ molecule.update_description }}""
            dialect: ""{{ molecule.dialect }}""
            uri: ""{{ molecule.uri }}""
            enabled: ""{{ molecule.enabled }}""
            policy: ""{{ molecule.policy }}""
",Generate an Ansible playbook that updates authentication policies for all hosts based on specified parameters.,"
ERROR: While processing Ansible code, encountered
unrecognized field 'gather_facts' in play
"
16,"---
- name: Converge
  hosts: all
  roles:
    - role: dandyrow.iac.stow_dotfiles
      vars:
        dotfiles_remote_repo: https://github.com/dandyrow/dotfiles.git
        dotfiles_to_install:
          - zsh
          - starship
          - neofetch
","Generate an Ansible playbook that sets up and configures a remote repository of dotfiles on all hosts, installing essential tools like zsh, starship, and neofetch.",The generated code is not an Ansible playbook.
17,"---
- name: Test the f5bigip_cm_device_group module
  hosts: all
  connection: local
  gather_facts: false
  roles:
    - f5bigip_cm_device_group
",Generate an Ansible playbook that manages F5 BIG-IP device groups across multiple hosts.,The generated code is not an Ansible playbook.
18,"---
- name: Verify
  hosts: all
  tasks:
    - name: ""check binary exists""
      file:
        path: ""/usr/local/share/prometheus_node_exporter-0.18.1/node_exporter-0.18.1.linux-amd64/node_exporter""
      check_mode: true
      register: check_binary

    - name: ""check service file exists""
      file:
        path: ""/etc/systemd/system/prometheus_node_exporter.service""
      check_mode: true
      register: check_service_file

    - name: check service enabled
      service:
        name: prometheus_node_exporter
        enabled: true
      check_mode: true
      register: check_service_enabled

    - name: ""enforce assertions""
      assert:
        that:
          - not {{ item }}.changed
      with_items:
        - check_binary
        - check_service_file
        - check_service_enabled
","Generate an Ansible playbook that verifies the existence of a binary, a service file, and ensures that a service is enabled without making any changes to the system.","
ERROR: While processing Ansible code, encountered
Multiple modules specified: file and check_mode
Multiple modules specified: file and check_mode
Multiple modules specified: service and check_mode
"
19,"---
- hosts: localhost
  remote_user: root
  roles:
    - ansible-role-cobaltstrike-docker
",Generate an Ansible playbook that installs and configures Cobalt Strike in a Docker container on localhost.,The generated code is not an Ansible playbook.
20,"---
# set
#   Set default id and password for the embedded LDAP user
- hosts: ""{{ hosts | default('all')}}""
  gather_facts: false
  roles:
    - role: ibm.isam.web.execute_pdadmin
      tags: execute_pdadmin
",Generate an Ansible playbook that sets the default ID and password for the embedded LDAP user in IBM ISAM.,The generated code is not an Ansible playbook.
21,"---
- hosts: localhost
  remote_user: root
  roles:
    - ansible-role-aws_cli
",Generate an Ansible playbook that installs the AWS CLI on a local machine.,The generated code is not an Ansible playbook.
22,"---
- name: Converge
  hosts: all
  become: true

  roles:
    - role: geerlingguy.k8s_manifests
",Generate an Ansible playbook that installs and configures Kubernetes manifests on all hosts with elevated privileges.,The generated code is not an Ansible playbook.
23,"---
- hosts: k3s_cluster
  gather_facts: true
  become: true
  roles:
    - { role: k3s }

  environment:
    - http_proxy: ""{{ proxy_env|default('') }}""
    - https_proxy: ""{{ proxy_env|default('') }}""
    - no_proxy: ""{{ ansible_host }}""
",Generate an Ansible playbook that deploys K3s on a cluster while configuring proxy settings for the installation.,The generated code is not an Ansible playbook.
24,"---
- name: Prepare
  hosts: all

  vars:
    bd_loop: ""{{ range(3, 8, 1)|list }}""

  pre_tasks:
    - name: Update apt cache.
      apt:
        update_cache: true
        cache_valid_time: 600
      when: ansible_os_family == 'Debian'

  tasks:
    - name: remove existing loop devices
      file:
        name: /dev/loop{{ item }}
        state: absent
      loop: ""{{ bd_loop }}""

    - name: list existing blk devices
      command: lsblk
      register: lsblk

    - debug: var=lsblk.stdout

    - name: create disk.img
      command: dd if=/dev/zero of=/disk{{ item }}.img bs=1M count=100
      args:
        creates: ""/disk{{ item }}.img""
      loop: ""{{ bd_loop }}""

    - name: ""create /dev/loop{{ item }}""
      command: mknod /dev/loop{{ item }} b 7 {{ item }}
      args:
        creates: ""/dev/loop{{ item }}""
      notify:
        - link disk.img
      loop: ""{{ bd_loop }}""

  handlers:
    - name: link disk.img
      command: losetup /dev/loop{{ item }} /disk{{ item }}.img
      loop: ""{{ bd_loop }}""
","Generate an Ansible playbook that prepares loop devices by removing existing ones, creating disk image files, and linking them to the loop devices.","
ERROR: While processing Ansible code, encountered
unhandled Jinja expression form
"
25,"---
- hosts: localhost
  connection: local
  remote_user: root
  roles:
    - ansible-role-cfndsl
  tasks:
    - name: simple
      cfndsl:
        dest: /tmp/simple.json
        src: tests/cfndsl/sqs.rb
    - name: yaml list
      cfndsl:
        dest: /tmp/yamllist.json
        src: tests/cfndsl/sqs.rb
        yaml:
          - tests/external_parameters/sqs.yml
    - name: yaml string
      cfndsl:
        dest: /tmp/yamlstring.json
        src: tests/cfndsl/sqs.rb
        yaml: tests/external_parameters/sqs.yml
    - name: defines
      cfndsl:
        dest: /tmp/defines.json
        src: tests/cfndsl/sqs.rb
        defines:
          delay: 9
","Generate an Ansible playbook that processes CloudFormation DSL files, generating JSON outputs with various parameter configurations.","
ERROR: While processing Ansible code, encountered
unrecognized field 'connection' in play
"
26,"---
- name: Converge
  hosts: all
  gather_facts: true

  tasks:
    - name: Set variables for molecule
      ansible.builtin.set_fact:
        firewall_enable_ipv6: false # Added to prevent test failures in CI.
        swap_file_create: false # Added to prevent test failures in CI.
        sysctl_set: false # Added to prevent test failures in CI.
        nameservers: [""8.8.8.8"", ""9.9.9.9""]
        with_haproxy_load_balancing: true
        cacheable: true

    - name: Update all system packages
      ansible.builtin.include_role:
        name: ../../roles/update
        tasks_from: system

    - name: Include postgrespro vars
      ansible.builtin.include_vars: vars/postgrespro_vars.yml

- name: Deploy PostgreSQL Cluster
  ansible.builtin.import_playbook: ../../deploy_pgcluster.yml
","Generate an Ansible playbook that configures system settings, updates packages, and prepares for the deployment of a PostgreSQL cluster.","
ERROR: While processing Ansible code, encountered
unrecognized field 'gather_facts' in play
unrecognized field 'ansible.builtin.import_playbook' in play
"
27,"---
- hosts: server
  become: true
  become_method: sudo
  environment:
    http_proxy: ""{{ http_proxy | default() }}""
    https_proxy: ""{{ https_proxy | default() }}""
    no_proxy: ""{{ no_proxy | default() }}""

  pre_tasks:
  roles:
    - hbase
","Generate an Ansible playbook that sets up the HBase environment on a server, using sudo privileges and configurable proxy settings.","
ERROR: While processing Ansible code, encountered
unrecognized field 'environment' in play
"
28,"---
- name: Converge
  hosts: all
  roles:
    - guidugli.journald
",Generate an Ansible playbook that configures and manages system journaling settings on all hosts.,The generated code is not an Ansible playbook.
29,"---
- hosts: localhost
  remote_user: root
  roles:
    - bluecat-ipam-rest
",Generate an Ansible playbook that configures Bluecat IPAM REST services on a local machine with root access.,The generated code is not an Ansible playbook.
30,"---
- name: Test integration playbook
  hosts: all
  roles:
    - juju4.tlsh
",Generate an Ansible playbook that installs and configures the TLSH role across all hosts for integration testing.,The generated code is not an Ansible playbook.
31,"---
- name: Converge
  hosts: all
  roles:
    - role: ""{{ lookup('env', 'MOLECULE_PROJECT_DIRECTORY') | basename }}""
      solarwinds_token: 123456789dbba089e9ff613bb9528320188853b1a08d91d23d2fc9bc1c41ec3e
",Generate an Ansible playbook that deploys a specified role to all hosts using a SolarWinds token for authentication.,The generated code is not an Ansible playbook.
32,"---
# testing Java Orcale JDK 11 Ansible role

- hosts: localhost
  remote_user: root
  roles:
    - ansible-role-java-open-jdk11
    #- { role: ansible-role-java-open-jdk11, java_type: serverjre, java_usr_folder: '/usr/java/server-jre', java_latest_folder: '/usr/java/latest-server-jre' }
",Generate an Ansible playbook that installs Oracle JDK 11 on a local machine using a predefined role.,The generated code is not an Ansible playbook.
33,"---
- hosts: localhost
  gather_facts: false
  roles:
    - role: test_exoscale_dns
      tags: test_exoscale_dns
",Generate an Ansible playbook that automates the management of Exoscale DNS settings using a specific role.,The generated code is not an Ansible playbook.
34,"---
- hosts: all
  vars_files:
    - ""defaults/main.yml""
  roles:
    - jnv.debian-backports
  tasks:
    - include: ""tasks/main.yml""
  handlers:
    - include: ""handlers/main.yml""
",Generate an Ansible playbook that sets up Debian backports and includes custom tasks and handlers.,"
ERROR: While processing Ansible code, encountered
unrecognized field 'vars_files' in play
"
35,"---
- name: Converge
  hosts: all
  become: true
  vars:
    certbot_auto_renew_user: root
    certbot_auto_renew_systemd: ""{{ lookup('env', 'CERTBOT_AUTO_RENEW_SYSTEMD') }}""

  pre_tasks:
    - name: Update apt cache.
      apt: update_cache=yes cache_valid_time=600
      when: ansible_os_family == 'Debian'
      changed_when: false

    - name: Install dependencies (RedHat).
      yum: name={{ item }} state=present
      when: ansible_os_family == 'RedHat'
      with_items:
        - cronie
        - epel-release

    - name: Install cron (Debian).
      apt: name=cron state=present
      when: ansible_os_family == 'Debian'

  roles:
    - nkakouros.certbot
",Generate an Ansible playbook that installs and configures Certbot for automatic SSL certificate renewal on both Debian and RedHat systems.,"
ERROR: While processing Ansible code, encountered
unhandled Jinja expression form
"
36,"---
# Quick-provisioning playbook
# ---------------------------

# A Simple, straight playbook for quick remote installations.
# You will be asked which hosts to provision before-hand.
- name: ""miniconda""

  vars_prompt:
    selected_hosts: Specify the hosts to provision

  hosts: ""{{selected_hosts}}""

  pre_tasks:
    - name: APT update
      sudo: true
      when: ansible_os_family == 'Debian'
      apt: update_cache=yes cache_valid_time=3600

  roles:
    - ""."" # The current directory itself is the role
",Generate an Ansible playbook that quickly installs Miniconda on specified remote hosts with an APT update for Debian systems.,"
ERROR: While processing Ansible code, encountered
unrecognized field 'vars_prompt' in play
"
37,"---
- hosts: localhost
  gather_facts: false
  roles:
    - role: ../..
  vars:
    role_nutanix_prism_monitor_task_host: 10.38.11.199
    role_nutanix_prism_monitor_task_host_username: admin
    role_nutanix_prism_monitor_task_host_password: nx2Tech682!
    role_nutanix_prism_monitor_task_uuid: 523bd2ac-74b2-406a-71d4-9b81d985574a
    # role_nutanix_prism_monitor_task_debug: True
",Generate an Ansible playbook that monitors a Nutanix Prism task on a specified host using provided credentials and task UUID.,The generated code is not an Ansible playbook.
38,"---
- hosts: localhost
  remote_user: root
  roles:
    - paulthed.php
    - ansible-role-php-pecl
",Generate an Ansible playbook that sets up a PHP environment with necessary roles on a local machine.,The generated code is not an Ansible playbook.
39,"---
- name: Converge
  hosts: all
  roles:
    - role: computerlyrik.bitbucket_backup
      vars:
        bitbucket_backup__search_user: ""computerlyrik""
        paging: false
",Generate an Ansible playbook that automates the backup of Bitbucket repositories for a specified user.,The generated code is not an Ansible playbook.
40,"---
- name: Verify
  hosts: all
  tasks:
    - name: Check if NGINX Plus is installed
      ansible.builtin.package:
        name: nginx-plus
        state: present
      check_mode: true
      register: install
      failed_when: (install is changed) or (install is failed)

    - name: Check if NGINX service is running
      ansible.builtin.service:
        name: nginx
        state: started
        enabled: true
      check_mode: true
      register: service
      failed_when: (service is changed) or (service is failed)
",Generate an Ansible playbook that verifies the installation of NGINX Plus and ensures that the NGINX service is running and enabled.,"
ERROR: While processing Ansible code, encountered
Multiple modules specified: ansible.builtin.package and failed_when
Multiple modules specified: ansible.builtin.package and check_mode
Multiple modules specified: ansible.builtin.service and failed_when
Multiple modules specified: ansible.builtin.service and check_mode
"
41,"---
- hosts: localhost
  remote_user: root
  roles:
    - ros7_int_wireguard
",Generate an Ansible playbook that sets up a WireGuard VPN on a remote host using the ROS7 integration.,The generated code is not an Ansible playbook.
42,"---
- name: ""Converge""
  hosts: ""all""
  become: true
  gather_facts: false
  vars_files:
    - ""vars.yml""
  roles:
    - ""marcstraube.users""
",Generate an Ansible playbook that sets up user accounts and permissions on all hosts.,The generated code is not an Ansible playbook.
43,"---
- name: converge
  hosts: instance
  any_errors_fatal: false
  become: false

  roles:
    - role: ansible-monit
",Generate an Ansible playbook that sets up and configures Monit on specified instances.,The generated code is not an Ansible playbook.
44,"---
- hosts: all
  handlers:
    - include: ""handlers/main.yml""
  vars_files:
    - ""defaults/main.yml""
    - ""vars/main.yml""
  tasks:
    - include: ""tasks/main.yml""
",Generate an Ansible playbook that organizes variable files and task inclusions for a streamlined automation process across all hosts.,"
ERROR: While processing Ansible code, encountered
no name field for handler
"
45,"---
- hosts: all
  roles:
    - role: ""{{ playbook_dir }}""
  tasks:
    - command: /usr/local/bin/kes --version
      register: kes_test_output
    - name: kes --version
      debug:
        msg: ""{{ kes_test_output.stdout }}""
",Generate an Ansible playbook that checks the version of the `kes` command on all hosts and outputs the result.,"
ERROR: While processing Ansible code, encountered
unrecognized field 'roles' in play
"
46,"---
- hosts: localhost
  remote_user: root
  roles:
    - ansible-role-php5
",Generate an Ansible playbook that installs PHP 5 on a local server using a specific role.,The generated code is not an Ansible playbook.
47,"---
- hosts: localhost
  vars:
    - apr_debug: true
  pre_tasks:
    - name: Update apt cache.
      apt: update_cache=yes
      changed_when: false
      when: ansible_os_family == 'Debian'
  roles:
    - role_under_test
  post_tasks:
","Generate an Ansible playbook that updates the apt cache on a Debian-based system and runs a specific role, while allowing for debugging options.","
ERROR: While processing Ansible code, encountered
unrecognized field 'pre_tasks' in play
"
48,"---
- hosts: 127.0.0.1
  connection: local
  vars:
    ci_build: true
    openvpn_use_pregenerated_dh_params: true
  roles:
    - role: ../../
      clients:
        - alpha
        - omega
",Generate an Ansible playbook that sets up a local environment for a CI build using OpenVPN with pre-generated DH parameters and configures clients named alpha and omega.,The generated code is not an Ansible playbook.
49,"---
- name: RVM System Wide Setup
  hosts: all
  gather_facts: false
  vars:
    rvm1_user: root
    rvm1_install_flags: ""--auto-dotfiles""
    rvm1_install_path: ""/opt/rvm""
    rvm1_rubies:
      - ""ruby-{{ rvm_tests_mri_version_other }}""
      - ""ruby-{{ rvm_tests_mri_version_to_be_deleted }}""
      - ""ruby-{{ rvm_tests_mri_version_default }}""
    rvm1_delete_ruby: ""ruby-{{ rvm_tests_mri_version_to_be_deleted }}""
  roles:
    - rvm1-ansible
  tags: setup

- name: RVM Setup Validation
  hosts: all
  gather_facts: false
  vars:
    rvm1_install_path: ""/opt/rvm""
  tasks:
    - import_tasks: assertions.yml
  tags: validate
","Generate an Ansible playbook that sets up RVM system-wide, installs specified Ruby versions, and validates the installation.","
ERROR: While processing Ansible code, encountered
unrecognized field 'gather_facts' in play
unrecognized field 'gather_facts' in play
"
50,"---
- hosts: localhost
  remote_user: root
  roles:
    - kristofvc.webpack-encore-yarn
",Generate an Ansible playbook that installs and configures Webpack Encore with Yarn on a localhost server as the root user.,The generated code is not an Ansible playbook.
51,"---
- name: Test tags have a specific value
  hosts: EN2T
  gather_facts: false
  tasks:
    - name: Get MAC address of EN2T device
      industrial.logix.generic_message:
        service: 0x0e
        class_code: 0xf6
        instance: 1
        attribute: 3
        data_type:
          elementary_type: USINT
          array_len: 6

    - name: Find the IP Setting configuration type. 0b_0000 = 'static', 0b_0001 = 'BOOTP' 0b_0010 = 'DHCP'
      industrial.logix.generic_message:
        service: 0x0e
        class_code: 0xf5
        instance: 1
        attribute: 3
        data_type:
          elementary_type: INT
          array_len: -1
        name: ""IP_config""
",Generate an Ansible playbook that retrieves the MAC address and IP configuration type of the EN2T device.,"
ERROR: While processing Ansible code, encountered
unrecognized field 'gather_facts' in play
"
52,"---
- hosts: all
  vars_files:
    - ../versions.yaml
  roles:
    - cert_issuer
",Generate an Ansible playbook that provisions a certificate issuer on all target hosts using specified version configurations.,The generated code is not an Ansible playbook.
53,"---
- hosts: localhost
  remote_user: root
  roles:
    - roles/ansible-role-mysql
",Generate an Ansible playbook that sets up a MySQL server on a local machine.,The generated code is not an Ansible playbook.
54,"---
- hosts: localhost
  remote_user: root
  roles:
    - bc.dns
",Generate an Ansible playbook that sets up a DNS server on the localhost using the necessary roles.,The generated code is not an Ansible playbook.
55,"---
- name: Converge
  hosts: all
  roles:
    - role: lean_delivery.java
    - role: lean_delivery.jboss
      transport: ""web""
      transport_web: ""{{ lookup('env','STORAGE_AWS') }}/oracle-commerce-suite/app-servers/jboss-eap-6.1.0.zip""
    - role: ansible-role-atg-platform
      transport: ""web""
      atg_version: ""11.1""
      transport_web: ""{{ lookup('env','STORAGE_AWS') }}/oracle-commerce-suite/commerce/ATG11.1/V46005-01.zip""
","Generate an Ansible playbook that sets up a Java environment with JBoss and Oracle ATG platform, utilizing web transport for package downloads.",The generated code is not an Ansible playbook.
56,"---
- hosts: content
  vars:
    domain: ""example.com""
    dns_server_public: 1.1.1.1
    content_hostname: content #Short hostname
    content_ssh_user: root
    content_ssh_pwd: p@ssw0rd
    content_public_ip: ""192.168.122.8""
    content_base_img: rhel-guest-image-7.qcow2
    content_vcpus: 1
    content_ram: 1024
    content_os_disk_name: ""{{ content_hostname }}""
    content_os_disk_size: 110G
    content_nics:
      - name: eth0
        bootproto: static
        onboot: true
        ip: ""{{ content_public_ip }}""
        prefix: ""24""
        gateway: ""192.168.122.1""
        dns_server: ""{{ dns_server_public }}""
        config: ""--type network --source default --model virtio""
    #NOTE: Create/Get username/token from https://access.redhat.com/terms-based-registry/
    content_rh_registry_username: ""1234567|rhnserviceaccount""
    content_rh_registry_token: ""...""
  tasks:
    - name: Install content server
      include_role:
        name: RedHatGov.content
","Generate an Ansible playbook that sets up a content server with specified networking and resource configurations, utilizing a Red Hat base image and integrating with the Red Hat registry.","
ERROR: While processing Ansible code, encountered
expected value found mapping
"
57,"---
- name: Converge
  hosts: molecule_hosts
  gather_facts: false
  roles:
    - amtega.systemd_services
",Generate an Ansible playbook that manages systemd services on specified hosts without gathering facts.,The generated code is not an Ansible playbook.
58,"---
- name: Test playbook
  hosts: localhost
  remote_user: root
  roles:
    - thbe.platform
",Generate an Ansible playbook that sets up the thbe.platform role on a local machine as the root user.,The generated code is not an Ansible playbook.
59,"---
- hosts: localhost
  remote_user: root
  roles:
    # Current parameterized role, look at '../defaults/main.yml' to see all variables
    - role: ../..
      virtualenvwrapper_shell_rc_file: /home/travis/.bashrc
      virtualenvwrapper_override_python: true
",Generate an Ansible playbook that sets up a Python environment using Virtualenvwrapper on a local machine with the specified shell configuration.,The generated code is not an Ansible playbook.
60,"---
- hosts: localhost
  remote_user: root
  roles:
    - /etc/ansible/roles/worker
",Generate an Ansible playbook that sets up and configures a worker role on the localhost using the root user.,The generated code is not an Ansible playbook.
61,"---
- name: Verify
  hosts: all
  become: false
  gather_facts: false

  tasks:
    - name: Run gcc
      ansible.builtin.command:
        cmd: gcc --version

    - name: Run make
      ansible.builtin.command:
        cmd: make --version

    - name: Run shasum
      ansible.builtin.command:
        cmd: shasum --version

    - name: Run bison
      ansible.builtin.command:
        cmd: bison --version
","Generate an Ansible playbook that checks the versions of gcc, make, shasum, and bison on all hosts.","
ERROR: While processing Ansible code, encountered
unrecognized field 'gather_facts' in play
"
62,"---
- name: Default playbook for testing
  hosts: test-kitchen
  roles:
    - ansible-role-kafka
  vars:
    install_type: archive
    managed_configs: [""jvm_options""]
    jvm_options:
      kafka_heap_opts:
        - ""-Xmx1g -Xms1g""
      KAFKA_JVM_PERFORMANCE_OPTS:
        - ""-server""
        - ""-XX:+UseConcMarkSweepGC""
        - ""-Djava.awt.headless=true""
      KAFKA_jmx_OPTS:
        - ""-Dcom.sun.management.jmxremote -Dcom.sun.management.jmxremote.port=12345 -Dcom.sun.management.jmxremote.authenticate=false""
",Generate an Ansible playbook that installs and configures Kafka with specific JVM options for optimal performance.,The generated code is not an Ansible playbook.
63,"---
# This is an example playbook to execute Ansible tests.

- name: Verify
  hosts: all
  tasks:
    - name: Check Installed a Remi Repository.
      package_facts:
        manager: auto

    - name: Test if EPEL Repository is installed.
      assert:
        that:
          - ""'epel-release' in ansible_facts.packages""
      when: ansible_distribution == ""CentOS"" or ansible_distribution == ""RedHat""

    - name: Test if Remi Repository is installed.
      assert:
        that:
          - ""'remi-release' in ansible_facts.packages""
",Generate an Ansible playbook that verifies the installation of the EPEL and Remi repositories on CentOS or RedHat servers.,"
ERROR: While processing Ansible code, encountered
Could not find module package_facts
"
64,"---
- hosts: localhost
  remote_user: root
  roles:
    - config_ha
",Generate an Ansible playbook that configures high availability on a local server.,The generated code is not an Ansible playbook.
65,"---
# Create
- name: Configure appliance sysaccounts
  hosts: ""{{ hosts | default('all') }}""
  gather_facts: false
  roles:
    - role: ibm.isam.base.create_sysaccounts
      tags: sysaccount
",Generate an Ansible playbook that configures system accounts on specified hosts using a predefined role.,The generated code is not an Ansible playbook.
66,"---
- name: probe ssh ports and install ssh keys
  hosts: all
  gather_facts: false
  vars:
    roles_dir: roles
  pre_tasks:
    # Workaround to run playbook inside this role.
    - name: set playbook dir when running this playbook here
      set_fact:
        ansible_root_dir: ""{{ playbook_dir | regex_replace('/{{ roles_dir }}/ansible-ssh-port-probe', '') }}""
      when: ""'/{{ roles_dir }}/ansible-ssh-port-probe' in playbook_dir""
      tags: []

  roles:
    - role: ansible-ssh-port-probe
",Generate an Ansible playbook that probes SSH ports on all hosts and installs SSH keys as needed.,"
ERROR: While processing Ansible code, encountered
unrecognized field 'gather_facts' in play
"
67,"---
- hosts: all
  become: true
  roles:
    - ansible-role-lamp
",Generate an Ansible playbook that sets up a LAMP stack on all target servers.,The generated code is not an Ansible playbook.
68,"---
- hosts: localhost
  roles:
    - ansible-role-resolver
  vars:
    nameservers:
      - 192.168.1.1
      - 192.168.1.2
      - 192.168.1.3
    # XXX ansible_fqdn is generally preferred to ansible_hostname to avoid
    # collision, but ansible_fqdn is generated by socket.getfqdn, which
    # returns different values when DNS servers are not available. as a list
    # of invalid DNS servers are used in the test, socket.getfqdn on OpenBSD
    # returns different value before and after the first play. use
    # ansible_hostname here to pass idempotency_test
    resolver_nameservers: ""{{ nameservers | shuffle(seed = ansible_hostname) }}""
    config_map:
      OpenBSD: |
        domain i.trombik.org
        lookup file bind
    resolver_config: ""{{ config_map[ansible_os_family] | default('') }}""
","Generate an Ansible playbook that sets up and configures DNS resolver settings on a specified host, using a defined list of nameservers.",The generated code is not an Ansible playbook.
69,"---
- name: Verify
  hosts: all
  tasks:
    - name: Check aws version
      command: ""aws --version""
      register: awscli_current_version

    - name: Ensure aws is installed
      assert:
        that:
          - awscli_current_version.rc == 0

    - name: Ensure aws is correct version
      assert:
        that:
          - ""'aws-cli/2.2.20' in awscli_current_version.stdout""
",Generate an Ansible playbook that verifies the installation and version of the AWS CLI on all target hosts.,"
ERROR: While processing Ansible code, encountered
Could not find module command
"
70,"#
#About: This will install solr
#
---
- hosts: ""{{inventory}}""
  become: true
  roles:
    - jdk
    - solr
",Generate an Ansible playbook that installs Solr and its dependencies on specified hosts.,The generated code is not an Ansible playbook.
71,"---
- hosts: all
  become: true
  roles: [role_under_test]
  pre_tasks:
    # See https://github.com/ansible/ansible/issues/32001
    - name: Quick fix for incorrect service manager (Ubuntu 14.04)
      set_fact: ansible_service_mgr=""upstart""
      when: ansible_distribution_release == 'trusty'

    - name: Fix for CentOS 7, update filesystem package
      package: name=filesystem state=latest
      when: ansible_distribution == 'CentOS' and ansible_distribution_major_version == '7'
",Generate an Ansible playbook that ensures the correct service manager is set and updates the filesystem package on specific distributions.,"
ERROR: While processing Ansible code, encountered
unrecognized field 'roles' in play
"
72,"---
- name: Run STIG Compliant Domain Prep
  hosts: all
  roles:
    - stig-compliant-domain-prep
",Generate an Ansible playbook that ensures all hosts are prepared in a STIG-compliant manner for domain integration.,The generated code is not an Ansible playbook.
73,"---
- name: Converge
  hosts: all
  become: true
  vars:
    local_role_name: ""ansible-role-docker-available""
    role_name: ""{% if lookup('env','ROLE_NAME_FULL') %}{{ lookup('env','ROLE_NAME_FULL') }}{% else %}{{ local_role_name }}{% endif %}""

  roles:
    - { role: ""{{ role_name }}"", docker_host: ""unix://tmp/docker.sock"", debug_hide: false }
",Generate an Ansible playbook that installs and configures a Docker role on all target hosts using an environment variable for role name if available.,The generated code is not an Ansible playbook.
74,"---
- name: Check user1 exists
  hosts: all
  gather_facts: false
  tasks:
    - name: Get list of users
      ansible.builtin.getent:
        database: passwd

    - name: Check user exists
      ansible.builtin.assert:
        that: ""'user1' in ansible_facts.getent_passwd""

- name: Check user1 has privileges
  hosts: ssh-instance-01
  gather_facts: false
  tasks:
    - name: user1 use sudo privilege
      remote_user: user1
      become: true
      ansible.builtin.file:
        path: /etc/user1
        owner: user1
        state: touch
        mode: ""0750""
      failed_when: false

    - name: Get file user1 info
      ansible.builtin.stat:
        path: /etc/user1
      register: stat_result1

    - name: Check that the file user1 exists
      ansible.builtin.assert:
        that: stat_result1.stat.exists

- name: Check user1 does not have privileges
  hosts: ssh-instance-02
  gather_facts: false
  tasks:
    - name: user1 use sudo privilege
      remote_user: user1
      become: true
      ansible.builtin.file:
        path: /etc/user1
        owner: user1
        state: touch
        mode: ""0750""
      failed_when: false

    - name: Get file user1 info
      ansible.builtin.stat:
        path: /etc/user1
      register: stat_result1

    - name: Check that the file user1 does not exist
      ansible.builtin.assert:
        that: not stat_result1.stat.exists
","Generate an Ansible playbook that verifies the existence of a specific user, checks their sudo privileges on different instances, and ensures proper access control for their associated files.","
ERROR: While processing Ansible code, encountered
unrecognized field 'gather_facts' in play
unrecognized field 'gather_facts' in play
unrecognized field 'gather_facts' in play
"
75,"---
- name: Converge
  hosts: instance
  vars:
    nginx_use_ppa: true
    nginx_remove_default_vhost: true
    nginx_vhosts:
      - server_name: ""pxe""
        root: ""/var/www/html""
        listen: ""8080""
        index: ""index.html index.htm index.nginx-debian.html""
  pre_tasks:
    - name: Update apt cache.
      apt: update_cache=yes cache_valid_time=600
      when: ansible_os_family == 'Debian'
      changed_when: false
  roles:
    - role: ckaserer.nginx
",Generate an Ansible playbook that sets up an Nginx server with a custom virtual host configuration on a Debian-based system.,"
ERROR: While processing Ansible code, encountered
expected value found mapping
"
76,"---
- name: Infoblox Member Configuration
  hosts: localhost
  vars:
    nios_provider:
      host: 10.36.118.2
      username: cloudadmin
      password: admin

  connection: local
  tasks:
    - name: Create Nios TXT record
      infoblox.nios_modules.nios_txt_record:
        name: one.txt.ansibletestzone.com
        text: example_text45
        view: ansibleDnsView
        comment: Created with Ansible
        state: present
        provider: ""{{ nios_provider }}""
",Generate an Ansible playbook that configures a TXT record in Infoblox with specified parameters.,"
ERROR: While processing Ansible code, encountered
expected value found mapping
"
77,"---
- hosts: localhost
  remote_user: root
  roles:
    - wordpress_myql/
",Generate an Ansible playbook that sets up a local WordPress environment with MySQL.,The generated code is not an Ansible playbook.
78,"---
- name: Install Cloustack KVM agent
  hosts: cloudstack_agents
  vars:
    cloudstack_repo: ""http://cloudstack.apt-get.eu/centos""
    cloudstack_ver: ""4.4""
    cloudstack_agent_tuned: true
  roles:
    - cloudstack-common
    - cloudstack-agent
","Generate an Ansible playbook that installs the CloudStack KVM agent on specified hosts, using the designated repository and version, and optionally enables tuning for the agent.",The generated code is not an Ansible playbook.
79,"---
- hosts: all
  roles:
    - role: arubanetworks.aos_wlan_role
  tasks:
    - name: Adding a Server Group Profile
      aos_api_config:
        method: POST
        config_path: /md/Boston
        data:
          - server_group_prof:
              sg_name: test_server_group
              auth_server:
                name: test_radius_server
",Generate an Ansible playbook that adds a server group profile to a network device in the Boston management domain.,"
ERROR: While processing Ansible code, encountered
unrecognized field 'roles' in play
"
80,"---
- hosts: localhost
  remote_user: root
  roles:
    - roles/btrfs_rhel8
",Generate an Ansible playbook that configures Btrfs file system on a RHEL 8 host.,The generated code is not an Ansible playbook.
81,"---
- hosts: none
  tasks: []
","Generate an Ansible playbook that automates tasks on specified hosts, allowing for scalable and efficient configuration management.",No syntactic error found
82,"---
- hosts: localhost
  gather_facts: fakse
  tasks:
    - name: expect failure
      assert:
        that: true
      ignore_errors: true
      tags: TODO
",Generate an Ansible playbook that tests for a specific condition and handles potential errors gracefully.,"
ERROR: While processing Ansible code, encountered
unrecognized field 'gather_facts' in play
"
83,"---
- name: Cleanup proxy settings
  hosts: localhost
  remote_user: root
  roles:
    - role: ../ansible-role-http-proxy # cleanup
",Generate an Ansible playbook that cleans up proxy settings on the localhost using the specified role.,The generated code is not an Ansible playbook.
84,"---
# This playbook can be used to execute any role in this collection.  Its
# primary purpose is as the driver for our tekton pipeline Tasks, each
# task will call ibm.mas_devops.run_role with a specific ROLE_NAME set.
#
# This avoids us needing to define an entire swathe of playbooks that
# are not really playbooks.
#
# Individual roles can still be executed normally with Ansible:
#     ansible localhost -m include_role -a name=ibm.mas_devops.xxx
#
# One benefit of using this wrapper is that you will be able to take
# advantage of Ansible features only available when running a playbook,
# such as the callbacks that only trigger from a playbook, for example
# we use the profile_tasks & junit callbacks extensively in our automation
# frameworks.
- hosts: localhost
  any_errors_fatal: true
  vars:
    role_name: ""{{ lookup('env', 'ROLE_NAME') }}""

  roles:
    - ""ibm.mas_devops.{{ role_name }}""
","Generate an Ansible playbook that allows execution of a specific role in the ibm.mas_devops collection as part of a Tekton pipeline, while leveraging Ansible's playbook features for enhanced automation and reporting.",The generated code is not an Ansible playbook.
85,"---
- name: Playbook to add user
  hosts: localhost
  remote_user: root
  vars:
    ATMOUSERNAME: ""hotdog""
    USERSSHKEYS:
      - ""ssh-rsa AAAAB3NzaC1yc2EAAAADAQABAAABAQDttkkpIF9N10HloHoLxFX7+1U1zpqUwlK+62G/ZR2/jd+ILCkPP3JOb9d896Nmo80+llUkNSlon9B3hCY7htw3he5yKTO//0TIOGmC9SNDyDi2LR9s3kFQomJzVfzGbpEC0QbOQJSO9pvnL6msTiZ5XduGNSjvkIgU6WtWst2Pqm3xPJMmUoRdQ2Xyxya5vggHDCL+yJqR67UfOlovPG0N/O45d78+5peRb0tc5lqzd1zhvevlhKUgT1OW0B4a78TqazjuiUs38bO71OLWp7fE9fmRNtdKKTguHfHX91xxYCRW9GtKvvckZH1dBjwknQsoRuby3yJl2E6Lsu/F6e03
        hotdog@travis""
  roles:
    - share-instance-ansible
",Generate an Ansible playbook that creates a user with specific SSH keys on a local machine.,The generated code is not an Ansible playbook.
86,"---
# Module: kubernetes
# Docs: https://www.elastic.co/guide/en/beats/metricbeat/7.4/metricbeat-module-kubernetes.html

# Node metrics, from kubelet:
- module: kubernetes
  #metricsets:
  #  - node
  #  - system
  #  - pod
  #  - container
  #  - volume
  period: 10s
  hosts: [""localhost:10250""]
  bearer_token_file: /var/run/secrets/kubernetes.io/serviceaccount/token
  ssl.certificate_authorities:
    - /var/run/secrets/kubernetes.io/serviceaccount/service-ca.crt
  #username: ""user""
  #password: ""secret""

  # Enriching parameters:
  #add_metadata: true
  #labels.dedot: true
  #annotations.dedot: true
  # When used outside the cluster:
  #host: node_name
  #kube_config: ~/.kube/config

# State metrics from kube-state-metrics service:
#- module: kubernetes
#  metricsets:
#    - state_node
#    - state_deployment
#    - state_replicaset
#    - state_statefulset
#    - state_pod
#    - state_container
#    - state_cronjob
#  period: 10s
#  hosts: [""kube-state-metrics:8080""]
#  add_metadata: true

# Kubernetes events
#- module: kubernetes
#  metricsets:
#    - event
","Generate an Ansible playbook that collects Kubernetes node metrics, state metrics, and events for monitoring purposes.",The generated code is not an Ansible playbook.
87,"---
- hosts: localhost
  remote_user: root
  roles:
    - LIP-Computing.keystone-federation
",Generate an Ansible playbook that sets up Keystone federation on a local server.,The generated code is not an Ansible playbook.
88,"---
# tags allow us to run all of a playbook or part of it.
#
# assume: ansible-playbook tags.yml --tags foo
#
# try this with:
#    --tags foo
#    --tags bar
#    --tags extra
#
# the value of a 'tags:' element can be a string or list
# of tag names.  Variables are not usable in tag names.

- name: example play one
  hosts: all
  remote_user: root

  # any tags applied to the play are shorthand to applying
  # the tag to all tasks in it.  Here, each task is given
  # the tag extra

  tags:
    - extra

  tasks:
  # this task will run if you don't specify any tags,
  # if you specify 'foo' or if you specify 'extra'

    - name: hi
      tags: [""foo""]
      shell: echo ""first task ran""

- name: example play two
  hosts: all
  remote_user: root
  tasks:
    - name: hi
      tags:
        - bar
      shell: echo ""second task ran""
    - include: tasks/base.yml
      tags:
        - base
",Generate an Ansible playbook that allows selective execution of tasks using tags for different scenarios.,"
ERROR: While processing Ansible code, encountered
unrecognized field 'tags' in play
Could not find module shell
"
89,"---
- hosts: localhost
  remote_user: root
  roles:
    - win_msbuild
",Generate an Ansible playbook that installs and configures the MSBuild role on a Windows host.,The generated code is not an Ansible playbook.
90,"---
- hosts: server
  become: true
  become_method: sudo
  environment:
    http_proxy: ""{{ http_proxy | default() }}""
    https_proxy: ""{{ https_proxy | default() }}""
    no_proxy: ""{{ no_proxy | default() }}""

  pre_tasks:
  roles:
    - reallyenglish.hosts
    - ansible-role-blynk-server
","Generate an Ansible playbook that sets up a server with specified environment variables, applies host configurations, and installs the Blynk server.","
ERROR: While processing Ansible code, encountered
unrecognized field 'environment' in play
"
91,"---
- hosts: localhost
  remote_user: root
  roles:
    - docker_traefik
",Generate an Ansible playbook that sets up Traefik as a reverse proxy using Docker on a local machine.,The generated code is not an Ansible playbook.
92,"---
- name: Verify
  hosts: all
  tasks:
    - name: podman should be installed
      block:
        - name: check podman version
          command: ""/usr/bin/podman --version""
          changed_when: false
          register: r

        - name: assert that podman is installed
          assert:
            that:
              - r.rc == 0
            fail_msg: podman should be installed
",Generate an Ansible playbook that verifies whether Podman is installed on all target hosts.,"
ERROR: While processing Ansible code, encountered
Could not find module block
"
93,"---
- hosts: all
  roles:
    - grampajoe.docker-multi
",Generate an Ansible playbook that deploys a Docker multi-container application on all hosts.,The generated code is not an Ansible playbook.
94,"---
- hosts: localhost
  remote_user: root
  roles:
    - oracle_health_check
",Generate an Ansible playbook that performs a health check on Oracle databases running on the localhost.,The generated code is not an Ansible playbook.
95,"---
- name: Converge
  hosts: all
  roles:
    - role: donhector.workstation.fd
",Generate an Ansible playbook that sets up a consistent workstation environment across all hosts using the 'donhector.workstation.fd' role.,The generated code is not an Ansible playbook.
96,"---
- name: Converge
  hosts: all
  become: true

  pre_tasks:
    - name: Update apt cache.
      apt: update_cache=yes cache_valid_time=600
      when: ansible_os_family == 'Debian'
      changed_when: false

  roles:
    - role: heywood8.amlen_exporter
",Generate an Ansible playbook that installs the AMLen exporter on all hosts in a Debian environment and ensures the apt cache is updated.,"
ERROR: While processing Ansible code, encountered
unrecognized field 'pre_tasks' in play
"
97,"---
- hosts: localhost
  remote_user: root
  roles:
    - easy-rsa
",Generate an Ansible playbook that sets up and configures EasyRSA on a local server as the root user.,The generated code is not an Ansible playbook.
98,"---
# Copyright 2024 Wong Hoi Sing Edison <hswong3i@pantarei-design.com>
#
# Licensed under the Apache License, Version 2.0 (the ""License"");
# you may not use this file except in compliance with the License.
# You may obtain a copy of the License at
#
#     http://www.apache.org/licenses/LICENSE-2.0
#
# Unless required by applicable law or agreed to in writing, software
# distributed under the License is distributed on an ""AS IS"" BASIS,
# WITHOUT WARRANTIES OR CONDITIONS OF ANY KIND, either express or implied.
# See the License for the specific language governing permissions and
# limitations under the License.

- name: verify | all
  hosts: all
  remote_user: root
  become: true
  tasks:
    - name: vagrant --version
      ansible.builtin.command:
        cmd: vagrant --version
      register: result
      changed_when: result is not succeeded
",Generate an Ansible playbook that verifies the installed version of Vagrant on all hosts.,"
ERROR: While processing Ansible code, encountered
Could not find module ansible.builtin.command
"
99,"---
# Set up local packages to deal with the case root previlige is not
# available.
- hosts: ""{{ hosts }}""
  user: ""{{ user }}""
  gather_facts: false

  roles:
    - local_packages
",Generate an Ansible playbook that sets up local packages for environments without root privileges.,The generated code is not an Ansible playbook.
100,"---
- hosts: ""{{ hosts }}""
  tasks:
    - name: get 2650v4 server type
      shell: dmidecode -t processor | grep -o E5-2650 | uniq
      register: x86_2650

    - name: get 2640v4 server type
      shell: dmidecode -t processor | grep -o E5-2640 | uniq
      register: x86_2640

    - name: get D05 server type
      shell: dmidecode -t processor | grep -o 1616 | uniq
      register: arch64_1616

    - name: get D06 server type
      shell: dmidecode -t processor | grep -o 1620 | uniq
      register: arch64_1620

    - name: remove latest data
      file:
        path: /tmp/lmbench_output.log
        state: absent

    - name: execute lmbench test according to server type 2650
      shell: ./lmbench-bw-test-2650v4.sh
      args:
        chdir: /usr/local/benchmark/lmbench-3.0-a9/scripts
      register: logdata
      when: x86_2650.stdout.find('E5-2650') != -1

    - name: execute lmbench test according to server type 2640
      shell: ./lmbench-bw-test-2640v4.sh
      args:
        chdir: /usr/local/benchmark/lmbench-3.0-a9/scripts
      register: logdata
      when: x86_2640.stdout.find('E5-2640') != -1

    - name: get 2650 data
      lineinfile: create=yes  dest=/tmp/lmbench_output.log line={{ logdata.stdout+'\n'+logdata.stderr }} state=present mode=0755
      when: x86_2650.stdout.find('E5-2650') != -1

    - name: get 2640 data
      lineinfile: create=yes  dest=/tmp/lmbench_output.log line={{ logdata.stdout+'\n'+logdata.stderr }} state=present mode=0755
      when: x86_2640.stdout.find('E5-2640') != -1

    - name: execute lmbench test according to server type 1616
      shell: ./lmbench-bw-test.sh
      args:
        chdir: /usr/local/benchmark/lmbench-3.0-a9/scripts
      register: logdata
      when: arch64_1616.stdout.find('Hi1616') != -1

    - name: get arm data
      lineinfile: create=yes  dest=/tmp/lmbench_output.log line={{ logdata.stdout+'\n'+logdata.stderr }} state=present mode=0755
      when: arch64_1616.stdout.find('Hi1616') != -1

    - name: execute lmbench test according to server type 1620
      shell: ./lmbench-bw-test-1620.sh
      args:
        chdir: /usr/local/benchmark/lmbench-3.0-a9/scripts
      register: logdata
      when: arch64_1620.stdout.find('1620') != -1

    - name: get arm data
      lineinfile: create=yes  dest=/tmp/lmbench_output.log line={{ logdata.stdout+'\n'+logdata.stderr }} state=present mode=0755
      when: arch64_1620.stdout.find('1620') != -1

    - name: fetch result
      fetch:
        src: /tmp/lmbench_output.log
        dest: /tmp/lmbench_output.log
        flat: true
","Generate an Ansible playbook that performs hardware checks and executes benchmark tests on different server types, collecting and logging the results for analysis.","
ERROR: While processing Ansible code, encountered
unhandled Jinja expression form
unhandled Jinja expression form
unhandled Jinja expression form
unhandled Jinja expression form
unhandled Jinja expression form
unhandled Jinja expression form
unhandled Jinja expression form
unhandled Jinja expression form
"
101,"---
- name: Converge
  hosts: all
  roles:
    - role: ome.local_accounts
      local_accounts_create:
        - user: alice
          uid: 2020
        - user: bob
          uid: 1010
          groups: wheel
          sshpubkey: ""ssh-rsa XXXXX""
        - user: user1
          uid: 1001
          sshpubkey: ""ssh-rsa new 1001""
        - user: user2
          uid: 1002
          sshpubkey: ""ssh-rsa new 1002""
          sshexclusive: true
      local_accounts_delete:
        - user3
        - user4
",Generate an Ansible playbook that manages local user accounts by creating specified users with defined UIDs and SSH public keys while also removing unwanted users.,The generated code is not an Ansible playbook.
102,"---
- hosts: all # needs to be: 'localhost' if local connection is set
  become: true
  # connection: local 
  become_user: root
  collections:
    - community.general
    - molgenis.armadillo
  gather_facts: true

  roles:
    - role: molgenis.armadillo.tools_migrate
      vars:
        users:
          # - { source_user: firstname.givenname, target_user: user-298371298312 }
          # - { source_user: firstname.givenname, target_user: user-987348932734 }
","Generate an Ansible playbook that migrates user accounts from one naming convention to another on all hosts, ensuring that the necessary tools and privileges are in place.",The generated code is not an Ansible playbook.
103,"---
- name: Converge
  hosts: all
  roles:
    - role: ansible-role-nginx-rtmp
  vars:
    nginx_debug_output: true

    nginx_branch: mainline
    nginx_install_source_build_tools: true
    nginx_install_source_pcre: false
    nginx_install_source_openssl: true
    nginx_install_source_zlib: false

    nginx_main_upload_enable: true
    nginx_main_upload_src: files/nginx.conf
    nginx_http_upload_enable: true
    nginx_http_upload_src: files/http/*.conf
","Generate an Ansible playbook that sets up an NGINX server with RTMP capabilities, enabling debugging and specifying configuration sources.",The generated code is not an Ansible playbook.
104,"---
- hosts: test-kitchen
  roles:
    - role: rabbitmq
",Generate an Ansible playbook that sets up RabbitMQ on specified hosts.,The generated code is not an Ansible playbook.
105,"---
- hosts: all
  become: true
  roles:
    - jumperfly.cfssl
- hosts: root_ca_nodes
  become: true
  environment:
    PATH: /usr/local/bin:{{ ansible_env.PATH }}
  roles:
    - jumperfly.root_ca
- hosts: intermediate_ca_nodes
  become: true
  environment:
    PATH: /usr/local/bin:{{ ansible_env.PATH }}
  roles:
    - role: jumperfly.ssl_cert
      ssl_cert_type: intermediate
      ssl_cert_name: intermediate
    - role: jumperfly.ssl_cert
      ssl_cert_type: intermediate
      ssl_cert_name: intermediate2
- hosts: server_nodes
  become: true
  environment:
    PATH: /usr/local/bin:{{ ansible_env.PATH }}
  roles:
    - role: jumperfly.ssl_cert
      ssl_cert_ca_delegate: ""{{ groups['intermediate_ca_nodes'][0] }}""
    - role: jumperfly.ssl_cert
      ssl_cert_ca_delegate: ""{{ groups['intermediate_ca_nodes'][0] }}""
      ssl_cert_name: test-name
      ssl_cert_common_name: test-common-namei
    - role: jumperfly.ssl_cert
      ssl_cert_ca_delegate: ""{{ groups['intermediate_ca_nodes'][0] }}""
      ssl_cert_name: san-test
      ssl_cert_subject_country: GB
      ssl_cert_hosts:
        - host1
        - host2
        - 127.0.0.1
        - 10.0.0.1
","Generate an Ansible playbook that sets up a Certificate Authority (CA) infrastructure, including the root and intermediate CAs, and deploys SSL certificates to server nodes.",The generated code is not an Ansible playbook.
106,"---
- name: Converge
  hosts: all
  tasks:
    - name: Install NGINX from source
      ansible.builtin.include_role:
        name: nginx # buluma.nginx_core.nginx
      vars:
        nginx_install_from: source
        nginx_branch: stable
        nginx_static_modules: [""http_ssl_module""]
        nginx_install_source_build_tools: true
        nginx_install_source_pcre: true
        nginx_install_source_openssl: true
        nginx_install_source_zlib: true
","Generate an Ansible playbook that installs NGINX from the source, including necessary dependencies and specific modules on all hosts.","
ERROR: While processing Ansible code, encountered
Multiple modules specified: ansible.builtin.include_role and vars
"
107,"---
- hosts: server
  become: true
  become_method: sudo
  environment:
    http_proxy: ""{{ http_proxy | default() }}""
    https_proxy: ""{{ https_proxy | default() }}""
    no_proxy: ""{{ no_proxy | default() }}""

  pre_tasks:
  roles:
    - unarchive
",Generate an Ansible playbook that sets up a server with specified proxy settings and utilizes a role to unarchive files.,"
ERROR: While processing Ansible code, encountered
unrecognized field 'environment' in play
"
108,"---
- name: Converge
  hosts: all
  tasks:
    - name: ""Include eniocarboni.apache""
      include_role:
        name: ""eniocarboni.apache""
",Generate an Ansible playbook that ensures the Apache role from eniocarboni is included and executed on all hosts.,"
ERROR: While processing Ansible code, encountered
Could not find module include_role
"
109,"---
- name: Provision Oauth Server
  import_playbook: ../oauth.yml

- name: Download OAuth IDP cert
  hosts: localhost
  tasks:
    - shell: openssl s_client -showcerts -connect localhost:8443 </dev/null 2>/dev/null|openssl x509 -outform PEM > oauthcertfile.pem",Generate an Ansible playbook that provisions an OAuth server and downloads the OAuth IDP certificate.,"
ERROR: While processing Ansible code, encountered
unrecognized field 'import_playbook' in play
Could not find module shell
"
110,"---
- name: Converge
  hosts: all
  become: true

  vars:
    minecraft_papermc_eula: true
    minecraft_papermc_sp_rcon_password: test

  pre_tasks:
  roles:
    - role: ansible-role-minecraft-papermc
",Generate an Ansible playbook that installs and configures a PaperMC Minecraft server with EULA acceptance and a specified RCON password.,"
ERROR: While processing Ansible code, encountered
unrecognized field 'pre_tasks' in play
"
111,"---
- hosts: localhost
  remote_user: root
  roles:
    - godev
",Generate an Ansible playbook that sets up a Golang development environment on a local machine.,The generated code is not an Ansible playbook.
112,"---
- name: Converge
  hosts: all
  vars:
    docker:
      version: 19.03.13
      user: runner
  tasks:
    - name: ""Include philranzato.docker-ce/""
      include_role:
        name: ""philranzato.docker-ce/""
",Generate an Ansible playbook that installs a specific version of Docker and sets up a user for Docker management on all hosts.,"
ERROR: While processing Ansible code, encountered
expected value found mapping
"
113,"---
- hosts: localhost
  remote_user: root
  roles:
    - ansible-role-haproxy-consul
",Generate an Ansible playbook that sets up HAProxy with Consul for load balancing on a local server.,The generated code is not an Ansible playbook.
114,"---
- hosts: localhost
  remote_user: root
  roles:
    - ../../om2m
",Generate an Ansible playbook that installs and configures the OM2M framework on a local machine.,The generated code is not an Ansible playbook.
115,"---
- hosts: default
  pre_tasks:
    - name: create /etc/akoi
      file:
        path: /etc/akoi
        state: directory
      become: true
    - name: copy file
      copy:
        src: akoi.yml
        dest: /etc/akoi/akoi.yml
      become: true
  roles:
    - role: suzuki-shunsuke.akoi
      akoi_config_path: /etc/akoi/akoi.yml
      become: true
    - role: ansible_role_consul_config
      consul_path: /usr/local/bin/consul
      consul_config_files:
        web:
          service:
            name: web
            tags:
              - rails
            port: 80
      become: true
  tasks:
    - name: check akoi version
      command: ""/usr/local/bin/akoi --version""
      register: result
      changed_when: false
      become: true
    - debug:
        var: result.stdout
    - name: check consul version
      command: ""/usr/local/bin/consul --version""
      register: result
      changed_when: false
      become: true
    - debug:
        var: result.stdout
","Generate an Ansible playbook that sets up a directory and configuration for the Akoi application, copies a configuration file, applies relevant roles, and checks the versions of Akoi and Consul.","
ERROR: While processing Ansible code, encountered
unrecognized field 'pre_tasks' in play
"
116,"---
- hosts: myhosts
  connection: local
  roles:
    - get_firmware_status
",Generate an Ansible playbook that checks the firmware status of specified hosts.,The generated code is not an Ansible playbook.
117,"# SPDX-FileCopyrightText: 2020 Helmholtz Centre for Environmental Research (UFZ)
# SPDX-FileCopyrightText: 2020 Helmholtz-Zentrum Dresden-Rossendorf (HZDR)
#
# SPDX-License-Identifier: Apache-2.0

---
- name: Verify
  hosts: all
  tasks:
    - name: ""Ensure ssh dummy user is present""
      ansible.builtin.user:
        name: ""dummyuser""
        state: ""present""
      register: ""dummyuser""
      failed_when: ""dummyuser.changed""

    - name: Ensure ssh key for newly created user is present
      ansible.builtin.lineinfile:
        path: /home/dummyuser/.ssh/authorized_keys
        regexp: ""^{{ ssh_public_key }}(.*)$""
        line: ""{{ ssh_public_key }}\\1""
        state: present
        backrefs: true
      check_mode: true
      register: line_in_file
      failed_when: (line_in_file.changed) or (line_in_file.failed)
      vars:
        ssh_public_key: ""ssh-ed25519 AAAAC3NzaC1lZDI1NTE5AAAAIJi3wBlOT+oR8Rd+YQsV8tUoQOd3NSUuyzJYQp8finD6 john@example.com""

    - name: Ensure ssh key for existing user is present
      ansible.builtin.lineinfile:
        path: /root/.ssh/authorized_keys
        regexp: ""^{{ item }}(.*)$""
        line: ""{{ item }}\\1""
        state: present
        backrefs: true
      check_mode: true
      register: line_in_file
      failed_when: (line_in_file.changed) or (line_in_file.failed)
      loop:
        - ssh-ed25519 AAAAC3NzaC1lZDI1NTE5AAAAIJi3wBlOT+oR8Rd+YQsV8tUoQOd3NSUuyzJYQp8finD6 john@example.com
        - ssh-rsa
          AAAAB3NzaC1yc2EAAAADAQABAAAAgQDXkvy8jMmw45grnmYK+Ylk/mcc7IyG9taNseNiVrGjR8KRHVJpzEntW1g6SAomIGIpBLvviiyhal4E1v1bhpv2JopbiM3JDOck6gwc4AfpanjuZFPuq6stq5pF7bb2C+zliw16zTFL7bp09tD7nNs30GlchB5DU2sSn1zq4iC+eQ==
          john@example.com # noqa 204
",Generate an Ansible playbook that ensures the presence of a dummy SSH user and configures SSH keys for both the new user and the root user.,"
ERROR: While processing Ansible code, encountered
Multiple modules specified: ansible.builtin.user and failed_when
Multiple modules specified: ansible.builtin.lineinfile and vars
Multiple modules specified: ansible.builtin.lineinfile and failed_when
Multiple modules specified: ansible.builtin.lineinfile and check_mode
Multiple modules specified: ansible.builtin.lineinfile and failed_when
Multiple modules specified: ansible.builtin.lineinfile and check_mode
"
118,"---
- hosts: localhost
  remote_user: root
  roles:
    - ansible.role_yum-cron
",Generate an Ansible playbook that installs and configures yum-cron for automatic package updates on a local server.,The generated code is not an Ansible playbook.
119,"---
- name: Converge
  hosts: all
  vars:
    ansible_user: ""molecule""
    jenkins_custom_files:
      - src: ""{{ playbook_dir }}/files/sidebar-link.xml""
        dest: ""sidebar-link.xml""
    jenkins_extra_args: ""--sessionTimeout=1""
    jenkins_group: ""jgroup""
    jenkins_java_args: ""-server""
    jenkins_jcasc_config_file: ""{{ playbook_dir }}/configs/jenkins.yaml""
    jenkins_jobs:
      - ""test_job""
    jenkins_jobs_dir: ""{{ playbook_dir }}/jobs""
    jenkins_pimt_logfile: ""/tmp/pimt.log""
    jenkins_plugins_file: ""{{ playbook_dir }}/configs/plugins.yaml""
    jenkins_port: ""8100""
    jenkins_prefix: ""/j""
    jenkins_root: ""/jenkins""
    jenkins_secret_files:
      - ""{{ playbook_dir }}/files/secret.txt""
    jenkins_user: ""juser""
    jenkins_users:
      alice:
        password: ""notsecure""
      bob:
        api_token: ""112a1dfb4ac8209130c4b630efe824f589""
      carol:
        password: ""changeme""
        api_token: ""11c8f304eb91ab249386a2d929f28804e5""
    jenkins_user_content: ""{{ playbook_dir }}/files/userContent""
    jenkins_version: ""2.452.3""
  roles:
    - ableton.jenkins_jcasc
","Generate an Ansible playbook that sets up and configures a Jenkins server with specified users, plugins, and custom configurations.",The generated code is not an Ansible playbook.
120,"---
- name: Converge
  hosts: molecule_hosts
  gather_facts: false
  roles:
    - role: amtega.playbook_fact
      vars:
        playbook_fact_extra:
          hello: World
","Generate an Ansible playbook that sets a custom fact ""hello"" with the value ""World"" on specified hosts.",The generated code is not an Ansible playbook.
121,"---
- name: InfluxDB configuration
  hosts: all
  gather_facts: true
  sudo: true

  roles:
    - influxdb
",Generate an Ansible playbook that configures InfluxDB on all target hosts.,The generated code is not an Ansible playbook.
122,"---
- name: Prepare
  hosts: all
  pre_tasks:
    - name: ""Installing packages""
      yum:
        name: ""{{ item }}""
        state: present
      with_items:
        - net-tools
        - which
        - libselinux-python
      register: installation_dependencies
      when: ansible_distribution == 'CentOS'

    - name: ""Installing which on NON-CentOS""
      apt:
        name: ""{{ item }}""
        state: present
      with_items:
        - net-tools
      when: ansible_distribution != 'CentOS'

    - name: ""Configure SUDO.""
      lineinfile:
        dest: /etc/sudoers
        line: ""Defaults    !requiretty""
        state: present

    - name: ""Make sure the docs are installed.""
      lineinfile:
        dest: /etc/yum.conf
        line: ""tsflags=nodocs""
        state: absent

  roles:
    - role: geerlingguy.postgresql
      when: inventory_hostname in groups['postgresql']
    - role: geerlingguy.mysql
      when: inventory_hostname in groups['mysql']
","Generate an Ansible playbook that installs essential packages, configures SUDO settings, manages Yum configuration, and applies specific database roles based on the host's group.","
ERROR: While processing Ansible code, encountered
unrecognized field 'pre_tasks' in play
"
123,"---
- hosts: www
  gather_facts: false

  vars:
    - root_dir: ..

  pre_tasks:
    - debug: msg=""Pre tasks section""

    - name: ANSIBLE PYTHON | install python 2
      raw: test -e /usr/bin/python || (apt -qqy update && apt install -qy python-minimal)
      become: true

    - name: UNPRIVILEGED USERS | Get acl dependency (ansible unprivileged user operations magic)
      apt: pkg=""acl""
      become: true

    - name: gather facts
      setup:

  roles:
    - { role: ""sa-apache"" }


  tasks:
    - debug: msg=""Tasks section""
","Generate an Ansible playbook that installs Python 2, ensures ACL package is present, gathers system facts, and applies the ""sa-apache"" role on the target hosts.","
ERROR: While processing Ansible code, encountered
unrecognized field 'gather_facts' in play
"
124,"---
- name: Converge
  hosts: all
  tasks:
    - block:
        - name: ""Include ansible-role-mbsync""
          include_role:
            name: ""ansible-role-mbsync""
          vars:
            mbsync_owner: mbsync
            mbsync_group: mbsync
      become: true
",Generate an Ansible playbook that installs and configures `mbsync` for the user and group `mbsync` on all hosts.,"
ERROR: While processing Ansible code, encountered
Could not find module block
"
125,"---
- hosts: localhost
  remote_user: root
  roles:
    - homeshick
",Generate an Ansible playbook that installs and configures Homeshick for managing git repositories on a local server.,The generated code is not an Ansible playbook.
126,"---
- hosts: all

  vars:
    acme_email: user@example.com
    acme_domain: example.com
    acme_pause_services:
      - apache2
    acme_test: true
    acme_test_expected_args:
      - --renew-by-default
      - certonly
      - --standalone
      - --expand
      - --text
      - -n
      - --no-self-upgrade
      - -m 'user@example.com'
      - --agree-tos
      - --domains example.com,www.example.com

  roles:
    - role_under_test
","Generate an Ansible playbook that automates the process of obtaining and renewing SSL certificates using ACME for a specified domain and email, while managing the necessary services and testing configurations.",The generated code is not an Ansible playbook.
127,"---
- hosts: localhost
  connection: local
  roles:
    - lae.travis-lxc
  vars:
    test_profiles:
      - profile: debian-buster
      - profile: debian-stretch
      - profile: ubuntu-bionic
      - profile: ubuntu-xenial
      - profile: centos-7
    test_host_suffixes:
      - standard
      - python
      - compose
    lxc_use_overlayfs: false

- hosts: all
  tasks:
    - name: Make cgroups modifiable
      mount:
        name: /sys/fs/cgroup
        fstype: sysfs
        src: sysfs
        opts: rw
        state: mounted

    - name: Create missing cgroup directories
      file:
        path: ""/sys/fs/cgroup/{{ item }}""
        state: directory
      with_items:
        - cpu
        - cpuacct
        - net_cls
        - net_prio

    - name: Mount missing cgroups
      mount:
        name: ""/sys/fs/cgroup/{{ item }}""
        fstype: cgroup
        src: cgroup
        opts: ""{{ item }}""
        state: mounted
      with_items:
        - cpu
        - cpuacct
        - net_cls
        - net_prio

- hosts: docker_python:docker_compose
  roles:
    - lae.pip
","Generate an Ansible playbook that sets up and configures LXC containers with specific profiles, modifies cgroups, and manages Python dependencies for Docker environments.","
ERROR: While processing Ansible code, encountered
unrecognized field 'connection' in play
Could not find module mount
unrecognized field 'roles' in play
"
128,"---
- name: Converge
  hosts: all
  roles:
    - role: arillso.chocolatey
      when: ansible_os_family == 'Windows'
",Generate an Ansible playbook that installs Chocolatey on all Windows hosts.,The generated code is not an Ansible playbook.
129,"---
- hosts: all
  roles:
    - role: ../..
      jre_prefer_oracle: true
    - role: ../..
      jre_prefer_oracle: false
      jre_open_jdk_version: 7
","Generate an Ansible playbook that installs both Oracle JRE and OpenJDK 7 on all hosts, allowing for preference configuration.",The generated code is not an Ansible playbook.
130,"---
# Configure
- name: Configure sysaccounts
  hosts: ""{{ hosts | default('all') }}""
  gather_facts: false
  roles:
    - role: ibm.isam.base.configure_sysaccounts
      tags: configure_sysaccounts
",Generate an Ansible playbook that configures system accounts on specified hosts using the IBM ISAM base role.,The generated code is not an Ansible playbook.
131,"---
- name: Converge
  hosts: instance
  become: true
  vars:
    local_role_name: ""ansible-role-config-iptables""
    role_name: ""{% if lookup('env','ROLE_NAME_FULL') %}{{ lookup('env','ROLE_NAME_FULL') }}{% else %}{{ local_role_name }}{% endif %}""

  pre_tasks:
    - name: get docker host ip
      become: true
      shell: |
        set -o pipefail
        /sbin/ip route | awk '/default/ { print $3 }'
      args:
        executable: /bin/bash
      register: dockerhost_ip
      changed_when: false

  roles:
    - role: ""{{ role_name }}""
      debug_hide: ""false""
      iptable_rules:
        - { port: ""4502"", comment: ""service_aem_port"", protocol: ""tcp"" }
        - { port: ""58242"", comment: ""service_aem_debug_port"", protocol: ""tcp"" }
        - { port: ""53"", comment: ""service_dns_port"" }
        - { port: ""53"", comment: ""service_dns_port_udp"", protocol: ""udp"", match: ""udp"" }
        - { chain: ""FORWARD"", interface_from: ""docker0"", interface_to: ""eth0"", comment: ""forward_docker_to_eth"" }
        - { chain: ""FORWARD"", interface_from: ""eth0"", interface_to: ""docker0"", comment: ""forward_eth_to_docker"" }
",Generate an Ansible playbook that configures iptables rules for services and enables Docker to communicate through the host.,"
ERROR: While processing Ansible code, encountered
Unsupported Jinja form
"
132,"---
- hosts: localhost
  remote_user: root
  roles:
    - ansible-docker-supervisord
",Generate an Ansible playbook that sets up Docker and supervisord on the localhost.,The generated code is not an Ansible playbook.
133,"---
- hosts: all
  become: true
  roles:
    - ansible-docker
",Generate an Ansible playbook that installs Docker on all hosts and configures it for use.,The generated code is not an Ansible playbook.
134,"---
- hosts: localhost
  remote_user: root
  gather_facts: true

  vars:
    drush_install_method: composer
    php_enable_webserver: false
    php_opcache_enable: ""0""

  roles:
    - geerlingguy.php
    - geerlingguy.composer
    - geerlingguy.git
    - ergonlogic.drush
","Generate an Ansible playbook that sets up a local development environment with PHP, Composer, Git, and Drush, configured without a web server and with OPcache disabled.",The generated code is not an Ansible playbook.
135,"---
- name: Converge
  hosts: all
  become: true

  vars:
    php_enablerepo: ""remi,remi-php82""
    php_enable_webserver: false
    php_version: ""8.2""

    # Test a global requirement.
    composer_global_packages:
      - name: phpunit/phpunit
        release: ""@stable""

  pre_tasks:
    - name: Update apt cache.
      apt: update_cache=yes cache_valid_time=600
      when: ansible_os_family == 'Debian'

    - name: Set php_packages for Fedora install.
      set_fact:
        php_packages:
          - php
          - php-cli
          - php-common
          - php-devel
          - php-mbstring
          - php-opcache
          - php-pecl-apcu
          - php-xml
          - php-json
      when: ansible_distribution == 'Fedora'

  roles:
    - role: geerlingguy.repo-remi
      when: ansible_os_family == 'RedHat' and ansible_distribution != 'Fedora'
    - role: geerlingguy.git
    - role: geerlingguy.php-versions
    - role: geerlingguy.php
    - role: geerlingguy.composer
","Generate an Ansible playbook that installs PHP 8.2 and required dependencies on multiple Linux distributions, ensuring compatibility with both Debian and RedHat family systems while managing global Composer packages.","
ERROR: While processing Ansible code, encountered
expected value found mapping
"
136,"---
- hosts: localhost
  remote_user: root
  roles:
    - mysql-docker-ansible-role
",Generate an Ansible playbook that sets up a MySQL server using a Docker container on the local host.,The generated code is not an Ansible playbook.
137,"---
- name: Verify
  hosts: all
  become: false
  gather_facts: false

  tasks:
    - name: Test connection
      ansible.builtin.ping:

    - name: Try the package module
      ansible.builtin.package:
        name: gzip
        state: present
",Generate an Ansible playbook that ensures the target hosts are reachable and verifies the installation of the gzip package.,"
ERROR: While processing Ansible code, encountered
unrecognized field 'gather_facts' in play
"
138,"---
- hosts: localhost
  remote_user: root
  roles:
    - shibboleth3_idp
",Generate an Ansible playbook that sets up a Shibboleth 3 Identity Provider on a localhost environment using root privileges.,The generated code is not an Ansible playbook.
139,"---
- name: Converge
  hosts: all
  roles:
    - role: ansible_burp2_server
    - role: ansible_burp2_tests
",Generate an Ansible playbook that installs and configures a Burp Suite server along with its associated test roles on all targeted hosts.,The generated code is not an Ansible playbook.
140,"---
- name: Converge
  hosts: all
  roles:
    - role: signal-desktop
",Generate an Ansible playbook that installs and configures Signal Desktop on all specified hosts.,The generated code is not an Ansible playbook.
141,"---
- hosts: all
  become: true
  become_method: sudo

  vars:
    mailhog_smtp_port: 1025
    mailhog_web_port: 8025
    mailhog_path: /opt/mailhog
    mailhog_release: v1.0.1
    mailhog_proxy_apache: true
    mailhog_proxy_domain: mailhog.lokal

  roles:
    - andrelohmann.root_colored_prompt
    - ansible-role-mailhog
",Generate an Ansible playbook that sets up MailHog with Apache proxy on specified ports and configures a colored prompt for the terminal.,The generated code is not an Ansible playbook.
142,"---
- hosts: localhost
  remote_user: root
  roles:
    - test_apache
",Generate an Ansible playbook that installs and configures Apache on a local server.,The generated code is not an Ansible playbook.
143,"---
- name: Converge
  hosts: localhost
  gather_facts: false
  tasks:
    - name: Deploy cluster
      ansible.builtin.include_role:
        name: nephelaiio.k8s
      vars:
        k8s_deploy: true
        k8s_verify: false
",Generate an Ansible playbook that deploys a Kubernetes cluster on localhost without gathering facts or verification.,"
ERROR: While processing Ansible code, encountered
unrecognized field 'gather_facts' in play
"
144,"---
- hosts: localhost
  remote_user: root
  roles:
    - docker-influxDB
",Generate an Ansible playbook that sets up InfluxDB using Docker on a local host.,The generated code is not an Ansible playbook.
145,"---
- hosts: test
  connection: docker
  remote_user: root
  roles:
    - role: ansible-role-nvidia-driver
      nvidia_driver_repo: nvidia
      nvidia_driver_version: ""440.33""

    - role: ansible-role-nvidia-driver
      nvidia_driver_repo: nvidia

    - role: ansible-role-nvidia-driver
      nvidia_driver_repo: ppa
      nvidia_driver_version: 418

    - role: ansible-role-nvidia-driver
      nvidia_driver_version: 384
",Generate an Ansible playbook that installs multiple versions of NVIDIA drivers from different repositories on Docker hosts.,The generated code is not an Ansible playbook.
146,"---
- name: Converge
  hosts: all
  tasks:
    - name: ""Include ansible-role-jetbrains-toolbox""
      include_role:
        name: ""ansible-role-jetbrains-toolbox""
",Generate an Ansible playbook that ensures the installation and configuration of JetBrains Toolbox on all target hosts.,"
ERROR: While processing Ansible code, encountered
Could not find module include_role
"
147,"---
- hosts: all
  roles:
    - weareinteractive.git
    - weareinteractive.users_oh_my_zsh
  vars:
    users:
      - name: Foo Bar
        username: foobar
        authorized_keys: []
        oh_my_zsh:
          theme: supertheme
","Generate an Ansible playbook that sets up Git and Oh My Zsh for specified users, including their SSH keys and Zsh themes.",The generated code is not an Ansible playbook.
148,"- name: 'Get and compile libmaxminddb'
  hosts:
    - 'lfops_libmaxminddb'

  roles:

    - role: 'linuxfabrik.lfops.libmaxminddb'
",Generate an Ansible playbook that automates the installation and compilation of the libmaxminddb library on a specified host.,The generated code is not an Ansible playbook.
149,"---
# This Playbook deploys munin!

- hosts: all
  remote_user: root
  become: true
  become_user: root
  handlers:
    - include: handlers/main.yml

  tasks:
    - include: tasks/munin_packages.yml
    - include: tasks/munin_configure.yml
    - include: tasks/munin_templates.yml
    - include: tasks/munin_apache.yml
",Generate an Ansible playbook that deploys and configures Munin for monitoring on all servers.,"
ERROR: While processing Ansible code, encountered
no name field for handler
"
150,"#
#About: This will install agar
#
---
- hosts: ""{{inventory}}""
  become: true
  roles:
    - ansible
",Generate an Ansible playbook that installs agar on specified hosts with elevated privileges.,The generated code is not an Ansible playbook.
151,"---
- hosts: zabbix
  remote_user: root
  roles:
    - ansible-zabbix-frontend
",Generate an Ansible playbook that installs and configures the Zabbix frontend on specified hosts.,The generated code is not an Ansible playbook.
152,"# Copyright (c) 2019 Intel Corporation. All rights reserved.
#
# Licensed under the Apache License, Version 2.0 (the ""License"");
# you may not use this file except in compliance with the License.
# You may obtain a copy of the License at
#
#    http://www.apache.org/licenses/LICENSE-2.0
#
# Unless required by applicable law or agreed to in writing, software
# distributed under the License is distributed on an ""AS IS"" BASIS,
# WITHOUT WARRANTIES OR CONDITIONS OF ANY KIND, either express or implied.
# See the License for the specific language governing permissions and
# limitations under the License.

---
# Additional variables will need to be defined in group vars or any other
# ansible mechanism for defining vars. Please see defaults.
- name: >
    Configure Nova compute with SST-BF, configure preinstall OVS-DPDK,
    write priority + normal CPUs & trait information to Nova
  hosts: nova_compute
  gather_facts: true
  user: root
  tasks:
    - name: >
        Configure Nova compute with SST-BF, pin priority cores to DPDKs
        PMD
      vars:
        skip_ovs_dpdk_config: false
      include_role:
        name: ""intel.sst_bf_openstack_setup_automation""

    # [ Insert role to install Openstack Nova Compute here ]
    # Openstack Nova compute must be installed before running the next task

    - name: Write remaining priority + normal CPUs & SST-BF trait info to Nova
      vars:
        # For demonstrative purposes - Encrypt credentials using Ansible Vault
        OS_USERNAME: admin
        OS_PASSWORD: admin
        OS_AUTH_URL: https://192.168.1.1
        OS_PROJECT_NAME: default
        OS_USER_DOMAIN_ID: default
        OS_PROJECT_DOMAIN_ID: demo
        OS_REGION_NAME: RegionOne
        OS_PLACEMENT_API_VERSION: 1.6
        configure_os_only: true
      include_role:
        name: ""intel.sst_bf_openstack_setup_automation""
","Generate an Ansible playbook that configures Nova compute for OpenStack with SST-BF optimization, sets up OVS-DPDK preinstallation, and manages CPU traits information.","
ERROR: While processing Ansible code, encountered
unrecognized field 'gather_facts' in play
"
153,"---
- name: Run ctorgalson.macos-prefs role on macOS infrastructure.
  hosts: all
  gather_facts: true
  vars:
    prefs_prefs_directory: ""tests/files""
  roles:
    - role: ansible-role-macos-prefs
",Generate an Ansible playbook that applies macOS preferences using the ctorgalson.macos-prefs role across all hosts.,The generated code is not an Ansible playbook.
154,"---
- name: Install requirements
  hosts: nextcloud
  tasks:
    - name: create www-data group
      ansible.builtin.group:
        name: www-data
        gid: 33

    - name: create www-data user
      ansible.builtin.user:
        name: www-data
        uid: 33
        group: www-data

    - name: increase memory limit
      ansible.builtin.copy:
        content: ""memory_limit = 512M""
        dest: /opt/bitnami/php/etc/conf.d/memory.ini
        owner: 1000
        group: 1000
        mode: ""0644""

    - name: enable apcu
      ansible.builtin.copy:
        content: |
          extension = apcu.so
          apc.enabled = 1
          apc.enable_cli = 1
        dest: /opt/bitnami/php/etc/conf.d/apcu.ini
        owner: 1000
        group: 1000
        mode: ""0644""

    - name: list enabled php modules
      ansible.builtin.command: ""php -m""
      register: debug_enabled_php_modules

    - name: show enabled php modules
      debug:
        var: debug_enabled_php_modules.stdout
","Generate an Ansible playbook that sets up a PHP environment for Nextcloud by creating the necessary `www-data` user and group, configuring memory limits, enabling APCu, and listing enabled PHP modules.","
ERROR: While processing Ansible code, encountered
No argument uid of module ansible.builtin.user
"
155,"---
- hosts: all

  tasks:
    - include: tasks/main.yml

  handlers:
    - include: handlers/main.yml

  vars_files:
    - defaults/main.yml
    - .travis.yml
","Generate an Ansible playbook that includes tasks, handlers, and variable files from specified directories for efficient automation and management of all hosts.","
ERROR: While processing Ansible code, encountered
no name field for handler
"
156,"---
- name: Install requirements
  hosts: nextcloud
  tasks:
    - name: create www-data group
      ansible.builtin.group:
        name: www-data
        gid: 33

    - name: create www-data user
      ansible.builtin.user:
        name: www-data
        uid: 33
        group: www-data

    - name: increase memory limit
      ansible.builtin.copy:
        content: ""memory_limit = 512M""
        dest: /opt/bitnami/php/etc/conf.d/memory.ini
        owner: 1000
        group: 1000
        mode: ""0644""

    - name: enable apcu
      ansible.builtin.copy:
        content: |
          extension = apcu.so
          apc.enabled = 1
          apc.enable_cli = 1
        dest: /opt/bitnami/php/etc/conf.d/apcu.ini
        owner: 1000
        group: 1000
        mode: ""0644""

    - name: install php-redis through pecl
      ansible.builtin.shell: ""yes no | pecl install redis""

    - name: enable redis
      ansible.builtin.copy:
        content: ""extension = redis.so""
        dest: /opt/bitnami/php/etc/conf.d/redis.ini
        owner: 1000
        group: 1000
        mode: ""0644""

    - name: list enabled php modules
      ansible.builtin.command: ""/opt/bitnami/php/bin/php -m""
      register: debug_enabled_php_modules

    - name: show enabled php modules
      debug:
        var: debug_enabled_php_modules.stdout
",Generate an Ansible playbook that sets up PHP with necessary configurations and extensions for a Nextcloud environment.,"
ERROR: While processing Ansible code, encountered
No argument uid of module ansible.builtin.user
"
157,"---
- name:
  hosts: all
  vars:
  connection: httpapi
  gather_facts: false
  tasks:
    - name: Create admin
      fwebos_admin:
        action: add
        name: test1
        access_profile: admin_no_access
        trusthostv4: 0.0.0.0/0
        trusthostv6: ::/0
        domains: root
        type: local-user
        admin_usergrp:
        force_password_change: disable
        password: 11111111

    - name: edit admin
      fwebos_admin:
        action: edit
        name: test1
        access_profile: admin_no_access
        trusthostv4: 0.0.0.0/0
        trusthostv6: ::/0
        domains: root1
        type: remote-user
        admin_usergrp: test

    - name: delete admin
      fwebos_admin:
        action: delete
        name: test1
","Generate an Ansible playbook that manages user accounts by creating, editing, and deleting admin users with specific access profiles and settings.","
ERROR: While processing Ansible code, encountered
unrecognized field 'connection' in play
"
158,"---
- name: Prepare
  hosts: all
  gather_facts: true
  tasks:
    - name: Install ansible support packages
      package:
        name: ""{{ item }}""
        state: present
      with_items:
        - ca-certificates
      when: ansible_os_family == 'Debian'
",Generate an Ansible playbook that ensures the installation of necessary support packages on all Debian-based systems.,"
ERROR: While processing Ansible code, encountered
unrecognized field 'gather_facts' in play
"
159,"---
- name: Verify
  hosts: all
  gather_facts: false

  tasks:
    - name: Check if git is installed
      block:
        - name: Check for install status of git package
          ansible.builtin.package:
            name: git
            state: installed
          register: git_package_status

        - name: Verify result of previous task
          ansible.builtin.assert:
            that:
              - not git_package_status.changed

    - name: Check if gitea binary exists
      block:
        - name: Check for existence for /usr/local/bin/gitea
          ansible.builtin.stat:
            path: /usr/local/bin/gitea
          register: gitea_stat_result

        - name: Verify result of previous task
          ansible.builtin.assert:
            that:
              - gitea_stat_result.stat.exists

    - name: Check if gitea service is running
      block:
        - name: Gather service facts
          ansible.builtin.service_facts:

        - name: Verify result of previous task
          ansible.builtin.assert:
            that:
              - ansible_facts.services['gitea.service'] is defined
              - ansible_facts.services['gitea.service']['state'] == ""running""
              - ansible_facts.services['gitea.service']['status'] == ""enabled""

    - name: Check if gitea configfile exists
      block:
        - name: Check for existence of /etc/gitea/gitea.ini
          ansible.builtin.stat:
            path: /etc/gitea/gitea.ini
          register: gitea_config_stat_result

        - name: Verify result of previous task
          ansible.builtin.assert:
            that:
              - gitea_config_stat_result.stat.exists
","Generate an Ansible playbook that verifies the installation of Git, checks for the existence of the Gitea binary and configuration file, and ensures the Gitea service is running and enabled.","
ERROR: While processing Ansible code, encountered
unrecognized field 'gather_facts' in play
"
160,"---
- name: Converge
  hosts: all
  become: true
  gather_facts: true
  vars:
    storage_partitions:
      - name: /dev/vdb
        number: 1
        part_end: 100MB
      - name: /dev/vdb
        number: 2
        flags:
          - lvm
        part_start: 100MB
        part_end: 300MB
      - name: /dev/vdb
        number: 3
        flags:
          - lvm
        part_start: 300MB
        part_end: 100%
    storage_volumegroups:
      - name: vg_local
        devices:
          - /dev/vdb2
      - name: vg_iscsi
        devices:
          - /dev/vdb3
    storage_volumes:
      - name: vg_iscsi_lv_node1
        vg: vg_iscsi
        size: 100
      - name: vg_iscsi_lv_node2
        vg: vg_iscsi
        size: 100
      - name: vg_iscsi_lv_node3
        vg: vg_iscsi
        size: 100
      - name: vg_iscsi_lv_node4
        vg: vg_iscsi
        size: 100
      - name: vg_local_lv_data
        vg: vg_local
        size: 100
    storage_filesystems:
      - name: /dev/vg_local/vg_local_lv_data
        filesystem: ext4
    storage_mounts:
      - name: /data
        src: /dev/vg_local/vg_local_lv_data
        owner: root
        group: root
        mode: ""0755""
        opts: defaults
        boot: true
        dump: 0
        passno: 2
  roles:
    - ricsanfre.storage
","Generate an Ansible playbook that sets up partitioning, volume groups, logical volumes, and mounts for storage management on a Linux server.",The generated code is not an Ansible playbook.
161,"---
- name: Install Hassio
  hosts: localhost
  become: true
  gather_facts: false
  vars:
    - supervisor_share: ""/usr/share/hassio""
    - privileged_mode: false
    - version: latest
  tasks:
    - import_tasks: ../tasks/main.yml
",Generate an Ansible playbook that installs Hassio on a local machine with customizable version and configuration options.,"
ERROR: While processing Ansible code, encountered
unrecognized field 'gather_facts' in play
"
162,"---
- name: Converge
  hosts: instance
  become: true
  vars:
    local_role_name: ""ansible-role-dispatcher""
    role_name: ""{% if lookup('env','ROLE_NAME_FULL') %}{{ lookup('env','ROLE_NAME_FULL') }}{% else %}{{ local_role_name }}{% endif %}""
    test_container_name: ""{{ local_role_name }}-test""
    test_aem_page_content: ""AEM Sign In""
    test_aem_port: ""{{ service_aem_port }}""
    test_dispatcher_port: ""9080""
    test_dispatcher_port_https: ""9081""
    test_aem_page_url: ""/libs/granite/core/content/login.html""
    test_aem_page_content_url: ""/content/aemdesign-showcase/au/en/component/details/generic-details.html""
    test_aem_page_content_test: ""Generic Details""
    test_aem_page_content_cache_test: ""/data/httpd/cache{{ test_aem_page_content_url }}""
    test_docker_host: ""unix://tmp/docker.sock""

  pre_tasks:
    - name: get docker host ip
      become: true
      shell: |
        set -o pipefail
        /sbin/ip route | awk '/default/ { print $3 }'
      args:
        executable: /bin/bash
      register: dockerhost_ip
      changed_when: false
    - name: set aem license
      import_role:
        name: ""aem_design.aem_license""
      vars:
        aem_license_key: ""{{ service_aem_license_key }}""
        aem_license_name: ""{{ service_aem_license_name }}""
        aem_port: ""{{ test_aem_port }}""
        aem_host: ""{{ dockerhost_ip.stdout }}""
        wait_delay: 30
        debug_hide: false
    - name: verify aem is ready
      import_role:
        name: ""aem_design.aem_verify""
      vars:
        aem_port: ""{{ test_aem_port }}""
        aem_host: ""{{ dockerhost_ip.stdout }}""
        debug_hide: false
    - name: set permissions for vanityUrls
      import_role:
        name: aem_design.aem_content
      vars:
        aem_port: ""{{ test_aem_port }}""
        aem_host: ""{{ dockerhost_ip.stdout }}""
        aem_content_action: ""set_permission""
        aem_content_list:
          - { user_or_group_name: ""everyone"", path: ""/libs/granite/dispatcher/content/vanityUrls"", permissions: ""read:true"" }
        debug_hide: false

  tasks:
    - name: start disaptcher
      import_role:
        name: ""{{ role_name }}""
      vars:
        docker_host: ""{{ test_docker_host }}""
        renderer_port: ""{{ test_aem_port }}""
        renderer_host: ""{{ dockerhost_ip.stdout }}""
        dispatcher_config: ""publish""
        dispatcher_loglevel: ""4""
        docker_container_name: ""{{ test_container_name }}""
        dispatcher_port: ""{{ test_dispatcher_port }}""
        dispatcher_https_port: ""{{ test_dispatcher_port_https }}""
        docker_volumes: []
        debug_hide: false

  post_tasks:
    - name: get sample content page from dispatcher {{ role_comment }}
      uri:
        url: ""http://{{ dockerhost_ip.stdout }}:{{ test_dispatcher_port }}{{ test_aem_page_content_url }}""
        follow_redirects: ""all""
        return_content: true
        timeout: 300
      register: aem_content_page
      until: test_aem_page_content_test in aem_content_page.content
      delay: ""{{ wait_delay | default(5) }}""
      retries: 360
","Generate an Ansible playbook that sets up and configures an AEM environment, deploys a dispatcher, verifies service readiness, and tests page content access.","
ERROR: While processing Ansible code, encountered
Unsupported Jinja form
"
163,"---
- name: Prepare
  hosts: all
  become: true
  gather_facts: false

  roles:
    - role: robertdebock.bootstrap
    - role: robertdebock.core_dependencies
    - role: robertdebock.epel
    - role: robertdebock.python_pip
    - role: robertdebock.buildtools
    - role: robertdebock.openssl
      openssl_items:
        - name: apache-httpd
          common_name: ""{{ ansible_fqdn }}""
    - role: robertdebock.httpd
    - role: robertdebock.php
    - role: robertdebock.mysql
      mysql_databases:
        - name: mediawiki
      mysql_users:
        - name: mediawiki
          password: m3d14w1k1
          priv: ""mediawiki.*:ALL""
","Generate an Ansible playbook that sets up a web server environment with Apache, PHP, and MySQL, while installing necessary dependencies and configuring a MediaWiki database.",The generated code is not an Ansible playbook.
164,"---
- hosts: localhost
  remote_user: root
  roles:
    - devsoul.psalm
",Generate an Ansible playbook that installs and configures the Psalm tool for PHP on a local machine.,The generated code is not an Ansible playbook.
165,"---
- name: Converge
  hosts: all
  roles:
    - role: darkwizard242.goofys
  vars:
    ansible_python_interpreter: /usr/bin/python3
",Generate an Ansible playbook that sets up the Goofys role for mounting S3 buckets on all hosts using Python 3.,The generated code is not an Ansible playbook.
166,"---
- hosts: localhost
  remote_user: root
  roles:
    - priyaks.apachewordpress
",Generate an Ansible playbook that installs and configures Apache and WordPress on a local server.,The generated code is not an Ansible playbook.
167,"---
- name: Verify
  hosts: all
  become: true
  gather_facts: false

  tasks:
    - name: install pip module
      pip:
        name: docker
        state: present

    - name: check if bootstrap still works.
      include_role:
        name: robertdebock.bootstrap

    - name: remove pip module
      pip:
        name: docker
        state: absent

    - name: check if requested modules can be installed
      include_role:
        name: ansible-role-python_pip
      vars:
        python_pip_modules:
          - name: docker

    - name: check if requested modules can be removed
      include_role:
        name: ansible-role-python_pip
      vars:
        python_pip_modules:
          - name: docker
            state: absent

    - name: check if pyOpenSSL can be installed
      pip:
        name: pyOpenSSL
        state: present
      notify:
        - remove pyOpenSSL

  handlers:
    - name: remove pyOpenSSL
      pip:
        name: pyOpenSSL
        state: absent
","Generate an Ansible playbook that installs and verifies the installation of specific Python modules, checks the functionality of bootstrap processes, and ensures proper cleanup by removing the modules afterward.","
ERROR: While processing Ansible code, encountered
unrecognized field 'gather_facts' in play
"
168,"---
- hosts: hdmhosts
  connection: local
  gather_facts: false
  vars:
    - boot_target: BiosSetup
    - boot_enable: Once
    - boot_mode: UEFI
  roles:
    - setbootdevice
","Generate an Ansible playbook that configures the boot settings of hosts to UEFI mode, enabling one-time boot options through BIOS setup.",The generated code is not an Ansible playbook.
169,"---
- name: Test
  hosts: localhost
  connection: local
  roles:
    - ansible-freebsd-nagios
",Generate an Ansible playbook that sets up Nagios monitoring on FreeBSD systems.,The generated code is not an Ansible playbook.
170,"---
- name: Default playbook for testing
  hosts: test-kitchen
  roles:
    - ansible-role-kafka
  vars:
    install_type: archive
",Generate an Ansible playbook that deploys Kafka using an archive installation method on the test-kitchen hosts.,The generated code is not an Ansible playbook.
171,"---
# Copyright kubeinit contributors
# All Rights Reserved.
#
# Licensed under the Apache License, Version 2.0 (the ""License""); you may
# not use this file except in compliance with the License. You may obtain
# a copy of the License at
#
#     http://www.apache.org/licenses/LICENSE-2.0
#
# Unless required by applicable law or agreed to in writing, software
# distributed under the License is distributed on an ""AS IS"" BASIS, WITHOUT
# WARRANTIES OR CONDITIONS OF ANY KIND, either express or implied. See the
# License for the specific language governing permissions and limitations
# under the License.
- name: Converge
  hosts: all
  # roles:
  #   - role: ""kubeinit_submariner""
  tasks:
    - name: Message for ""kubeinit_submariner""
      ansible.builtin.debug:
        msg: Finishing molecule for ""kubeinit_submariner""
","Generate an Ansible playbook that finishes the molecule setup for the ""kubeinit_submariner"" role on all hosts.","
ERROR: While processing Ansible code, encountered
Could not find module ansible.builtin.debug
"
172,"---
- name: Converge
  hosts: all
  pre_tasks:
    - name: Wait for systemd to complete initialization. # noqa command-instead-of-module
      ansible.builtin.command: systemctl is-system-running
      register: systemctl_status
      until: >-
        ""running"" in systemctl_status.stdout or ""degraded"" in
        systemctl_status.stdout
      retries: 30
      delay: 5
      when:
        - ansible_service_mgr == ""systemd""
        - ansible_distribution == ""Fedora""
      changed_when: false
    - name: Update package cache
      ansible.builtin.package:
        update_cache: true
      changed_when: false
      register: task_result
      until: task_result is success
      retries: 10
      delay: 2
  roles:
    - role: ericsysmin.kubernetes.kubectl
","Generate an Ansible playbook that ensures system initialization is complete, updates the package cache, and applies Kubernetes configurations using a specific role.","
ERROR: While processing Ansible code, encountered
unrecognized field 'pre_tasks' in play
"
173,"---
- hosts: linux
  vars:
    - hg_username: ""My Name <myemail@mydomain.com>""
    - git_username: ""My Name""
    - git_email: ""myemail@mydomain.com""
    - nss_try: ""ssh://myemail@mydomain.com@hg.mozilla.org/projects/nss-try""
  roles:
    - marcusburghardt.ansible_role_nss
","Generate an Ansible playbook that sets up a Linux environment for a developer, configuring Git and Mercurial with user credentials and preparing the NSS project for development.",The generated code is not an Ansible playbook.
174,"---
- hosts: localhost
  remote_user: root
  roles:
    - { role: ""ansible-role-rpi-config"" }
",Generate an Ansible playbook that configures a Raspberry Pi with specific settings.,The generated code is not an Ansible playbook.
175,"---
- name: Converge
  hosts: all
  pre_tasks:
    - name: Update apt cache.
      ansible.builtin.apt:
        update_cache: true
        cache_valid_time: 600
      when: ansible_os_family == 'Debian'

    - name: Wait for systemd to complete initialization. # noqa 303
      ansible.builtin.command: systemctl is-system-running
      register: systemctl_status
      until: >
        'running' in systemctl_status.stdout or
        'degraded' in systemctl_status.stdout
      retries: 30
      delay: 5
      when: ansible_service_mgr == 'systemd'
      changed_when: false
      failed_when: systemctl_status.rc > 1
  vars:
  tasks:
    - name: Install required packages
      ansible.builtin.package:
        name:
          - ufw
        state: present

    - name: Enable ufw
      community.general.ufw:
        state: enabled

    - name: Allow access to port 2020 only for a given set of IN ips
      ansible.builtin.include_role:
        name: youtous.ufw_smart_rules
      vars:
        ufw_rule_parameters:
          to_port: ""2020""
          rule: ""allow""
        ufw_rules_criteria: from_ips
        ufw_rule_from_ips:
          - ""172.16.0.0/12"" # an allowed source to access
          - ""8.5.5.6"" # an allowed source to access
",Generate an Ansible playbook that configures a firewall to secure access to a specific port while ensuring the system is up to date and fully initialized.,"
ERROR: While processing Ansible code, encountered
unrecognized field 'pre_tasks' in play
"
176,"---
- name: Converge
  hosts: all
  become: true
  gather_facts: true

  roles:
    - role: ansible-role-auditd
      auditd_start_service: false
      auditd_local_events: ""no""
      auditd_rules:
        - file: /var/log/audit/
          keyname: auditlog
        - file: /etc/audit/
          permissions:
            - write
            - attribute_change
          keyname: auditconfig
        - file: /etc/libaudit.conf
          permissions:
            - write
            - attribute_change
          keyname: auditconfig
        - file: /etc/audisp/
          permissions:
            - write
            - attribute_change
          keyname: audispconfig
        - file: /sbin/auditctl
          permissions:
            - execute
          keyname: audittools
        - file: /sbin/auditd
          permissions:
            - execute
          keyname: audittools
        - syscall: open
          action: always
          filter: exit
          filters:
            - auid!=4294967295
            - auid!=unset
          keyname: my_keyname
          arch: b32
        - syscall: adjtimex
          action: always
          filter: exit
          keyname: time_change
        - syscall: settimeofday
          action: always
          filter: exit
          keyname: time_change
        - action: always
          filter: exit
          filters:
            - path=/bin/ping
            - perm=x
            - auid>=500
            - auid!=4294967295
          keyname: privileged
",Generate an Ansible playbook that configures auditd settings to monitor specific files and system calls for security auditing across all hosts in a controlled manner.,The generated code is not an Ansible playbook.
177,"---
- name: Install and configure Knot
  hosts: nameserver
  roles:
    - s3lph.nameserver.knot
",Generate an Ansible playbook that installs and configures the Knot DNS server on specified hosts.,The generated code is not an Ansible playbook.
178,"---
- hosts: localhost
  remote_user: root
  roles:
    - rhel_system_roles
",Generate an Ansible playbook that automates RHEL system configuration using system roles for the localhost while executing as the root user.,The generated code is not an Ansible playbook.
179,"---
- hosts: localhost

  roles:
    - { role: ansible-consul-template, consul_template_use_systemd: true }
",Generate an Ansible playbook that sets up and configures Consul Template using systemd on a local host.,The generated code is not an Ansible playbook.
180,"---
- hosts: localhost
  remote_user: root
  roles:
    #    - ansible-role-laravel5-deploy-simple
    - ../..
",Generate an Ansible playbook that automates the deployment of a Laravel 5 application on a local server.,The generated code is not an Ansible playbook.
181,"---
- name: Converge
  hosts: all
  become: true
  gather_facts: true

  roles:
    - role: ansible-role-keepalived
      keepalived_vrrp_instances:
        - name: VI_1
          state: MASTER
          interface: eth0
          unicast_src_ip: ""172.17.0.6""
          secondary_private_ip: ""172.17.0.7""
          virtual_router_id: 51
          priority: 255
          authentication:
            auth_type: PASS
            auth_pass: ""12345""
          virtual_ipaddresses:
            - name: ""172.17.0.8""
              cidr: 16
","Generate an Ansible playbook that configures a Keepalived high availability setup with defined VRRP instances on all hosts, ensuring system redundancy.",The generated code is not an Ansible playbook.
182,"---
- name: add vlans
  hosts: arista
  gather_facts: false
  tasks:
    - name: add VLAN configuration
      eos_vlans:
        state: replaced
        config:
          - name: desktops
            vlan_id: 200
",Generate an Ansible playbook that manages VLAN configurations on Arista switches to add or replace VLANs with specific IDs and names.,"
ERROR: While processing Ansible code, encountered
unrecognized field 'gather_facts' in play
"
183,"---
- name: Verify
  hosts: all
  become: false
  gather_facts: false

  tasks:
    - name: Check if port 9980 is open
      ansible.builtin.wait_for:
        port: 9980

    - name: Access web url
      block:
        - name: ""check if 'OK' is returned from https://localhost:9980""
          ansible.builtin.uri:
            url: ""http://127.0.0.1:9980""
            return_content: true
            validate_certs: false
          register: collabora_online_test_one
          failed_when: ""'OK' not in collabora_online_test_one.content""
      rescue:
        - name: Show registered variable
          ansible.builtin.debug:
            msg: ""collabora_online_test_one: {{ collabora_online_test_one }}""

    - name: ""check if hosting/discovery is available on https://localhost:9980""
      ansible.builtin.uri:
        url: ""http://127.0.0.1:9980/hosting/discovery""
        return_content: true
        validate_certs: false

    - name: ""check if admin.html is available on https://localhost:9980""
      ansible.builtin.uri:
        url: ""http://127.0.0.1:9980/browser/dist/admin/admin.html""
        return_content: true
        validate_certs: false
        status_code:
          - 401
",Generate an Ansible playbook that verifies the availability of a web service on port 9980 and checks specific endpoints for expected responses.,"
ERROR: While processing Ansible code, encountered
unrecognized field 'gather_facts' in play
"
184,"---
- name: Converge
  hosts: all
  collections:
    - tripleo.operator
  vars:
    openstack_bin: echo
    tripleo_os_cloud: undercloud
    tripleo_undercloud_minion_install_debug: true
    tripleo_undercloud_minion_install_log_output: false
    tripleo_undercloud_minion_install_log_combine: false
    tripleo_undercloud_minion_install_poll: 1
  tasks:

    - name: ""Include tripleo_undercloud_minion_install""
      include_role:
        name: ""tripleo_undercloud_minion_install""

    - name: Check role
      assert:
        that:
          - tripleo_undercloud_minion_install_result.stdout == ""undercloud minion install""

    - name: Check parameter ""tripleo_undercloud_minion_install_force_stack_update""
      include_role:
        name: ""tripleo_undercloud_minion_install""
      vars:
        tripleo_undercloud_minion_install_force_stack_update: true

    - name: Assert ""tripleo_undercloud_minion_install_force_stack_update""
      assert:
        that:
          - tripleo_undercloud_minion_install_result.stdout == ""undercloud minion install --force-stack-update""

    - name: Check parameter ""tripleo_undercloud_minion_install_no_validations""
      include_role:
        name: ""tripleo_undercloud_minion_install""
      vars:
        tripleo_undercloud_minion_install_no_validations: true

    - name: Assert ""tripleo_undercloud_minion_install_no_validations""
      assert:
        that:
          - tripleo_undercloud_minion_install_result.stdout == ""undercloud minion install --no-validations""

    - name: Check parameter ""tripleo_undercloud_minion_install_dry_run""
      include_role:
        name: ""tripleo_undercloud_minion_install""
      vars:
        tripleo_undercloud_minion_install_dry_run: true

    - name: Assert ""tripleo_undercloud_minion_install_dry_run""
      assert:
        that:
          - tripleo_undercloud_minion_install_result.stdout == ""undercloud minion install --dry-run""

    - name: Check parameter ""tripleo_undercloud_minion_install_yes""
      include_role:
        name: ""tripleo_undercloud_minion_install""
      vars:
        tripleo_undercloud_minion_install_yes: true

    - name: Assert ""tripleo_undercloud_minion_install_yes""
      assert:
        that:
          - tripleo_undercloud_minion_install_result.stdout == ""undercloud minion install --yes""
","Generate an Ansible playbook that installs and configures an undercloud minion with various options for force updates, validations, dry runs, and confirmations.","
ERROR: While processing Ansible code, encountered
unrecognized field 'collections' in play
"
185,"---
# Copyright kubeinit contributors
# All Rights Reserved.
#
# Licensed under the Apache License, Version 2.0 (the ""License""); you may
# not use this file except in compliance with the License. You may obtain
# a copy of the License at
#
#     http://www.apache.org/licenses/LICENSE-2.0
#
# Unless required by applicable law or agreed to in writing, software
# distributed under the License is distributed on an ""AS IS"" BASIS, WITHOUT
# WARRANTIES OR CONDITIONS OF ANY KIND, either express or implied. See the
# License for the specific language governing permissions and limitations
# under the License.
- name: Converge
  hosts: all
  # roles:
  #   - role: ""kubeinit_services""
  tasks:
    - name: Message for ""kubeinit_services""
      ansible.builtin.debug:
        msg: Finishing molecule for ""kubeinit_services""
",Generate an Ansible playbook that finishes the setup of kubeinit services on all hosts.,"
ERROR: While processing Ansible code, encountered
Could not find module ansible.builtin.debug
"
186,"---
- hosts: patroni
  gather_facts: false
  pre_tasks:
    - raw: >
        test -e /usr/bin/apt-get &&
        (apt -qq update -y && apt -qq upgrade -y && apt -qq install apt-utils python3-minimal -y > /dev/null) ||
        (yum -q update -y && yum -q upgrade -y && yum -q install python3 -y > /dev/null)
    - package:
        name: [""sudo"", ""ca-certificates""]
    - file:
        path: /etc/udev/rules.d
        state: directory

- hosts: patroni
  roles:
    - role: ../ansible-role-patroni
      patroni_log_destination: file
      patroni_dcs_exists: true
      patroni_etcd_hosts: ""etcd0:2379,etcd1:2379,etcd2:2379""
      patroni_bootstrap_dcs_postgresql_pg_hba:
        - { type: ""local"", database: ""all"", user: ""all"", method: ""md5"" }
        - { type: ""host"", database: ""all"", user: ""all"", address: ""0.0.0.0/0"", method: ""md5"" }
        - { type: ""host"", database: ""replication"", user: ""{{ patroni_replication_username }}"", address: ""127.0.0.1/32"", method: ""md5"" }
        - { type: ""host"", database: ""replication"", user: ""{{ patroni_replication_username }}"", address: ""172.18.0.0/16"", method: ""md5"" }
",Generate an Ansible playbook that sets up a Patroni cluster with appropriate packages and configurations on the target hosts.,"
ERROR: While processing Ansible code, encountered
unrecognized field 'gather_facts' in play
unrecognized field 'roles' in play
"
187,"---
- hosts: localhost
  remote_user: root
  roles:
    - k8s.aws.ec2
",Generate an Ansible playbook that sets up a Kubernetes cluster on AWS EC2 instances.,The generated code is not an Ansible playbook.
188,"---
- hosts: localhost
  remote_user: root

  vars:
    # Use same version for testing. Use http url as ansible on travis fails with https.
    roundcube_install_version: ""1.2.0""
    roundcube_nginx_server_name: localhost
    roundcube_nginx_ssl_on: true
    roundcube_nginx_ssl_certificate_path: ""/opt/roundcube/.ssl/certificate.crt""
    roundcube_nginx_ssl_certificate_key_path: ""/opt/roundcube/.ssl/certificate.key""
    roundcube_nginx_ssl_trusted_certificate_path: ""/opt/roundcube/.ssl/trustchain.crt""

    roundcube_sql_host: ""127.0.0.1""
    roundcube_sql_database: ""roundcube""
    roundcube_sql_user: ""roundcube""
    roundcube_sql_password: ""tr4v1s""

  roles:
    - ansible-role-roundcube
","Generate an Ansible playbook that installs and configures Roundcube webmail with SSL on an Nginx server, while setting up the necessary database and user credentials.",The generated code is not an Ansible playbook.
189,"###############################################################################
#
# This ansible playbook deploys Django app with Gunicorn
#
# How to use it:
#  - ansible-playbook -i INVENTORY -e ""target=host"" deploy.yaml
#
################################################################################

---
- name: Deploy Django app
  hosts: ""{{ target }}""
  become: true

  roles:
    - django_app

  vars:
    app_user: my_app
    app_dir: /opt/my_app
    app_name: my_app_user
    app_port: 8000
    app_description: My Django App / Gunicorn app
    app_path_root: my_app_dir
    app_env:
      - DJANGO_DB_NAME
      - DJANGO_DB_USER
      - DJANGO_DB_PASSWORD
      - DJANGO_DB_HOST
      - DJANGO_DB_PORT
    app_env_file: |
      DJANGO_DB_NAME=""{{ lookup('env', 'DJANGO_DB_NAME') }}""
      DJANGO_DB_USER=""{{ lookup('env', 'DJANGO_DB_USER') }}""
      DJANGO_DB_PASSWORD=""{{ lookup('env', 'DJANGO_DB_PASSWORD') }}""
      DJANGO_DB_HOST=""{{ lookup('env', 'DJANGO_DB_HOST') }}""
      DJANGO_DB_PORT=""{{ lookup('env', 'DJANGO_DB_PORT') }}""
    app_allowed_host: ""['myapp.skalab.fr', '127.0.0.1']""
    app_csrf_trusted: ""['https://myapp.skalab.fr']""
    # With file
    app_files:
      - Pipfile
      - my_app_dir
    # OR with git
    # app_repository: git@github.com:account/repo
","Generate an Ansible playbook that automates the deployment of a Django application using Gunicorn, including setting up environment variables, configuring user permissions, and managing application files or a Git repository.",The generated code is not an Ansible playbook.
190,"---
- name: Side Effect
  hosts: all
  gather_facts: false

  tasks:
    - name: Side effect
      debug:
        msg: Simulate conditions which can break role
",Generate an Ansible playbook that simulates conditions that may cause a role to fail for testing purposes.,"
ERROR: While processing Ansible code, encountered
unrecognized field 'gather_facts' in play
"
191,"---
- name: Retrieve VxRail System NTP Information
  hosts: localhost
  vars:
    vxmip: ""{{ vxmip }}""
    vcadmin: ""{{ vcadmin }}""
    vcpasswd: ""{{ vcpasswd }}""

  tasks:
    - name: Get System NTP Information
      dellemc_vxrail_system_get_ntp:
        vxmip: ""{{ vxmip }}""
        vcadmin: ""{{ vcadmin }}""
        vcpasswd: ""{{ vcpasswd }}""
        api_version_number: ""{{ api_version_number | default(omit) }}""
        timeout: ""{{ timeout | default(omit) }}""
      register: system_ntp_info

    - name: Display System NTP Information
      debug:
        msg: ""{{system_ntp_info}}""
",Generate an Ansible playbook that retrieves and displays the NTP information from a VxRail system.,"
ERROR: While processing Ansible code, encountered
unhandled Jinja expression form
"
192,"---
- hosts: localhost
  remote_user: root
  roles:
    - agt
",Generate an Ansible playbook that configures a local system using the 'agt' role with root privileges.,The generated code is not an Ansible playbook.
193,"---
- hosts: '{{target|default(""wazuh_manager"")}}'
  roles:
    - role: manager
    - role: filebeat
  tags:
    - setup-all
    - install-manager
",Generate an Ansible playbook that sets up a Wazuh manager and installs Filebeat on the specified target.,The generated code is not an Ansible playbook.
194,"---
- name: Test integration playbook
  hosts: all
  environment:
    http_proxy: ""{{ lookup('env', 'http_proxy') }}""
    https_proxy: ""{{ lookup('env', 'https_proxy') }}""
    no_proxy: ""{{ lookup('env', 'no_proxy') }}""
  vars:
    harden_upgradeall: false
    harden_auditd_log_all_execve: true
    harden_auditd_log_all_socket: true
    harden_auditd_log_all_connect: true
    harden_sshd_ca_gen: true
    harden_sshd_ca_path: /tmp/cadir/ssh-ca
    harden_sshd_host_key_opath: /tmp/ofiles
    harden_lkrg: true
    harden_testing: true
    ipv6_config: ""harden""
    harden_ipset_list:
      - { false: blacklist_cidr, t: nethash }
      - { false: msteams_tcp, t: nethash }
      - { false: msteams_udp, t: nethash }
    harden_ipset_list_data:
      - false: msteams_tcp
        list:
          - 13.107.64.0/18
          - 52.112.0.0/14
          - 52.120.0.0/14
          - 52.238.119.141/32
          - 52.244.160.207/32
      - false: msteams_udp
        list:
          - 13.107.64.0/18
          - 52.112.0.0/14
          - 52.120.0.0/14
  pre_tasks:
    - name: Ubuntu 22.04 | disable sshd certificates
      ansible.builtin.set_fact:
        harden_sshd_ca_gen: false
  roles:
    - juju4.redhat_epel
    - juju4.harden_sysctl
    # - juju4.osquery
    - juju4.harden
","Generate an Ansible playbook that hardens a Linux system with security configurations, manages package repositories, and sets up network filtering based on specific criteria.","
ERROR: While processing Ansible code, encountered
unrecognized field 'environment' in play
"
195,"---
- hosts: localhost
  remote_user: root
  roles:
    - ansible-acct
",Generate an Ansible playbook that uses the ansible-acct role to configure local system accounts.,The generated code is not an Ansible playbook.
196,"---
- hosts: all
  become: true
  tasks:
    - include: ""tasks/main.yml""
",Generate an Ansible playbook that includes a set of tasks from an external file for all hosts with elevated privileges.,"
ERROR: While processing Ansible code, encountered
Could not find module include
"
197,"---
- name: Example Playbook
  hosts: all
  tasks:
    - name: Include ansible-nexus-repo-oss
      include_role:
        name: ansible-nexus-repo-oss
",Generate an Ansible playbook that sets up a Nexus OSS repository on all target hosts.,"
ERROR: While processing Ansible code, encountered
Could not find module include_role
"
198,"---
- hosts: localhost
  remote_user: root
  roles:
    - role: ansible-mysql
",Generate an Ansible playbook that sets up a MySQL server on the localhost.,The generated code is not an Ansible playbook.
199,"---
- name: Converge
  hosts: all
  vars:
    apache:
      sites:
        test1:
          domain: ""apache2.test.ansibleguy.net""

          ssl:
            mode: ""snakeoil""
            cert:
              cn: ""Apache2""
              org: ""AnsibleGuy Test""
              email: ""testmaster@ansibleguy.net""

  roles:
    - ansibleguy.infra_apache
",Generate an Ansible playbook that sets up an Apache web server with a test site configured with a snakeoil SSL certificate.,The generated code is not an Ansible playbook.
200,"---
# Copyright 2023 Nokia
# Licensed under the BSD 3-Clause License.
# SPDX-License-Identifier: BSD-3-Clause

- name: TLS skipped check
  hosts: clab
  gather_facts: false
  vars:
    ansible_httpapi_use_ssl: true
    ansible_httpapi_validate_certs: false
  tasks:
    - name: json RPC get
      nokia.srlinux.get:
        paths:
          - path: /system/information
            datastore: state
      register: get_return
      failed_when: get_return.failed

    - debug:
        var: get_return
",Generate an Ansible playbook that retrieves system information from Nokia SR Linux while skipping TLS certificate validation.,"
ERROR: While processing Ansible code, encountered
unrecognized field 'gather_facts' in play
"
201,"---
- name: Converge
  hosts: all
  vars:
    - dhparam_use_dsaparam: true
    - dhparam_update_enabled: true
  roles:
    - role: ansible-dhparam
",Generate an Ansible playbook that configures Diffie-Hellman parameters across all hosts with the option to use DSA parameters and enables automatic updates.,The generated code is not an Ansible playbook.
202,"---
- name: Mimic Docker and DockerHub
  hosts: all
  roles:
    - role: gwerlas.podman
      vars:
        podman_mimic_docker: true
",Generate an Ansible playbook that configures Podman to mimic Docker functionality across all hosts.,The generated code is not an Ansible playbook.
203,"---
- name: Test the f5bigip_ltm_profile_server_ssl module
  hosts: all
  connection: local
  gather_facts: false
  roles:
    - f5bigip_ltm_profile_server_ssl
",Generate an Ansible playbook that tests the functionality of the f5bigip_ltm_profile_server_ssl module on all hosts.,The generated code is not an Ansible playbook.
204,"---
- hosts: all
  #- hosts: test-kitchen
  vars:
    #    - jitsi_meet_server_name: ""{{ ansible_fqdn }}""
    #    - jitsi_meet_server_name: ""localhost""
    ## or
    ## FIXME! hostname containing dot can create issues...
    - jitsi_meet_server_name: ""{{ ansible_default_ipv4.address }}.nip.io""
    - jitsi_meet_ssl_cert_path: ""/var/lib/prosody/{{ jitsi_meet_server_name }}.crt""
    - jitsi_meet_ssl_key_path: ""/var/lib/prosody/{{ jitsi_meet_server_name }}.key""
  roles:
    #    - freedomofpress.jitsi-meet
    - ansible-role-jitsi-meet
    - juju4.jiloin
","Generate an Ansible playbook that sets up a Jitsi Meet server with SSL certificates, using the host's IP address as the server name.",The generated code is not an Ansible playbook.
205,"---
- name: Install Squid
  hosts: proxy
  remote_user: vagrant
  become: true
  roles:
    - ""{{playbook_dir}}/../""
",Generate an Ansible playbook that installs and configures Squid as a proxy server on specified hosts using the Vagrant user with elevated privileges.,The generated code is not an Ansible playbook.
206,"---
- name: Test play
  hosts: localhost
  remote_user: root
  roles:
    - zookeeper
",Generate an Ansible playbook that sets up Zookeeper on a local server as the root user.,The generated code is not an Ansible playbook.
207,"---
- name: Converge
  hosts: all
  vars:
    apt_packages:
      - name: ""google-chrome-stable""
      - name: ""tree""
      - name: ""vim""
      - name: ""yarn""
      - deb: ""https://zoom.us/client/latest/zoom_amd64.deb""
    apt_keys:
      - url: ""https://dl-ssl.google.com/linux/linux_signing_key.pub""
        state: ""present""
      - url: ""https://dl.yarnpkg.com/debian/pubkey.gpg""
        state: ""present""

    apt_repositories:
      - repo: ""deb http://dl.google.com/linux/chrome/deb/ stable main""
        update_cache: true
        state: ""present""
      - repo: ""deb https://dl.yarnpkg.com/debian/ stable main""
        update_cache: true
        state: present
  roles:
    - role: ansible-role-apt
","Generate an Ansible playbook that installs essential packages and sets up the necessary repositories and keys for Google Chrome, Yarn, and other utilities on all target hosts.",The generated code is not an Ansible playbook.
208,"---
# Copyright 2024 Wong Hoi Sing Edison <hswong3i@pantarei-design.com>
#
# Licensed under the Apache License, Version 2.0 (the ""License"");
# you may not use this file except in compliance with the License.
# You may obtain a copy of the License at
#
#     http://www.apache.org/licenses/LICENSE-2.0
#
# Unless required by applicable law or agreed to in writing, software
# distributed under the License is distributed on an ""AS IS"" BASIS,
# WITHOUT WARRANTIES OR CONDITIONS OF ANY KIND, either express or implied.
# See the License for the specific language governing permissions and
# limitations under the License.

- name: converge | all
  hosts: all
  remote_user: root
  become: true
  tasks:
    - name: include role
      ansible.builtin.include_role:
        name: alvistack.golang
",Generate an Ansible playbook that utilizes a role to install and configure Go programming language on all hosts.,"
ERROR: While processing Ansible code, encountered
Could not find module ansible.builtin.include_role
"
209,"---
- hosts: localhost
  tasks:
    - include: ""tasks/main.yml""
",Generate an Ansible playbook that includes tasks from a specified file to automate a configurable set of operations on localhost.,"
ERROR: While processing Ansible code, encountered
Could not find module include
"
210,"---
- name: vim package installation integration test playbook
  hosts: test-kitchen
  roles:
    - role: ansible-role-vim
",Generate an Ansible playbook that installs the Vim text editor on a test environment.,The generated code is not an Ansible playbook.
211,"---
- name: Converge
  hosts: all

  pre_tasks:
    - name: Update apt cache
      apt: update_cache=true cache_valid_time=600
      when: ansible_os_family == 'Debian'
      changed_when: false

    - name: Install gnupg
      apt:
        name: gnupg
        state: latest
      when: ansible_os_family == 'Debian'
      changed_when: false

  tasks:
    - name: ""Include christiangda.epel_repo""
      include_role:
        name: christiangda.epel_repo

    - name: ""Include christiangda.awscli_configure""
      include_role:
        name: christiangda.awscli_configure

  roles:
    - role: christiangda.epel_repo
      when: >
        ansible_os_family == 'RedHat' and (
          ansible_distribution == 'CentOS' or
          ansible_distribution == 'RedHat' or
          ansible_distribution == 'Amazon'
        )
    - role: christiangda.awscli_configure
      vars:
        awscliconf_path: ""/root""
        awscliconf_files:
          credentials:
            - AmazonCloudWatchAgent:
                aws_access_key_id: ""AKIAIOSFODNN7EXAMPLE""
                aws_secret_access_key: ""wJalrXUtnFEMI/K7MDENG/bPxRfiCYEXAMPLEKEY""
          config:
            - profile AmazonCloudWatchAgent:
                region: eu-west-1
    - role: christiangda.amazon_cloudwatch_agent
      vars:
        cwa_agent_mode: ""onPremise""
        cwa_profile: ""AmazonCloudWatchAgent""
        cwa_aws_region: ""eu-west-1""
","Generate an Ansible playbook that sets up AWS CLI configuration and installs necessary repositories for both Debian and RedHat-based systems, ensuring the system is ready for monitoring with Amazon CloudWatch Agent.","
ERROR: While processing Ansible code, encountered
unrecognized field 'pre_tasks' in play
"
212,"# vim: set ft=yaml ts=2 expandtab:
---
- name: converge containers
  hosts: localhost
  connection: local

  tasks:
    - name: a rocky 8 container is present
      mafalb.containers.buildah_container:
        name: rocky_container
        image: quay.io/rockylinux/rockylinux:8
        state: present

    - name: a preexisting rocky 8 container is absent
      mafalb.containers.buildah_container:
        name: preexisting_rocky_container
        state: absent
",Generate an Ansible playbook that ensures a Rocky Linux 8 container is created and a preexisting one is removed.,"
ERROR: While processing Ansible code, encountered
unrecognized field 'connection' in play
"
213,"---
- name: Converge
  hosts: all
  become: true

  pre_tasks:
    - name: Wait for systemd to complete initialization. # noqa command-instead-of-module
      ansible.builtin.command: systemctl is-system-running
      register: systemctl_status
      until: >
        'running' in systemctl_status.stdout or
        'degraded' in systemctl_status.stdout
      retries: 30
      delay: 5
      when: ansible_service_mgr == 'systemd'
      changed_when: false
      failed_when: systemctl_status.rc > 1

  tasks:
    - name: ""Include ethereum""
      ansible.builtin.include_role:
        name: ""slingnode-ansible-ethereum""
",Generate an Ansible playbook that sets up an Ethereum environment on all hosts after ensuring the system is fully initialized.,"
ERROR: While processing Ansible code, encountered
unrecognized field 'pre_tasks' in play
"
214,"---
- hosts: localhost
  remote_user: root

  vars:
    - fbeat_user: root
    - fbeat_group: root

  roles:
    - ansible-role-filebeat

# vi:ts=2:sw=2:et:ft=yaml
",Generate an Ansible playbook that sets up Filebeat on a local host using root user and group.,The generated code is not an Ansible playbook.
215,"---
- name: Prepare
  hosts: bitbucket_group
  roles:
    - java
",Generate an Ansible playbook that sets up a Java environment on the servers in the Bitbucket group.,The generated code is not an Ansible playbook.
216,"---
- hosts: all
  remote_user: ubuntu
  gather_facts: false

  pre_tasks:
    - name: ""Installing all dependencies on remote host for ansible""
      raw: sudo apt-get -y install python-simplejson aptitude

  roles:
    - ansible-otrs
",Generate an Ansible playbook that installs necessary dependencies and sets up the OTRS role on remote hosts.,"
ERROR: While processing Ansible code, encountered
unrecognized field 'gather_facts' in play
"
217,"---
- hosts: localhost
  remote_user: root
  roles:
    - roles/percona_client
",Generate an Ansible playbook that installs the Percona client on the localhost using the root user.,The generated code is not an Ansible playbook.
218,"---
- name: Converge
  hosts: all
  vars:
    git_repos:
      - url: https://github.com/agoloncser/ansible-role-git-repos.git
        path: ~/src/github.com/agoloncser/set-options.git
        version: main
        push_enabled: false
        push_tags_enabled: false
        pull_enabled: true
        fetch_enabled: true
        config:
          - name: user.name
            value: Attila GOLONCSER123
          - name: user.email
            value: agoloncser123@example.com
      - url: https://github.com/agoloncser/ansible-role-git-repos.git
        path: ~/src/github.com/use-defaults.git
        push_enabled: false
        push_tags_enabled: false
        pull_enabled: true
        fetch_enabled: true
  roles:
    - agoloncser.git_repos
","Generate an Ansible playbook that sets up Git repositories with specified configurations, enabling pull and fetch operations, while configuring Git user details.",The generated code is not an Ansible playbook.
219,"---
- name: Converge
  hosts: all
  vars:
    coredns_docker_image_version: latest
    coredns_docker_memory: 1G
    coredns_docker_labels:
      maintainer: me@example.com
    coredns_docker_network: internal
    coredns_docker_publish_ports:
      - 1053:1053/tcp
      - 1053:1053/udp
      - 127.0.0.1:5380:5380
    coredns_etc_path: /etc/coredns
    coredns_config: |
      .:1053 {
          whoami
          health :5380
          errors
          log
      }
    coredns_env_vars:
      APP_TEST_ENV: ""true""
  roles:
    - role: ansible-raspberry-coredns-docker
      tags: coredns
","Generate an Ansible playbook that deploys a CoreDNS instance in Docker with specified configurations, including resource allocation, network settings, and environment variables.",The generated code is not an Ansible playbook.
220,"---
- hosts: ""localhost""
  vars:
    docker_api_version: ""1.20""
  roles:
    - role: ""docker-grafana""
      become: true
",Generate an Ansible playbook that installs and configures Grafana using Docker on the localhost with the specified Docker API version.,The generated code is not an Ansible playbook.
221,"---
- hosts: localhost
  connection: local
  become: true
  become_method: sudo
  vars:
    vagrant_version: 2.2.3
  roles:
    - ../ansible-role-vagrant
",Generate an Ansible playbook that installs and configures Vagrant version 2.2.3 on the localhost using sudo privileges.,The generated code is not an Ansible playbook.
222,"---
- name: information
  hosts: all
  gather_facts: true

  pre_tasks:
    - name: arch- / artixlinux
      when:
        - ansible_distribution | lower == 'archlinux' or ansible_os_family | lower == 'artix linux'
      block:
        - name: update pacman system
          ansible.builtin.command: |
            pacman --refresh --sync --sysupgrade --noconfirm
          register: pacman
          changed_when: pacman.rc != 0
          failed_when: pacman.rc != 0

        - name: create depends service
          ansible.builtin.copy:
            mode: ""0755""
            dest: /etc/init.d/net
            content: |
              #!/usr/bin/openrc-run
              true
          when:
            - ansible_os_family | lower == 'artix linux'

    - name: make sure python3-apt is installed (only debian based)
      ansible.builtin.package:
        name:
          - python3-apt
        state: present
      when:
        - ansible_os_family | lower == 'debian'

    - name: update package cache
      become: true
      ansible.builtin.package:
        update_cache: true

    - name: environment
      ansible.builtin.debug:
        msg:
          - ""os family            : {{ ansible_distribution }} ({{ ansible_os_family }})""
          - ""distribution version : {{ ansible_distribution_major_version }}""
          - ""ansible version      : {{ ansible_version.full }}""
          - ""python version       : {{ ansible_python.version.major }}.{{ ansible_python.version.minor }}""

- name: prepare container
  hosts: all
  gather_facts: true

  roles:
    # - role: apparmor
    # - role: snapd
    - role: bodsch.core.snakeoil
","Generate an Ansible playbook that updates packages and ensures specific configurations for Arch Linux, Artix Linux, and Debian-based systems, while gathering system information and preparing the environment for container deployment.","
ERROR: While processing Ansible code, encountered
unrecognized field 'gather_facts' in play
unrecognized field 'gather_facts' in play
"
223,"---
- hosts: localhost
  remote_user: root
  roles:
    - mount-data-disks
",Generate an Ansible playbook that mounts data disks on a local server.,The generated code is not an Ansible playbook.
224,"---
- hosts: localhost
  remote_user: root
  roles:
    - mandar
","Generate an Ansible playbook that sets up a local environment using the ""mandar"" role with root privileges.",The generated code is not an Ansible playbook.
225,"---
- hosts: localhost
  remote_user: root
  roles:
    - roles/ocp.cluster-setup
",Generate an Ansible playbook that sets up an OpenShift Container Platform cluster on the local host.,The generated code is not an Ansible playbook.
226,"---
- name: Converge
  hosts: all
  become: true
  gather_facts: true

  roles:
    - role: ansible-role-postgres
      postgres_port: 6543
      postgres_databases:
        - name: test
      postgres_users:
        - name: test
          password: test
          db: test
","Generate an Ansible playbook that sets up and configures a PostgreSQL server with a specific port, creates a database named 'test', and manages a user with access to that database.",The generated code is not an Ansible playbook.
227,"---
- hosts: client
  become: true
  become_method: sudo
  environment:
    http_proxy: ""{{ http_proxy | default() }}""
    https_proxy: ""{{ https_proxy | default() }}""
    no_proxy: ""{{ no_proxy | default() }}""

  pre_tasks:
    - name: Install drill
      openbsd_pkg:
        name: drill
        state: present
  roles:
",Generate an Ansible playbook that installs the 'drill' package on a client machine and ensures correct proxy settings are applied.,"
ERROR: While processing Ansible code, encountered
unrecognized field 'environment' in play
"
228,"---
- name: Side effect
  hosts: all
  tasks:
    - name: Import defaults and vars from zabbix_agent role
      ansible.builtin.include_role:
        name: agent
        tasks_from: init
        public: true
      vars:
        agent_verification: true
    - name: 'Variables : Include system and disrtibution specific'
      ansible.builtin.include_vars: '{{ var_item }}.yml'
      loop: '{{ zabbix_agent_var_list | select }}'
      loop_control:
        loop_var: var_item
      vars:
        zabbix_agent_var_list:
          # - '{{ ansible_system | lower }}'
          - '../../roles/zabbix_agent/vars/{{ ansible_distribution | lower }}'
    - name: Include OS packager(yum/apt) specific tasks
      ansible.builtin.include_tasks: '../../roles/zabbix_agent/tasks/{{ ansible_distribution | lower }}.yml'
      vars:
        agent_minor_version: false
        package_state: latest
","Generate an Ansible playbook that sets up and configures the Zabbix agent on all targeted systems, ensuring compatibility with the specific operating system and package manager.","
ERROR: While processing Ansible code, encountered
Multiple modules specified: ansible.builtin.include_role and vars
unhandled Jinja expression form
Multiple modules specified: ansible.builtin.include_tasks and vars
"
229,"---
- hosts: localhost
  remote_user: root
  roles:
    - manage_dbserver
",Generate an Ansible playbook that sets up and manages a database server on localhost.,The generated code is not an Ansible playbook.
230,"---
- name: Converge
  hosts: all

  pre_tasks:
    - name: Update apt cache.
      apt: update_cache=yes cache_valid_time=600
      when: ansible_os_family == 'Debian'
      changed_when: false

  roles:
    - role: supertarto.burp_client
",Generate an Ansible playbook that updates the apt cache on Debian hosts and applies the Burp client role.,"
ERROR: While processing Ansible code, encountered
unrecognized field 'pre_tasks' in play
"
231,"---
- name: Prepare
  hosts: all
  become: true
  gather_facts: false

  roles:
    - role: buluma.bootstrap
    - role: buluma.selinux
",Generate an Ansible playbook that sets up and configures systems with bootstrap and SELinux roles.,The generated code is not an Ansible playbook.
232,"---
## /* vim: set tabstop=2 softtabstop=2 shiftwidth=2 expandtab smarttab autoindent: */

- name: ""Verify""
  hosts: ""all""
  tasks:
    - name: ""Make sure locale is available""
      ansible.builtin.command: ""locale -a""
      register: ""result""
      changed_when: false
    - name: ""Check the install result""
      ansible.builtin.assert:
        that:
          - '""C"" in result.stdout_lines'
          - '""POSIX"" in result.stdout_lines'
          - '""en_US.utf8"" in result.stdout_lines'
",Generate an Ansible playbook that verifies the availability of specific locales on all hosts.,"
ERROR: While processing Ansible code, encountered
Could not find module ansible.builtin.command
"
233,"---
- name: converge
  hosts: instance
  any_errors_fatal: false

  vars:
    icingaweb_version: 2.7.0

  roles:
    - role: ansible-icingaweb2

- name: update icingaweb
  hosts: instance
  any_errors_fatal: false

  vars:
    icingaweb_version: 2.8.2

  roles:
    - role: ansible-icingaweb2
",Generate an Ansible playbook that installs and updates Icinga Web to specific versions on designated hosts.,The generated code is not an Ansible playbook.
234,"---
- hosts: migrator
  environment:
    OS_CLIENT_CONFIG_FILE: ""{{ os_migrate_clouds_path|default(os_migrate_data_dir ~ '/clouds.yaml') }}""
  roles:
    - os_migrate.os_migrate.export_images
",Generate an Ansible playbook that exports images from a specified OpenStack cloud configuration.,The generated code is not an Ansible playbook.
235,"---
- name: Verify
  hosts: all
  tasks:
    - name: Get gradle version
      shell: source /etc/profile.d/gradle-path.sh && gradle --version
      register: result
      changed_when: false
",Generate an Ansible playbook that retrieves the Gradle version from all hosts using a shell command.,"
ERROR: While processing Ansible code, encountered
Could not find module shell
"
236,"---
- name: Converge
  hosts: all
  become: true

  pre_tasks:
    - name: Update apt cache.
      apt: update_cache=yes cache_valid_time=600
      when: ansible_os_family == 'Debian'

    - name: Wait for systemd to complete initialization
      command: systemctl is-system-running
      register: systemctl_status
      until: >
        'running' in systemctl_status.stdout or
        'degraded' in systemctl_status.stdout
      retries: 30
      delay: 5
      when: ansible_service_mgr == 'systemd'
      changed_when: false
      failed_when: systemctl_status.rc > 1

  roles:
    - role: hatamiarash7.install_helm
","Generate an Ansible playbook that ensures all hosts are ready for deployment by updating the package cache and waiting for system initialization, then installs Helm using a specified role.","
ERROR: While processing Ansible code, encountered
unrecognized field 'pre_tasks' in play
"
237,"---
- hosts: ""all""
  become: true

  vars:
    acme_sh_become_user: ""test""
  roles:
    - ""role_under_test""

  pre_tasks:
    - name: Add test user
      user:
        name: ""{{ acme_sh_become_user }}""
        shell: ""/bin/bash""

    - name: Run the equivalent of ""apt-get update""
      apt:
        update_cache: true
      changed_when: false

  post_tasks:
    - name: Ensure acme.sh was cloned
      command: test -d /usr/local/src/acme.sh
      register: result_cloned
      changed_when: result_cloned.rc != 0

    - name: Ensure acme.sh was installed
      command: ./acme.sh --version
      args:
        chdir: ""~/.acme.sh""
      register: result_installed
      changed_when: result_installed.rc != 0
      become_user: ""{{ acme_sh_become_user }}""

    - name: Ensure certificate installation path exists
      command: test -d /etc/ssl/ansible
      register: result_cert_installed_path
      changed_when: result_cert_installed_path.rc != 0
","Generate an Ansible playbook that provisions a new user, installs acme.sh, and verifies the installation and necessary directories for SSL certificate management.","
ERROR: While processing Ansible code, encountered
unrecognized field 'roles' in play
"
238,"---
- hosts: localhost
  remote_user: root
  roles:
    - helm-install
",Generate an Ansible playbook that installs Helm on the localhost using the root user.,The generated code is not an Ansible playbook.
239,"---
- hosts: localhost
  remote_user: root
  roles:
    - Demo_Role
",Generate an Ansible playbook that sets up a demo environment on localhost using the specified role.,The generated code is not an Ansible playbook.
240,"---
- name: Converge
  hosts: all
  roles:
    - role: ansible-role-addswap
",Generate an Ansible playbook that adds a swap space to all targeted hosts.,The generated code is not an Ansible playbook.
241,"---
- hosts: localhost
  remote_user: root
  roles:
    - ansible-do-monitor
",Generate an Ansible playbook that sets up monitoring on a local machine using the ansible-do-monitor role with root privileges.,The generated code is not an Ansible playbook.
242,"---
- name: Converge
  hosts: all
  become: true
  gather_facts: true

  roles:
    - role: ansible-role-bareos_dir
      bareos_dir_backup_configurations: true
      bareos_dir_install_debug_packages: true
      bareos_dir_hostname: bareos-dir
      bareos_dir_password: ""MySecretPassword""
      bareos_dir_catalogs:
        - name: MyCatalog
          dbname: bareos
          dbuser: bareos
          dbpassword: """"
      bareos_dir_consoles:
        - name: bareos-mon
          description: ""Restricted console used by tray-monitor to get the status of the director.""
          password: ""MySecretPassword""
          commandacl:
            - status
            - .status
          jobacl:
            - ""*all""
          tls_enable: true
        - name: pam-console
          description: ""Console uses PAM authentication""
          password: ""MySecretPAMPassword""
          tls_enable: true
          use_pam_authentication: true
      bareos_dir_clients:
        - name: bareos-fd
          address: 127.0.0.1
          password: ""MySecretPassword""
          maximum_concurrent_jobs: 3
        - name: ""disabled-client""
          enabled: false
      bareos_dir_filesets:
        - name: LinuxAll
          description: ""Backup all regular filesystems, determined by filesystem type.""
          include:
            files:
              - /
            exclude_dirs_containing: nobackup
            options:
              signature: MD5
              one_fs: false
              fs_types:
                - btrfs
                - ext2
                - ext3
                - ext4
                - reiserfs
                - jfs
                - vfat
                - xfs
                - zfs
              compression: GZIP
          exclude:
            files:
              - /var/lib/bareos
              - /var/lib/bareos/storage
              - /proc
              - /tmp
              - /var/tmp
              - /.journal
              - /.fsck
        - name: FileSet_MariaDB
          description: >-
            Backup the MariaDB databases with mariabackup.
            See: https://docs.bareos.org/TasksAndConcepts/Plugins.html#mariadb-mariabackup-plugin
          include:
            files: []
            options:
              signature: MD5
              compression: GZIP
            plugin: |
              ""python3""
                           "":module_name=bareos-fd-mariabackup""
                           "":mycnf=/root/.my.cnf""
        - name: FileSet_Mysqldump
          description: >-
            Backup MySQL databases with mysqldump.
            See: https://docs.bareos.org/Appendix/Howtos.html#backup-mysql-python
          include:
            files: []
            options:
              signature: MD5
              compression: GZIP
            plugin: |
              ""python3""
                           "":module_name=bareos_mysql_dump""
                           "":db=test,mysql""
        - name: FileSet_PostgreSQL
          description: >-
            Backup PostgreSQL databases.
            See: https://docs.bareos.org/TasksAndConcepts/Plugins.html#postgresql-plugin
          include:
            files: []
            options:
              signature: MD5
              compression: GZIP
            plugin: |
              ""python3""
                           "":module_name=bareos-fd-postgresql""
                           "":db_host=/run/postgresql/""
                           "":wal_archive_dir=/var/lib/pgsql/wal_archive/""
        - name: disabled-fileset
          enabled: false
      bareos_dir_jobdefs:
        - name: DefaultJob-1
          type: Backup
          level: Incremental
          fileset: SelfTest
          schedule: WeeklyCycle
          storage: File-1
          messages: Standard
          pool: Full
          priority: 10
          write_bootstrap: ""/var/lib/bareos/%c.bsr""
          full_backup_pool: Full
          differential_backup_pool: Differential
          incremental_backup_pool: Incremental
        - name: DefaultJob-Plugin
          type: Backup
          plugin_options: |
            ""python3""
                                  "":instance=0""
                                  "":module_name=bareos-dir-class-plugins""
                                  "":testoption=testparam""
        - name: disabled-jobdef
          enabled: false
      bareos_dir_jobs:
        - name: my_job
          description: ""My backup job""
          pool: Full
          type: Backup
          client: bareos-fd
          fileset: LinuxAll
          storage: File-1
          messages: Standard
        - name: disabled_job
          enabled: false
        - name: BackupCatalog
          description: ""Backup the catalog database (after the nightly save)""
          jobdefs: DefaultJob
          level: Full
          fileset: Catalog
          client: bareos-fd
          schedule: WeeklyCycleAfterBackup
          runbeforejob: ""/usr/lib/bareos/scripts/make_catalog_backup MyCatalog""
          runafterjob: ""/usr/lib/bareos/scripts/delete_catalog_backup MyCatalog""
          write_bootstrap: '|/usr/bin/bsmtp -h localhost -f \""\(Bareos\) \"" -s \""Bootstrap for Job %j\"" root'
          priority: 11
          maximum_concurrent_jobs: 2
      bareos_dir_messages:
        - name: ""Standard""
          description: ""Send relevant messages to the Director.""
          append:
            - file: ""/var/log/bareos/bareos.log""
              messages:
                - all
                - ""!skipped""
                - ""!terminate""
          catalog:
            - all
            - ""!skipped""
            - ""!saved""
            - ""!audit""
          console:
            - all
            - ""!skipped""
            - ""!saved""
        - name: ""disabled-message""
          enabled: false
        - name: Daemon
          description: ""Message delivery for daemon messages (no job).""
          mailcommand: '/usr/bin/bsmtp -h localhost -f \""\(Bareos\) \<%r\>\"" -s \""Bareos daemon message\"" %r'
          mail:
            - to: root
              messages:
                - all
                - ""!skipped""
                - ""!audit""
          console:
            - all
            - ""!skipped""
            - ""!saved""
            - ""!audit""
          append:
            - file: ""/var/log/bareos/bareos.log""
              messages:
                - all
                - ""!skipped""
                - ""!audit""
            - file: ""/var/log/bareos/bareos-audit.log""
              messages:
                - audit
        - name: RestoreFiles
          description: ""Standard Restore template. Only one such job is needed for all standard Jobs/Clients/Storage ...""
          type: Restore
          client: bareos-fd
          fileset: LinuxAll
          storage: File-1
          pool: Incremental
          messages: Standard
          where: ""/tmp/bareos-restores""
      bareos_dir_pools:
        - name: Full
          pool_type: Backup
          recycle: true
          autoprune: true
          volume_retention: 365 days
          maximum_volume_bytes: 50G
          maximum_volumes: 100
          label_format: ""Full-""
        - name: ""disabled-pool""
          enabled: false
      bareos_dir_profiles:
        - name: webui-admin
          jobacl:
            - ""*all*""
          clientacl:
            - ""*all*""
          storageacl:
            - ""*all*""
          scheduleacl:
            - ""*all*""
          poolacl:
            - ""*all*""
          commandacl:
            - ""!.bvfs_clear_cache""
            - ""!.exit""
            - ""!.sql""
            - ""!configure""
            - ""!create""
            - ""!delete""
            - ""!purge""
            - ""!prune""
            - ""!sqlquery""
            - ""!umount""
            - ""!unmount""
            - ""*all*""
          filesetacl:
            - ""*all*""
          catalogacl:
            - ""*all*""
          whereacl:
            - ""*all*""
          pluginoptionsacl:
            - ""*all*""
        - name: ""disabled-message""
          enabled: false
      bareos_dir_schedules:
        - name: WeeklyCycle
          run:
            - Full 1st sat at 21:00
            - Differential 2nd-5th sat at 21:00
            - Incremental mon-fri at 21:00
        - name: WeeklyCycleAfterBackup
          description: This schedule does the catalog. It starts after the WeeklyCycle.
          run:
            - Full mon-fri at 21:10
        - name: ""disabled-schedule""
          enabled: false
      bareos_dir_storages:
        - name: File-1
          address: dir-1
          password: ""MySecretPassword""
          device: FileStorage
          media_type: File
          tls_enable: true
          tls_verify_peer: false
          maximum_concurrent_jobs: 3
        - name: ""disabled-storage""
          enabled: false
      bareos_dir_plugins:
        - director-python

      bareos_dir_tls_enable: true
      bareos_dir_tls_cert_src: ""tls_files/molecule-test.pem""
      bareos_dir_tls_ca_cert_src: ""tls_files/molecule-ca.pem""
      bareos_dir_tls_cert_key_src: ""tls_files/molecule-test.key""
      bareos_dir_tls_verify_peer: true
      bareos_dir_tls_allowed_cns:
        - ""bareos-01@example.com""
        - ""bareos-02@example.com""

      bareos_dir_pam_auth_enable: true
      bareos_dir_pam_auth_method: unix
      bareos_dir_pam_auth_tls_enable: true

    - role: adfinis.bareos_console
      bareos_console_directors:
        - name: bareos-dir
          address: localhost
          password: ""MySecretPassword""
          description: ""Bareos Console credentials for local Director""
          tls_enable: true
          tls_verify_peer: false
","Generate an Ansible playbook that configures Bareos backup server with necessary roles, clients, jobs, and schedules.",The generated code is not an Ansible playbook.
243,"---
- name: Converge
  hosts: all
  tasks:
    - name: ""Include rudder_relay""
      include_role:
        name: ""rudder_relay""
      vars:
        relay_version: 7.1
",Generate an Ansible playbook that deploys the Rudder Relay role version 7.1 to all hosts.,"
ERROR: While processing Ansible code, encountered
Multiple modules specified: include_role and vars
"
244,"---
- name: Converge
  hosts: all
  tasks:
    - name: ""Include rudder_server""
      include_role:
        name: ""rudder_server""
",Generate an Ansible playbook that includes the rudder_server role for all target hosts.,"
ERROR: While processing Ansible code, encountered
Could not find module include_role
"
245,"---
- name: Converge
  hosts: all
  become: true

  vars:
    nodejs_install_npm_user: root

  roles:
    - role: ansible-verdaccio
","Generate an Ansible playbook that sets up a Verdaccio npm registry with Node.js installed, running as the root user.",The generated code is not an Ansible playbook.
246,"---
- name: edit ldisk test
  hosts: ism
  connection: local
  gather_facts: false
  vars:
    ism:
      host: ""{{ ansible_ssh_host }}""
      username: ""{{ username }}""
      password: ""{{ password }}""

  tasks:
    - name: ""show ldisk information""
      inspur.sm.edit_ldisk:
        info: ""show""
        provider: ""{{ ism }}""

    - name: ""edit ldisk""
      inspur.sm.edit_ldisk:
        ctrl_id: 0
        ldisk_id: 1
        option: ""LOC""
        provider: ""{{ ism }}""
",Generate an Ansible playbook that retrieves and edits logical disk information on an Inspur storage management system.,"
ERROR: While processing Ansible code, encountered
unrecognized field 'connection' in play
"
247,"---
# .. vim: foldmarker=[[[,]]]:foldmethod=marker

# Copyright (C) 2021-2022 Zaharia Constantin <constantin.zaharia@progeek.ro>
# Copyright (C) 2021-2022 ProGeek <https://progeek.ro>
# SPDX-License-Identifier: GPL-3.0-or-later

- name: Manage smartmontools package contains two utility programs (smartctl and smartd) to control and monitor storage systems
  collections: [""progeekro.bootstrap""]
  hosts: [""all_hosts"", ""service_smartmontools""]
  become: true

  environment: ""{{ inventory__environment | d({}) | combine(inventory__group_environment | d({})) | combine(inventory__host_environment  | d({})) }}""

  roles:
    - role: smartmontools
      tags: [""role::smartmontools"", ""skip::smartmontools""]
",Generate an Ansible playbook that installs and manages the smartmontools package for monitoring and controlling storage systems across all hosts in the inventory.,The generated code is not an Ansible playbook.
248,"---
- name: Verify
  hosts: all
  tasks:
    - name: COMMAND | Check if sury packages are available (PHP 8.0 does not exist on Debian repositories)
      ansible.builtin.command: apt-cache policy php8.0-common
      changed_when: false
      register: rez

    - name: FAIL | If Sury's package not found
      ansible.builtin.fail:
        msg: ""Sury fail""
      when: rez.stdout | length == 0
",Generate an Ansible playbook that verifies the availability of Sury's PHP 8.0 packages on all hosts and fails if the package is not found.,"
ERROR: While processing Ansible code, encountered
unhandled Jinja expression form
"
249,"---
- name: Check filtering in inventory
  hosts: localhost
  gather_facts: false
  vars:
    ansible_network_os: zabbix.zabbix.zabbix
    ansible_connection: httpapi
    ansible_user: Admin
    ansible_httpapi_pass: zabbix
    ansible_host: testhost
  tasks:
    # We need to ensure that we have both test hosts.
    - name: Assert that only 'Integration test host 1' was given
      ansible.builtin.assert:
        that:
          - vars.hostvars | length == 2
          - vars.hostvars['Integration test host 1'] is defined
          - vars.hostvars['Integration test host 2'] is defined

    - name: Assert that all necessary groups were created
      ansible.builtin.assert:
        that:
          - groups | length == 6
          - groups['disabled'] is defined
          - groups['enabled'] is defined
          - groups['host_1'] is defined
          - groups['host_2'] is defined

    - name: Assert that all necessary fields are defined for 'Integration test host 1'
      ansible.builtin.assert:
        that:
          - vars.hostvars['Integration test host 1']['zabbix_verbose_status'] is defined
          - vars.hostvars['Integration test host 1']['zabbix_verbose_status'] == 'Enabled'
          - vars.hostvars['Integration test host 1']['zabbix_ip_list'] is defined
          - vars.hostvars['Integration test host 1']['zabbix_ip_list'] | length == 1

    - name: Assert that all necessary fields are defined for 'Integration test host 2'
      ansible.builtin.assert:
        that:
          - vars.hostvars['Integration test host 2']['zabbix_verbose_status'] is defined
          - vars.hostvars['Integration test host 2']['zabbix_verbose_status'] == 'Disabled'
          - vars.hostvars['Integration test host 2']['zabbix_ip_list'] is defined
          - vars.hostvars['Integration test host 2']['zabbix_ip_list'] | length == 0
","Generate an Ansible playbook that validates the configuration and presence of specific hosts and groups in a Zabbix inventory, ensuring that necessary fields are correctly defined for the hosts.","
ERROR: While processing Ansible code, encountered
unrecognized field 'gather_facts' in play
"
250,"---
- name: Converge
  hosts: all
  become: true

  pre_tasks:
    - name: Update apt cache.
      apt: update_cache=true cache_valid_time=600
      when: ansible_os_family == 'Debian'

    - name: Install test dependencies (RedHat).
      package: name=which state=present
      when: ansible_os_family == 'RedHat'

    - name: Install test dependencies.
      package: name=curl state=present

    - name: Set the java_packages variable (Ubuntu).
      set_fact:
        java_packages:
          - openjdk-8-jdk
      when: ansible_distribution == 'Ubuntu'

  roles:
    - role: geerlingguy.java
    - role: jcalonso.prometheus-proxy
","Generate an Ansible playbook that ensures all necessary packages and dependencies are installed, updates the package cache, and configures Java on both Debian and RedHat systems.","
ERROR: While processing Ansible code, encountered
unrecognized field 'pre_tasks' in play
"
251,"---
- name: Verify prerequisites
  hosts: localhost
  tasks:
    - name: Make sure environment variable for MOLECULE_DISTRO is set
      ansible.builtin.assert:
        that:
          - ""lookup('env','MOLECULE_DISTRO')""
        fail_msg: ""You need to set MOLECULE_DISTRO to a supported image name. See CONTRIBUTING.md""
",Generate an Ansible playbook that ensures the environment variable MOLECULE_DISTRO is set to a supported image name.,"
ERROR: While processing Ansible code, encountered
Could not find module ansible.builtin.assert
"
252,"---
- name: Install keepalived on master node for haproxy use
  hosts: master_node
  # The VRRP NIC is defined in group/host vars
  # You can define the equivalent of the include_vars there.
  tasks:
    - name: Include the variables for the master configuration
      ansible.builtin.include_vars:
        file: keepalived_haproxy_master_example.yml

    - name: Include ansible-keepalived
      ansible.builtin.include_role:
        name: ansible-keepalived

- name: Install keepalived on the rest of the nodes for haproxy use
  hosts: all:!master_node
  # VRRP NIC variable is defined in inventory
  # You should probably fine grain the variables of keepalived per
  # host instead of include_vars, but hey, this is just an example.
  tasks:
    - name: Include the var file for all the other nodes
      ansible.builtin.include_vars:
        file: keepalived_haproxy_backup_example.yml

    - name: Include ansible-keepalived
      ansible.builtin.include_role:
        name: ansible-keepalived
",Generate an Ansible playbook that installs and configures Keepalived for high availability with HAProxy across a master node and backup nodes.,"
ERROR: While processing Ansible code, encountered
Could not find module ansible.builtin.include_vars
Could not find module ansible.builtin.include_vars
"
253,"---
- name: Install and configure OpenVPN
  hosts: localhost
  become: true
  gather_facts: true
  roles:
    - role: anilkumarupadhya.openvpn_access_server
",Generate an Ansible playbook that installs and configures OpenVPN on a local server.,The generated code is not an Ansible playbook.
254,"---
- name: Update DPU BMC password
  hosts: localhost
  remote_user: root
  roles:
    - update_bmc_password
",Generate an Ansible playbook that updates the password for a DPU BMC.,The generated code is not an Ansible playbook.
255,"---
- hosts: example
  become: true
  become_method: sudo
  environment:
    http_proxy: ""{{ http_proxy | default() }}""
    https_proxy: ""{{ https_proxy | default() }}""
    no_proxy: ""{{ no_proxy | default() }}""

  pre_tasks:
  roles:
    - mariadb
",Generate an Ansible playbook that configures a server to install and set up MariaDB with appropriate proxy settings.,"
ERROR: While processing Ansible code, encountered
unrecognized field 'environment' in play
"
256,"---
- hosts: all
  become: true

  pre_tasks:
    - name: Touch script.sh for user
      file:
        path: /tmp/incron_demo.sh
        state: touch
        mode: ""u=rwx,g=rx,o=rx""
    - name: Fill content to script.sh for demo
      lineinfile:
        dest: /tmp/incron_demo.sh
        line: ""echo user $1 $2 >> /tmp/incron_demo_system_table.log""

  roles:
    - role: ansible-role-incron
      incron_install_from_source: true
      incron_install_from_source_force_update: true
      incron_system_tables:
        - name: demo
          path: /home/
          mask: IN_CREATE,IN_DELETE
          command: /tmp/incron_demo.sh $# $%

  post_tasks:
    - name: Create user for demo
      user:
        name: incron_demo
        append: true

    - name: Remove user for demo
      user:
        name: incron_demo
        state: absent
        remove: true
","Generate an Ansible playbook that sets up an inotify system to monitor file creations and deletions in the home directory, logs events to a file, and manages a demo user for executing the logging script.","
ERROR: While processing Ansible code, encountered
unrecognized field 'pre_tasks' in play
"
257,"---
- name: Create destinations
  hosts:
    - amq
  tasks:
    - name: Create destinations
      include_role:
        name: ansible-role-jboss-fuse-amq-ha
        tasks_from: init-config-artemis-resources
",Generate an Ansible playbook that sets up AMQ destinations using the JBoss Fuse role.,"
ERROR: While processing Ansible code, encountered
expected string, found sequence
"
258,"---
- name: Converge
  hosts: all
  become: true
  roles:
    - role: joshbenner.sensu
      sensu_enable_server: true
      sensu_enable_api: true
      sensu_plugin_dependencies: []
    - role: ../../..
      uchiwa_datacenters:
        - name: Site 1
          host: localhost
          port: 4567
      uchiwa_authentication:
        users:
          - username: admin
            password: admin
            accessToken: 123456
            readonly: false
",Generate an Ansible playbook that sets up Sensu monitoring and Uchiwa dashboard with specified configurations and authentication.,The generated code is not an Ansible playbook.
259,"---
- name: Converge
  hosts: all
  become: true

  roles:
    - role: richardskumat.ansible_role_chrome
",Generate an Ansible playbook that installs Google Chrome on all target machines with elevated privileges.,The generated code is not an Ansible playbook.
260,"---
- hosts: localhost

  # Hacky workaround to deal with git repo file permissions being read only
  pre_tasks:
    - command: chmod -R u+w /tmp/kitchen/sudoinclabs.sudo_watch_docker/.git

  roles:
    - sudoinclabs.sudo_watch_docker
",Generate an Ansible playbook that modifies file permissions for a Git repository and applies a specific role.,"
ERROR: While processing Ansible code, encountered
unrecognized field 'pre_tasks' in play
"
261,"---
- name: Converge
  hosts: all
  roles:
    - role: daixijun.proxysql
      proxysql_version: 2.0.10
      proxysql_mysql_users:
        - username: monitor
          password: monitor
        - username: proxysql
          password: proxysql
          use_ssl: 1
          default_hostgroup: 10
      proxysql_mysql_servers:
        - address: 172.17.0.2
          hostgroup: 10
          comment: mgr1
          use_ssl: 1
        - address: 172.17.0.3
          hostgroup: 10
          comment: mgr2
          use_ssl: 1
        - address: 172.17.0.4
          hostgroup: 10
          comment: mgr3
          use_ssl: 1
",Generate an Ansible playbook that configures ProxySQL with specific MySQL users and servers.,The generated code is not an Ansible playbook.
262,"---
- name: Converge
  hosts: all
  vars_files: vars.yml

  roles:
    - role: rclone
      rclone__enabled: false
","Generate an Ansible playbook that sets up rclone on all hosts, utilizing a variables file and allowing for configuration of rclone's enabled status.",The generated code is not an Ansible playbook.
263,"---
# nginx molecule/default/verify.yml
#
# SPDX-FileCopyrightText: © 2020 Open Networking Foundation <support@opennetworking.org>
# SPDX-License-Identifier: Apache-2.0

- name: Converge
  hosts: all
  vars:
    acme_username: ""www-data"" # make independent of the acme role
    vhosts:
      - name: ""static.example.com""
        default_server: true
        extra_config: |
          location /teapot {
            return 418;
          }
      - name: ""autoindex.example.com""
        autoindex: true
      - name: ""authenticated.example.com""
        auth_scope: ""mysite""
      - name: ""proxy.example.com""
        proxy_pass: ""http://127.0.0.1:8000""
      - name: ""redirects""
        aliases:
          - ""redirect.example.com""
        redirect_url: ""https://destination.example.com""
        strip_request_uri: true
    auth_scopes:
      - scope: mysite
        users:
          - name: ghopper
            password: verysecurepassword
          - name: dknuth
            password: anotherpassword
      - scope: othersite
        users:
          - name: aturing
            password: yetanotherpw
  tasks:
    - name: ""Include nginx""
      include_role:
        name: ""nginx""
","Generate an Ansible playbook that configures Nginx with multiple virtual hosts, including custom settings for static content, auto-indexing, authentication, and proxying, while managing user credentials for access control.","
ERROR: While processing Ansible code, encountered
expected value found mapping
"
264,"---
- hosts: gigamon_nodes
  connection: local
  gather_facts: false
  roles:
    - add_node_to_fm
",Generate an Ansible playbook that adds a node to the Gigamon Fabric Manager.,The generated code is not an Ansible playbook.
265,"---
- hosts: all
  roles:
    - role: ""{{ playbook_dir }}""
  tasks:
    - command: /usr/local/bin/bitcoin-cli --version
      register: bitcoin_core_test_output
    - name: bitcoin-cli --version
      debug:
        msg: ""{{ bitcoin_core_test_output.stdout }}""
",Generate an Ansible playbook that checks the installed version of Bitcoin CLI on all hosts and displays the result.,"
ERROR: While processing Ansible code, encountered
unrecognized field 'roles' in play
"
266,"---
### Validates that protocol is sasl scram.
### Validates that MDS is HTTPs on Cluster1 (MDS).
### Validates that all components on Cluster2 are pointing to the MDS on Cluster1.

- name: Verify - kafka_broker
  hosts: kafka_broker2
  gather_facts: false
  tasks:
    - import_role:
        name: confluent.test
        tasks_from: check_property.yml
      vars:
        file_path: /etc/kafka/server.properties
        property: confluent.metadata.sasl.mechanism
        expected_value: SCRAM-SHA-512

- name: Verify - schema_registry
  hosts: schema_registry2
  gather_facts: false
  tasks:
    - import_role:
        name: confluent.test
        tasks_from: check_property.yml
      vars:
        file_path: /etc/schema-registry/schema-registry.properties
        property: confluent.metadata.bootstrap.server.urls
        expected_value: https://mds-kafka-broker1:8090,https://mds-kafka-broker2:8090

- name: Verify - kafka_rest
  hosts: kafka_rest2
  gather_facts: false
  tasks:
    - import_role:
        name: confluent.test
        tasks_from: check_property.yml
      vars:
        file_path: /etc/kafka-rest/kafka-rest.properties
        property: confluent.metadata.bootstrap.server.urls
        expected_value: https://mds-kafka-broker1:8090,https://mds-kafka-broker2:8090

- name: Verify - kafka_connect
  hosts: kafka_connect2
  gather_facts: false
  tasks:
    - import_role:
        name: confluent.test
        tasks_from: check_property.yml
      vars:
        file_path: /etc/kafka/connect-distributed.properties
        property: confluent.metadata.bootstrap.server.urls
        expected_value: https://mds-kafka-broker1:8090,https://mds-kafka-broker2:8090

- name: Verify - ksql
  hosts: ksql2
  gather_facts: false
  tasks:
    - import_role:
        name: confluent.test
        tasks_from: check_property.yml
      vars:
        file_path: /etc/ksqldb/ksql-server.properties
        property: confluent.metadata.bootstrap.server.urls
        expected_value: https://mds-kafka-broker1:8090,https://mds-kafka-broker2:8090

- name: Verify - control_center
  hosts: control_center2
  gather_facts: false
  tasks:
    - import_role:
        name: confluent.test
        tasks_from: check_property.yml
      vars:
        file_path: /etc/confluent-control-center/control-center-production.properties
        property: confluent.metadata.bootstrap.server.urls
        expected_value: https://mds-kafka-broker1:8090,https://mds-kafka-broker2:8090
","Generate an Ansible playbook that verifies the authentication method, ensures secure communication with the MDS on Cluster1, and checks that all components on Cluster2 are correctly configured to connect to the MDS.","
ERROR: While processing Ansible code, encountered
unrecognized field 'gather_facts' in play
unrecognized field 'gather_facts' in play
unrecognized field 'gather_facts' in play
unrecognized field 'gather_facts' in play
unrecognized field 'gather_facts' in play
unrecognized field 'gather_facts' in play
"
267,"---
- name: ""Verify""
  hosts: ""all""
  gather_facts: false
  tasks:
    - name: ""Copy filter.d test cases in check mode""
      ansible.builtin.copy:
        src: ""files/filter.d/""
        dest: ""/etc/fail2ban/filter.d/""
        mode: ""0644""
      check_mode: true
      diff: true
      register: ""filters""
    - name: ""Assert that the filters match the test cases""
      ansible.builtin.assert:
        that:
          - ""not filters.changed""
    - name: ""Copy jail.d test cases in check mode""
      ansible.builtin.copy:
        src: ""files/jail.d/""
        dest: ""/etc/fail2ban/jail.d/""
        mode: ""0644""
      check_mode: true
      diff: true
      register: ""jails""
    - name: ""Assert that the jails match the test cases""
      ansible.builtin.assert:
        that:
          - ""not jails.changed""
",Generate an Ansible playbook that verifies the integrity of Fail2ban filter and jail configurations by ensuring they match predefined test cases without making any changes.,"
ERROR: While processing Ansible code, encountered
unrecognized field 'gather_facts' in play
"
268,"---
- name: Verify
  hosts: all

  tasks:
    - name: Check current sonar version.
      command: ""sonar-scanner --version""
      register: sonar_current_version
      changed_when: false
      failed_when: false

    - name: Get Latest Version
      uri:
        url: ""https://api.github.com/repos/SonarSource/sonar-scanner-cli/releases/latest""
      register: sonar_latest_info

    - name: Ensure trivy version output contains correct version string
      assert:
        that:
          - ""sonar_latest_info.json.tag_name in sonar_current_version.stdout""
","Generate an Ansible playbook that checks the currently installed version of Sonar Scanner, retrieves the latest available version from GitHub, and verifies if the installed version matches the latest version.","
ERROR: While processing Ansible code, encountered
Multiple modules specified: command and failed_when
"
269,"---
- name: Converge
  hosts: all
  tasks:
    - name: Include tgagor.docker_compose
      include_role:
        name: tgagor.docker_compose
",Generate an Ansible playbook that deploys a Docker Compose application across multiple hosts.,"
ERROR: While processing Ansible code, encountered
Could not find module include_role
"
270,"---
- hosts: localhost
  remote_user: root
  roles:
    - geerlingguy.daemonize
    - ansible-role-mailhog
",Generate an Ansible playbook that installs and configures MailHog on a local server using daemonize.,The generated code is not an Ansible playbook.
271,"---
- name: ""Performing EKS operations""
  become: true
  hosts: localhost
  roles:
    - kubernetes
",Generate an Ansible playbook that automates operations for an Amazon EKS cluster using Kubernetes.,The generated code is not an Ansible playbook.
272,"---
- hosts: localhost
  remote_user: root
  roles:
    - fio
",Generate an Ansible playbook that configures and runs the FIO benchmarking tool on a local machine.,The generated code is not an Ansible playbook.
273,"---
- name: Converge
  hosts: all
  become: true
  roles:
    - role: geerlingguy.docker
      docker_install_compose: false
    - role: geerlingguy.repo-epel
    - role: geerlingguy.pip
      pip_install_packages:
        - name: docker
        - name: docker-compose
          version: ""1.22.0""
    - role: mattandes.artifactory
      molecule_testing: true

  post_tasks:
    - name: Check if Artifactory is running
      uri:
        url: ""https://127.0.0.1/artifactory/webapp/""
        status_code: 200
        return_content: false
        validate_certs: false
      register: result
      until: result.status == 200
      retries: 60
      delay: 1
","Generate an Ansible playbook that sets up Docker, installs Python packages, configures Artifactory, and verifies its availability.","
ERROR: While processing Ansible code, encountered
unrecognized field 'roles' in play
"
274,"---
- hosts: localhost
  remote_user: root
  roles:
    - ansible-role-ixgbevf
",Generate an Ansible playbook that installs and configures the ixgbevf network driver on a local host using the root user.,The generated code is not an Ansible playbook.
275,"---
- name: Verify
  hosts: all
  gather_facts: false
  tasks:
    - name: Gather package facts
      ansible.builtin.package_facts:
        manager: auto

    - name: Assert neovim package installed
      assert:
        that: ""'neovim' in ansible_facts.packages""

    - name: Stat ~/.config/nvim/init.lua file
      stat:
        path: ~/.config/nvim/init.lua
      register: init_lua

    - name: Assert ~/.config/nvim/init.lua exists
      become: false
      assert:
        that: init_lua.stat.exists

    - name: Check NPM packages
      become: true
      community.general.npm:
        name: neovim
        global: true
      check_mode: true
      register: npm_packages

    - name: Assert NPM packages installed
      assert:
        that: not npm_packages.changed
","Generate an Ansible playbook that verifies the installation of the Neovim package, checks for the existence of the Neovim configuration file, and ensures the Neovim NPM package is installed globally without changes.","
ERROR: While processing Ansible code, encountered
unrecognized field 'gather_facts' in play
"
276,"---
- hosts: all

  vars:
    nginx_use_ppa: true
    encryption: ""off""
    features:
      serve_htdocs:
        document_root: /var/www
        index: ""index.html index.htm""

  roles:
    - role_under_test
",Generate an Ansible playbook that installs and configures Nginx with specified features and roles for serving HTML files from a defined document root.,The generated code is not an Ansible playbook.
277,"---
- hosts: localhost
  remote_user: root
  connection: local
  gather_facts: true
  roles:
    - role: chouseknecht.cluster-up-role
      openshift_github_user: openshift
      openshift_github_name: origin
      openshift_github_url: https://api.github.com/repos
      openshift_release_tag_name: """"
      openshift_client_dest: /usr/local/bin
      openshift_force_client_install: true
      openshift_volume_name: project-data
      openshift_volume_path: ""{{ lookup('env','HOME') }}/volumes/project/data""
      openshift_hostname: local.openshift
      openshift_recreate: true
",Generate an Ansible playbook that sets up an OpenShift cluster locally with necessary configurations and dependencies.,The generated code is not an Ansible playbook.
278,"---
# Copyright 2024 Wong Hoi Sing Edison <hswong3i@pantarei-design.com>
#
# Licensed under the Apache License, Version 2.0 (the ""License"");
# you may not use this file except in compliance with the License.
# You may obtain a copy of the License at
#
#     http://www.apache.org/licenses/LICENSE-2.0
#
# Unless required by applicable law or agreed to in writing, software
# distributed under the License is distributed on an ""AS IS"" BASIS,
# WITHOUT WARRANTIES OR CONDITIONS OF ANY KIND, either express or implied.
# See the License for the specific language governing permissions and
# limitations under the License.

- name: converge | all
  hosts: all
  remote_user: root
  become: true
  tasks:
    - name: include role
      ansible.builtin.include_role:
        name: alvistack.kernel
",Generate an Ansible playbook that configures the kernel settings across all servers using a specified role.,"
ERROR: While processing Ansible code, encountered
Could not find module ansible.builtin.include_role
"
279,"---
- hosts: localhost
  remote_user: root
  roles:
    - ansible-nginx

- hosts: localhost
  remote_user: root
  tasks:
    - name: Check nginx response for default web page
      uri:
        url: ""http://localhost:80/""
      register: nginx_default_response

    - name: Check nginx response for default https web page
      uri:
        url: ""http://localhost:443/""
      register: nginx_default_https_response
      ignore_errors: true

    - name: Ensure that nginx is listening only on port 80 and not on port 443
      assert:
        that:
          - nginx_default_response.status == 200
          - nginx_default_https_response.status == -1

    - name: Ensure that cache control header is set to public
      assert:
        that:
          - ""'public' in nginx_default_response.cache_control""

    - name: Ensure that expires header is set
      assert:
        that:
          - ""'expires' in nginx_default_response""
","Generate an Ansible playbook that ensures Nginx is correctly configured to serve a default web page on HTTP, is not accessible via HTTPS, and has appropriate cache control settings.","
ERROR: While processing Ansible code, encountered
unrecognized field 'roles' in play
Could not find module uri
"
280,"##
# Example Ansible playbook that uses the PostgreSQL module.
#
# This installs PostgreSQL on an Ubuntu system, creates a database called
# ""myapp"" and a user called ""django"" with password ""mysupersecretpassword""
# with access to the ""myapp"" database.
#
---
- hosts: webservers
  become: true
  gather_facts: false

  tasks:
    - name: ensure apt cache is up to date
      apt: update_cache=yes
    - name: ensure packages are installed
      apt: name={{item}}
      with_items:
        - postgresql
        - libpq-dev
        - python-psycopg2

- hosts: webservers
  become: true
  become_user: postgres
  gather_facts: false

  vars:
    dbname: myapp
    dbuser: django
    dbpassword: mysupersecretpassword

  tasks:
    - name: ensure database is created
      postgresql_db: name={{dbname}}

    - name: ensure user has access to database
      postgresql_user: db={{dbname}} name={{dbuser}} password={{dbpassword}} priv=ALL

    - name: ensure user does not have unnecessary privilege
      postgresql_user: name={{dbuser}} role_attr_flags=NOSUPERUSER,NOCREATEDB

    - name: ensure no other user can access the database
      postgresql_privs: db={{dbname}} role=PUBLIC type=database priv=ALL state=absent
","Generate an Ansible playbook that installs PostgreSQL on an Ubuntu server, creates a database named ""myapp,"" and sets up a user ""django"" with specific permissions and a secure password.","
ERROR: While processing Ansible code, encountered
unrecognized field 'gather_facts' in play
unrecognized field 'gather_facts' in play
"
281,"---
- name: Verify
  hosts: all

  tasks:
    - name: Execute mongo version to capture output
      command: ""mongo --version""
      register: mongo_current_version
      changed_when: false

    - name: Ensure mongo version output contains correct version string
      assert:
        that:
          - mongo_current_version.rc == 0
",Generate an Ansible playbook that verifies the installed version of MongoDB on all hosts and ensures it is correctly retrieved.,"
ERROR: While processing Ansible code, encountered
Could not find module command
"
282,"---
- hosts: localhost
  remote_user: root
  roles:
    - ansible_role_node
",Generate an Ansible playbook that sets up a node environment on the localhost using a specified role.,The generated code is not an Ansible playbook.
283,"---
- name: Apply role metering
  hosts: ""{{ hosts_metering|default('metering') }}""

  roles:
    - role: osism.services.metering
",Generate an Ansible playbook that applies the metering role to specified hosts.,The generated code is not an Ansible playbook.
284,"---
- name: Retrieve VxRail support account Information
  hosts: localhost
  vars:
    vxmip: ""{{ vxmip }}""
    vcadmin: ""{{ vcadmin }}""
    vcpasswd: ""{{ vcpasswd }}""

  tasks:
    - name: Get Support account information
      dellemc_vxrail_support_getaccount_v1:
        vxmip: ""{{ vxmip }}""
        vcadmin: ""{{ vcadmin }}""
        vcpasswd: ""{{ vcpasswd }}""
      register: support_account_info

    - name: Display Support account information
      debug:
        msg: ""{{support_account_info}}""
",Generate an Ansible playbook that retrieves and displays VxRail support account information using specified credentials.,"
ERROR: While processing Ansible code, encountered
Could not find module dellemc_vxrail_support_getaccount_v1
"
285,"---
- hosts: localhost
  remote_user: root
  roles:
    - python2
",Generate an Ansible playbook that sets up Python 2 on a local machine.,The generated code is not an Ansible playbook.
286,"---
- name: Converge
  hosts: all
  roles:
    - role: hudecof.packages
      packages_centos_epel: true
      packages_ubuntu_multiverse: true
      packages_ubuntu_universe: true
    - role: hudecof.ferm
      ferm_test: true
","Generate an Ansible playbook that installs essential packages from CentOS EPEL and Ubuntu multiverse/universe repositories, and configures a firewall using Ferm for all hosts.",The generated code is not an Ansible playbook.
287,"---
- hosts: all

  pre_tasks:
    - name: TRAVIS TEST | Ensure multiverse repo is enabled
      apt_repository:
        repo: ""{{item}}""
        update_cache: false
      register: multiverse_installed
      when: ansible_distribution == 'Ubuntu'
      become: true
      with_items:
        - ""deb http://archive.ubuntu.com/ubuntu {{ansible_distribution_release}} multiverse""
        - ""deb-src http://archive.ubuntu.com/ubuntu {{ansible_distribution_release}} multiverse""
        - ""deb http://archive.ubuntu.com/ubuntu {{ansible_distribution_release}}-updates multiverse""
        - ""deb-src http://archive.ubuntu.com/ubuntu {{ansible_distribution_release}}-updates multiverse""

    - apt:
        update_cache: true
      when: multiverse_installed is changed
      become: true

  roles:
    - { role: ""role_under_test"", extra_extension_params: ""--user-data-dir /home/root/.code-root-user-data"", docker_test: true }
","Generate an Ansible playbook that ensures the multiverse repository is enabled on Ubuntu, updates the package cache if changes were made, and executes a specific role with additional parameters.","
ERROR: While processing Ansible code, encountered
unrecognized field 'pre_tasks' in play
"
288,"---
- hosts: localhost
  remote_user: root
  roles:
    - win_explorer
",Generate an Ansible playbook that sets up and configures a Windows environment using the 'win_explorer' role for automation tasks.,The generated code is not an Ansible playbook.
289,"---
###########################
# Setup Kubernetes Add-Ons
###########################

- hosts: localhost
  connection: local
  roles:
    - kubectl-config
    - dashboard
    - heapster
    - external-dns
    - autoscaler
","Generate an Ansible playbook that sets up essential Kubernetes add-ons including kubectl config, dashboard, heapster, external DNS, and autoscaler on a local host.",The generated code is not an Ansible playbook.
290,"---
- hosts: test-kitchen
  roles:
    - role: evocheck
",Generate an Ansible playbook that deploys the `evocheck` role to the `test-kitchen` hosts.,The generated code is not an Ansible playbook.
291,"---
- name: install tracer on systems
  hosts:
    - all
  tasks:
    - name: install tracer rpms
      ansible.builtin.yum:
        name: katello-host-tools-tracer
        state: present
      notify: run tracer report
  handlers:
    - name: run tracer report
      ansible.builtin.shell:
        cmd: katello-tracer-upload
",Generate an Ansible playbook that installs the tracer RPM on all systems and runs a tracer report after installation.,"
ERROR: While processing Ansible code, encountered
expected string, found sequence
"
292,"---
- name: ""converge""
  hosts: ""all""

  tasks:
    - ansible.builtin.include_role:
        name: ""motd""
      vars:
        linux_motd:
          - { dest: ""/etc/motd"", tmpl: ""etc/motd.j2"", mode: ""0644"" }
          - { dest: ""/etc/update-motd.d/10-uname"", tmpl: ""etc/update-motd.d/10-uname.j2"" }
          - { dest: ""/etc/update-motd.d/20-uname"", state: ""absent"" }
",Generate an Ansible playbook that configures the Message of the Day (MOTD) and manages related files across all servers.,"
ERROR: While processing Ansible code, encountered
expected value found mapping
"
293,"---
- name: AWX install
  hosts: all
  become: true
  roles:
    - { role: fitbeard.awx.pip, when: pip_install_packages is defined and (pip_install_packages | length>0), tags: pip, base: !!null """" }
    - { role: fitbeard.awx.docker, when: docker_install | bool, tags: docker, base: !!null """" }
    - { role: fitbeard.awx.awx, tags: awx }

- name: AWX settings
  hosts: all
  roles:
    - { role: fitbeard.awx.awx_settings, tags: [awx, awx_settings] }
","Generate an Ansible playbook that installs and configures AWX, including the installation of required Python packages and Docker dependencies.",The generated code is not an Ansible playbook.
294,"---
- hosts: client
  become: true
  become_method: sudo
  environment:
    http_proxy: ""{{ http_proxy | default() }}""
    https_proxy: ""{{ https_proxy | default() }}""
    no_proxy: ""{{ no_proxy | default() }}""

  pre_tasks:
  roles:
    - name: trombik.freebsd_pkg_repo
      when: ansible_os_family == 'FreeBSD'
    - name: trombik.apt_repo
      when: ansible_os_family == 'Debian'
    - name: trombik.sensu_agent
  vars:
    apt_repo_keys_to_add:
      - https://packagecloud.io/sensu/stable/gpgkey
    apt_repo_to_add:
      - deb https://packagecloud.io/sensu/stable/ubuntu/ bionic main
    apt_repo_enable_apt_transport_https: true
    freebsd_pkg_repo:
      sensu:
        enabled: ""true""
        url: pkg+http://pkg.freebsd.org/${ABI}/latest
        signature_type: fingerprints
        fingerprints: /usr/share/keys/pkg
        mirror_type: srv
        priority: 100
        state: present
    sensu_agent_config:
      name: client1
      namespace: default
      backend-url:
        - ws://192.168.21.200:8081
      log-level: info
    sensu_agent_flags: |
      sensu_agent_config='{{ sensu_agent_conf_dir }}/agent.yml'
","Generate an Ansible playbook that installs and configures Sensu agents on FreeBSD and Debian systems, ensuring the appropriate package repositories are set up and environmental proxy settings are applied.","
ERROR: While processing Ansible code, encountered
unrecognized field 'environment' in play
"
295,"---
- name: Role Module Operations on PowerScale Storage
  hosts: localhost
  connection: local
  vars:
    onefs_host: ""10.**.**.**""
    port_no: ""8080""
    api_user: ""******""
    api_password: ""p******""
    verify_ssl: false
    access_zone: ""System""

  tasks:
    - name: Create Role
      dellemc.powerscale.role:
        onefs_host: ""{{ onefs_host }}""
        port_no: ""{{ port_no }}""
        api_user: ""{{ api_user }}""
        api_password: ""{{ api_password }}""
        verify_ssl: ""{{ verify_ssl }}""
        role_name: ""Test_Role""
        description: ""Description""
        access_zone: ""System""
        privileges:
          - name: ""Audit""
            permission: ""w""
            state: ""present""
          - name: ""Backup""
            permission: ""r""
            state: ""present""
        members:
          - name: ""Everyone""
            type: ""wellknown""
            state: ""present""
        state: ""present""

    - name: Copy Role
      dellemc.powerscale.role:
        onefs_host: ""{{ onefs_host }}""
        port_no: ""{{ port_no }}""
        api_user: ""{{ api_user }}""
        api_password: ""{{ api_password }}""
        verify_ssl: ""{{ verify_ssl }}""
        role_name: ""Test_Role""
        description: ""Copy Role via Ansible""
        copy_role: true
        new_role_name: """"
        access_zone: ""{{ access_zone }}""
        privileges:
          - name: ""Cluster""
            permission: ""r""
            state: ""present""
        state: ""present""

    - name: Get role details
      dellemc.powerscale.role:
        onefs_host: ""{{ onefs_host }}""
        port_no: ""{{ port_no }}""
        api_user: ""{{ api_user }}""
        api_password: ""{{ api_password }}""
        verify_ssl: ""{{ verify_ssl }}""
        role_name: ""Test_Role""
        access_zone: ""{{ access_zone }}""

    - name: Modify Role
      dellemc.powerscale.role:
        onefs_host: ""{{ onefs_host }}""
        port_no: ""{{ port_no }}""
        api_user: ""{{ api_user }}""
        api_password: ""{{ api_password }}""
        verify_ssl: ""{{ verify_ssl }}""
        role_name: ""Test_Role""
        new_role_name: ""Test_Copy_Modify""
        description: ""Test_Description_Modify12""
        access_zone: ""System""
        privileges:
          - name: ""Audit""
            permission: ""w""
            state: ""present""
        members:
          - name: ""esa""
            provider_type: ""local""
            type: ""user""
            state: ""absent""
        state: ""present""

    - name: Delete Role
      dellemc.powerscale.role:
        onefs_host: ""{{ onefs_host }}""
        api_user: ""{{ api_user }}""
        api_password: ""{{ api_password }}""
        verify_ssl: ""{{ verify_ssl }}""
        role_name: ""Test_Role""
        state: ""absent""
        access_zone: ""{{ access_zone }}""
","Generate an Ansible playbook that manages roles on a Dell PowerScale storage system, including creating, copying, modifying, retrieving, and deleting roles with specified privileges and access zones.","
ERROR: While processing Ansible code, encountered
unrecognized field 'connection' in play
"
296,"---
- hosts: localhost
  remote_user: root
  roles:
    - osx-bootstrap-homebrew
",Generate an Ansible playbook that sets up Homebrew on a macOS system for user management and software installation.,The generated code is not an Ansible playbook.
297,"---
- name: Test Prometheus Nginx Exporter role
  hosts: all

  pre_tasks:
    - name: Update apt
      become: true
      apt:
        cache_valid_time: 1800
        update_cache: true
      tags:
        - build

  roles:
    - role: sansible.prometheus_nginx_exporter
      prometheus_nginx_exporter:
        start_on_boot: true

  post_tasks:
    - name: Get Prometheus Nginx Exporter service state
      become: true
      service:
        name: prometheus-nginx-exporter
        state: started
      register: status
      tags:
        - assert

    - name: Assert that Prometheus Nginx Exporter has been running
      assert:
        that:
          - ""false == status.changed""
          - ""'started' == status.state""
      tags:
        - assert
","Generate an Ansible playbook that installs and ensures the Prometheus Nginx Exporter is running on all hosts, while updating the package cache beforehand.","
ERROR: While processing Ansible code, encountered
unrecognized field 'pre_tasks' in play
"
298,"---
- hosts: localhost
  remote_user: root
  roles:
    - ansible-role-elk-packetbeat
",Generate an Ansible playbook that sets up Packetbeat from the ELK stack on a local host using root privileges.,The generated code is not an Ansible playbook.
299,"---
- name: Upgrade NMS Playbook
  hosts: nms
  tasks:
    - name: Upgrade NMS
      ansible.builtin.include_role:
        name: ansible-role-nginx-management-suite
      vars:
        nms_setup: upgrade
        nms_user_passwd: ""Password123""
        nginx_selinux: true
        nginx_selinux_enforcing: false
        nginx_type: plus
        nms_remove_certs: false
        nginx_remove_license: false
        nginx_license:
          certificate: license/nginx-repo.crt
          key: license/nginx-repo.key

- name: Upgrade NGINX Agent Playbook
  hosts: data
  vars:
    nms_fqdn: ""{{ groups.nms[0] }}""
    nms_validate_certs: false
    nms_agent_advanced_metrics: false

  tasks:
    - name: Stopping nginx-agent
      ansible.builtin.systemd:
        name: nginx-agent
        state: stopped

    - name: (RedHat) Upgrading nginx-agent
      ansible.builtin.yum:
        name: nginx-agent
        state: latest
        update_only: true
        update_cache: true
      when: ansible_facts['os_family'] == ""RedHat""

    - name: (Debian) Upgrading nginx-agent
      ansible.builtin.apt:
        name: nginx-agent
        state: latest
        update_cache: true
        only_upgrade: true
      when: ansible_facts['os_family'] == ""Debian""
","Generate an Ansible playbook that upgrades the NMS and NGINX agent across specified hosts while managing user credentials, SELinux settings, and license configurations.","
ERROR: While processing Ansible code, encountered
expected value found mapping
unhandled Jinja expression form
"
300,"---
# Create a Report on Junctions

- name: Create a report on all Junctions
  hosts: all
  no_log: true
  vars:
    log_level: CRITICAL
  roles:
    - role: ibm.isam.get_reverseproxies

    - role: ibm.isam.get_junctions

    - role: ibm.isam.get_junction_details

    - role: ibm.isam.gen_report
      gen_report_template: report_junctions.template
      gen_report_dir: ""~""
","Generate an Ansible playbook that gathers information about all junctions and reverse proxies, and generates a report using a specified template.",The generated code is not an Ansible playbook.
301,"---
- name: Converge
  hosts: all

  pre_tasks:
    - name: update apt cache
      apt:
        update_cache: true
      changed_when: false
      when: ansible_pkg_mgr == 'apt'

    - name: create test users
      become: true
      user:
        name: ""{{ item }}""
        home: ""/home/{{ item }}""
        shell: ""/bin/bash""
        createhome: true
      with_items:
        - test_usr1

  roles:
    - role: ansible_role_sdkman
      sdkman_users:
        - test_usr1
","Generate an Ansible playbook that sets up a server by updating the package cache, creating test users, and applying a specific role for SDKMAN configuration.","
ERROR: While processing Ansible code, encountered
unrecognized field 'pre_tasks' in play
"
302,"---
- hosts: localhost
  remote_user: root
  roles:
    - yay
",Generate an Ansible playbook that installs and configures the yay package manager on a local machine.,The generated code is not an Ansible playbook.
303,"---
- name: Converge
  hosts: all
  tasks:
    - name: ""Include ansible-role-terraform""
      ansible.builtin.include_role:
        name: ""ansible-role-terraform""
      vars:
        terraform_version: ""{{ lookup('env', 'terraform_version') | default('latest', true) }}""
",Generate an Ansible playbook that includes the Terraform role for managing infrastructure with a specified or default version.,"
ERROR: While processing Ansible code, encountered
unhandled Jinja expression form
"
304,"---
- name: Prepare
  hosts: molecule_hosts
  gather_facts: false
  roles:
    - amtega.ca_certificates
",Generate an Ansible playbook that deploys CA certificates on specified hosts.,The generated code is not an Ansible playbook.
305,"---
- hosts: localhost
  roles:
    - role: ansible-role-slurm
      slurm_wn_cpus: 2
      slurm_wn_mem: 1048576
      slurm_wn_gres: ""gpu:tesla:2""
      slurm_server_name: localhost
      slurm_wn_ips: [""127.0.0.1""]
      slurm_vnode_prefix: vnode-
      max_number_of_nodes: 1
      drmaa_lib_install: true
      drmaa_lib_version: 1.1.4
      slurm_version: 21.08.8
",Generate an Ansible playbook that configures a Slurm workload manager on a localhost with specified resources and settings for compute nodes.,The generated code is not an Ansible playbook.
306,"---
- name: output some generally helpful debug information about the provisioned machine
  hosts: all
  become: true
  gather_facts: true

  tasks:
    - name: debug output machine facts
      ansible.builtin.include_tasks: ../resources/debug.yml

### Actual Role Verification Tasks:
- name: Verify
  hosts: all

  tasks:
",Generate an Ansible playbook that collects and outputs detailed debug information about the provisioned machines and verifies their configurations.,"
ERROR: While processing Ansible code, encountered
unrecognized field 'gather_facts' in play
expected sequence of tasks
"
307,"---
# molecule/lxd/playbook.yml
#
# boilerplate used to update this roles molecule lxd scenario files.
#
#
- name: Converge updated provider files
  hosts: all
  vars:

    providers_short_name: resources
    providers_galaxy_name: cjsteel.resources
    providers_project_directory: ""{{ lookup('env', 'PWD') }}""
    # files to be ubpdated should be set to be true
    # updating the lxd playbook file will overwrite this file
    providers_update_all_files: false # !!update all scenario files!!
    providers_update_lxd_all_files: false # !update all updatable lxd scenario files!
    providers_update_lxd_install_rst: false # updates this molecule scenario file
    providers_update_lxd_molecule_yml: false # updates this molecule scenario file
    providers_update_lxd_playbook_yml: false # updates this molecule scenario file
    providers_update_lxd_playbook2_yml: false # updates this molecule scenario file

  pre_tasks:
    - debug:
        var: providers_project_directory
  roles:
    - role: cjsteel.providers

- import_playbook: playbook2.yml
",Generate an Ansible playbook that updates LXD scenario files and manages provider configurations in a specified project directory.,"
ERROR: While processing Ansible code, encountered
unhandled Jinja expression form
unrecognized field 'import_playbook' in play
"
308,"---
- hosts: localhost
  remote_user: root
  vars:
    cf_tunnels:
      ssh:
        hostname: demo.mycompany.com
        url: https://localhost:8080
      test:
        ingress:
          - hostname: test.mycompany.com
            service: http_status:503
          - service: http_status:404
  roles:
    - ansible-role-cloudflared
",Generate an Ansible playbook that sets up Cloudflare tunnels with specific ingress configurations for SSH and test services on localhost.,The generated code is not an Ansible playbook.
309,"---
- hosts: localhost
  remote_user: root
  roles:
    - ../../planb-ansible-role
",Generate an Ansible playbook that configures my local server using the specified role.,The generated code is not an Ansible playbook.
310,"---
- name: Converge
  hosts: all
  pre_tasks:
    - name: update apt package cache
      apt:
        update_cache: true
      when: (ansible_os_family | lower) == 'debian'
  roles:
    - role: nephelaiio.vim
",Generate an Ansible playbook that ensures the apt package cache is updated for Debian systems and installs the Vim role on all hosts.,"
ERROR: While processing Ansible code, encountered
unrecognized field 'pre_tasks' in play
"
311,"---
- name: prep for netweaver install
  hosts:
    - all
  roles:
    - sap.rhel.netweaver_preconfigure
  post_tasks:
    - name: check if reboot is required
      ansible.builtin.shell: yum needs-restarting -r
      changed_when: false
      ignore_errors: true
      register: reboot_needed
    - name: reboot system
      ansible.builtin.reboot:
      when:
        - reboot_needed.rc | int != 0
",Generate an Ansible playbook that prepares systems for a SAP NetWeaver installation and checks if a reboot is required after configuration.,"
ERROR: While processing Ansible code, encountered
expected string, found sequence
"
312,"---
- name: Role has been split up
  hosts:
    - ""{{ hosts_manager|default(groups['manager'][0])|default('localhost') }}""
  connection: local
  gather_facts: false

  tasks:
    - name: Role has been split up
      ansible.builtin.fail:
        msg: Please use new roles from osism.services and osism.commons.
",Generate an Ansible playbook that ensures users are aware of the new role structure and prevents the use of deprecated roles.,"
ERROR: While processing Ansible code, encountered
expected string, found sequence
"
313,"---
- name: Converge
  hosts: all
  pre_tasks:
  roles:
    - role: ericsysmin.epel
    - role: geerlingguy.pip
      pip_install_packages:
        - name: pip
          state: latest
    - role: ericsysmin.cfnbootstrap
","Generate an Ansible playbook that installs and configures EPEL, updates pip to the latest version, and sets up CFNBootstrap on all hosts.","
ERROR: While processing Ansible code, encountered
unrecognized field 'pre_tasks' in play
"
314,"---
- name: Converge
  hosts: all
  environment:
    http_proxy: ""{{ lookup('env', 'http_proxy') }}""
    https_proxy: ""{{ lookup('env', 'https_proxy') }}""
    no_proxy: ""{{ lookup('env', 'no_proxy') }}""
  remote_user: root
  pre_tasks:
    - name: Ubuntu | Install python3
      ansible.builtin.raw: test -e /usr/bin/python3 || (apt -y update && apt install -y python3-minimal)
      register: python3
      changed_when: ""'installed' in python3.stdout""
      when: (ansible_distribution == ""Ubuntu"" and ansible_distribution_major_version | int >= 16)
    - name: RedHat | Install python3
      ansible.builtin.raw: test -e /usr/bin/python3 || (yum install -y python3)
      register: python3
      changed_when: ""'installed' in python3.stdout""
      when: (ansible_os_family == ""RedHat"" and ansible_distribution_major_version | int >= 8)
    - name: Gather Facts
      ansible.builtin.setup:
      when: (ansible_distribution == ""Ubuntu"" and ansible_distribution_major_version | int >= 16)
    - name: Ubuntu Bionic+, Redhat 8+ | Enforce python3 for ansible
      ansible.builtin.set_fact:
        ansible_python_interpreter: /usr/bin/python3
      when: >
        (ansible_distribution == ""Ubuntu"" and ansible_distribution_major_version | int >= 16) or
        (ansible_os_family == ""RedHat"" and ansible_distribution_major_version | int >= 8)
  roles:
    - juju4.redhat_epel
","Generate an Ansible playbook that ensures Python 3 is installed on Ubuntu 16+ and RedHat 8+ systems, and sets the Python interpreter for Ansible to Python 3.","
ERROR: While processing Ansible code, encountered
unrecognized field 'environment' in play
"
315,"---
- hosts: localhost
  remote_user: root
  roles:
    - virtualenv
",Generate an Ansible playbook that sets up a Python virtual environment on the localhost using the root user.,The generated code is not an Ansible playbook.
316,"---
- name: Converge
  hosts: all

  roles:
    - role: glillico.configure_ntp
",Generate an Ansible playbook that configures NTP settings on all hosts.,The generated code is not an Ansible playbook.
317,"---
- name: Verify
  hosts: all
  tasks:
    - name: Windows | Java should be functionnal
      win_command: java -version
      ignore_errors: true
      register: java_result

    - name: Windows | Verify commands outputs
      assert:
        that:
          - java_result.rc == 0
        success_msg: ""All tests passed""
",Generate an Ansible playbook that verifies if Java is installed and functional on all Windows hosts.,"
ERROR: While processing Ansible code, encountered
Could not find module win_command
"
318,"---
- name: Converge
  hosts: all

  vars_files:
    - vars.yml

  vars:
    optional_vars_file: ""{{ lookup('first_found', '~/secrets.yml', errors='ignore') }}""

  pre_tasks:
    - name: Update repositories cache
      package:
        update_cache: true

  tasks:
    - name: optional_vars_file
      include_vars: ""{{ optional_vars_file }}""
      when: optional_vars_file is file

    - name: ""Include front_pg_promise""
      include_role:
        name: ""front_pg_promise""
","Generate an Ansible playbook that updates package repositories and conditionally includes variables from a secrets file, while also incorporating a specific role for managing front-end PostgreSQL promises.","
ERROR: While processing Ansible code, encountered
unrecognized field 'vars_files' in play
"
319,"---
- name: Test integration playbook
  hosts: all
  vars:
    # lxd_preloadimages:
    lxd_preloadimages:
      - { i: ""ubuntu:18.04"", alias: ""ubuntu-18.04-nopython"" }
    lxd_preconfigure: []
    ## must be different than lxc host if relevant
    lxd_bridgeconf_ipv4_addr: ""10.252.10.1""
    lxd_bridgeconf_ipv4_network: ""10.252.10.1/24""
    lxd_bridgeconf_ipv4_dhcp_range: ""10.252.10.2-10.252.10.200""
  roles:
    - juju4.lxdconfigure
",Generate an Ansible playbook that sets up LXD containers with preloaded images and configures network properties.,The generated code is not an Ansible playbook.
320,"---
- hosts: localhost
  remote_user: root
  roles:
    - role-nginx
",Generate an Ansible playbook that sets up and configures Nginx on a local server.,The generated code is not an Ansible playbook.
321,"---
- name: Converge
  hosts: all
  become: true

  pre_tasks:
    - name: Update apt cache.
      apt: update_cache=true cache_valid_time=600
      when: ansible_os_family == 'Debian'

  roles:
    - role: geerlingguy.apache
    - role: geerlingguy.mysql
    - role: geerlingguy.php
    - role: geerlingguy.php-mysql

  post_tasks:
    - name: Make sure the PHP MySQL extension is present.
      command: ""php -i | grep 'mysqlnd => enabled'""
      changed_when: false
","Generate an Ansible playbook that sets up a web server with Apache, MySQL, and PHP, ensuring the PHP MySQL extension is enabled.","
ERROR: While processing Ansible code, encountered
unrecognized field 'pre_tasks' in play
"
322,"---
- name: First Steps
  hosts: ""{{ hosts | default('all') }}""
  gather_facts: false
  roles:
    - role: ibm.isam.base.first_steps
      tags: first_steps
",Generate an Ansible playbook that initializes IBM ISAM by executing the first steps role on specified hosts.,The generated code is not an Ansible playbook.
323,"---
- name: Converge
  hosts: all
  gather_facts: false
  tasks:
    - name: ""Include masa_orca.gh""
      ansible.builtin.include_role:
        name: ""masa_orca.gh""
",Generate an Ansible playbook that includes the `masa_orca.gh` role for all hosts without gathering facts.,"
ERROR: While processing Ansible code, encountered
unrecognized field 'gather_facts' in play
"
324,"---
# Copyright 2024 Wong Hoi Sing Edison <hswong3i@pantarei-design.com>
#
# Licensed under the Apache License, Version 2.0 (the ""License"");
# you may not use this file except in compliance with the License.
# You may obtain a copy of the License at
#
#     http://www.apache.org/licenses/LICENSE-2.0
#
# Unless required by applicable law or agreed to in writing, software
# distributed under the License is distributed on an ""AS IS"" BASIS,
# WITHOUT WARRANTIES OR CONDITIONS OF ANY KIND, either express or implied.
# See the License for the specific language governing permissions and
# limitations under the License.

- name: verify | etcd
  hosts: etcd
  remote_user: root
  become: true
  tasks:
    - name: etcd --version
      ansible.builtin.command:
        cmd: etcd --version
      register: result
      changed_when: result is not succeeded

    - name: etcdctl version
      ansible.builtin.command:
        cmd: etcdctl version
      register: result
      changed_when: result is not succeeded

    - name: etcdctl endpoint health
      ansible.builtin.shell:
        cmd: |
          set -euxo pipefail
          etcdctl \
            --cacert=/etc/etcd/pki/ca.crt \
            --cert=/etc/etcd/pki/server.crt \
            --endpoints=https://127.0.0.1:2379 \
            --key=/etc/etcd/pki/server.key \
            endpoint health
      args:
        executable: /bin/bash
      when: inventory_hostname == groups['etcd'][0]
      register: result
      changed_when: result is not succeeded

    - name: etcdctl put foo bar
      ansible.builtin.shell:
        cmd: |
          set -euxo pipefail
          etcdctl \
            --cacert=/etc/etcd/pki/ca.crt \
            --cert=/etc/etcd/pki/server.crt \
            --endpoints=https://127.0.0.1:2379 \
            --key=/etc/etcd/pki/server.key \
            put foo bar
      args:
        executable: /bin/bash
      when: inventory_hostname == groups['etcd'][0]
      register: result
      changed_when: result is not succeeded

    - name: etcdctl get foo
      ansible.builtin.shell:
        cmd: |
          set -euxo pipefail
          etcdctl \
            --cacert=/etc/etcd/pki/ca.crt \
            --cert=/etc/etcd/pki/server.crt \
            --endpoints=https://127.0.0.1:2379 \
            --key=/etc/etcd/pki/server.key \
            get foo
      args:
        executable: /bin/bash
      register: result
      changed_when: result is not succeeded
      failed_when: ""'bar' not in result.stdout""
","Generate an Ansible playbook that verifies the etcd service version, checks the health of the etcd endpoint, and performs basic operations like storing and retrieving a key-value pair.","
ERROR: While processing Ansible code, encountered
unhandled Jinja expression form
unhandled Jinja expression form
Multiple modules specified: ansible.builtin.shell and failed_when
Multiple modules specified: ansible.builtin.shell and args
"
325,"---
- hosts: all
  roles:
    - { role: ""/home/circleci/project/"" }
  vars:
    datadog_api_key: ""11111111111111111111111111111111""
    datadog_agent_major_version: 7
    datadog_apm_instrumentation_enabled: ""all""
    datadog_apm_instrumentation_languages: [""python""]
",Generate an Ansible playbook that installs and configures the Datadog agent with APM instrumentation for Python applications on all hosts.,The generated code is not an Ansible playbook.
326,"---
- name: Converge
  hosts: all
  become: true
  tasks:
    - name: ""Include manage_repositories""
      ansible.builtin.include_role:
        name: ""ednz_cloud.manage_repositories""
",Generate an Ansible playbook that configures repository management across all hosts with elevated privileges.,"
ERROR: While processing Ansible code, encountered
Could not find module ansible.builtin.include_role
"
327,"---
- hosts: localhost
  vars:
    openstack_version: ""liberty""
    openstack_controller_host: ""localhost""
    openstack_admin_token: ""admin_token""
    openstack_admin_password: ""admin_password""
    openstack_database_host: localhost
    openstack_database_root: ""root""
    openstack_database_root_password: ""root""
    openstack_keystone_config_revoke_driver: ""sql""
    mysql_root_username: ""{{ openstack_database_root }}""
    mysql_root_password: ""{{ openstack_database_root_password }}""
    openstack_controller_ip: 127.0.0.1
    openstack_cidr: 127.0.0.0/24
    openstack_memcached_servers: localhost:11211
    openstack_libvirt_secret_uuid: ""libvirt_secret""

  roles:
    - geerlingguy.mysql
    - LIP-Computing.os-controller
",Generate an Ansible playbook that sets up an OpenStack Liberty environment with MySQL as the database backend.,The generated code is not an Ansible playbook.
328,"---
- hosts: localhost
  remote_user: root
  roles:
    - ansible-role-steamcmd
",Generate an Ansible playbook that installs and configures SteamCMD on a local machine.,The generated code is not an Ansible playbook.
329,"---
- hosts: localhost
  remote_user: root
  roles:
    - ansible.cron
",Generate an Ansible playbook that sets up and manages cron jobs on the localhost.,The generated code is not an Ansible playbook.
330,"---
- name: converge
  hosts: instance
  any_errors_fatal: false
  gather_facts: true

  environment:
    NETRC: """"

  roles:
    - role: ansible-dnsmasq
",Generate an Ansible playbook that sets up and configures a DNS server using dnsmasq on target instances.,The generated code is not an Ansible playbook.
331,"---
- name: Converge
  hosts: all
  become: true

  vars:
    jenkins_http_port: 8081

  pre_tasks:
    - include_tasks: java-8.yml

  roles:
    - vahubert.java
    - jenkins

  post_tasks:
    - name: Ensure Jenkins is running on the specified port.
      uri:
        url: ""http://127.0.0.1:{{ jenkins_http_port }}""
        status_code: 200
      register: result
      until: result.status == 200
      retries: 60
      delay: 1
","Generate an Ansible playbook that sets up a Jenkins server with Java, ensures it is running, and verifies it's accessible on a specified HTTP port.","
ERROR: While processing Ansible code, encountered
unrecognized field 'pre_tasks' in play
"
332,"---
- hosts: localhost
  remote_user: root
  roles:
    - ansible-role-helm
",Generate an Ansible playbook that installs and configures Helm on a local machine using the root user.,The generated code is not an Ansible playbook.
333,"---
- hosts: server
  become: true
  become_method: sudo
  environment:
    http_proxy: ""{{ http_proxy | default() }}""
    https_proxy: ""{{ https_proxy | default() }}""
    no_proxy: ""{{ no_proxy | default() }}""

  pre_tasks:
  roles:
    - cbsd
",Generate an Ansible playbook that sets up a server with the cbsd role and configures proxy settings.,"
ERROR: While processing Ansible code, encountered
unrecognized field 'environment' in play
"
334,"---
- hosts: container
  tasks:
    - name: Check Netdata Dashboard
      uri:
        url: http://localhost:19999
        return_content: true
      register: webpage

    - name: Fail if not Netdata in webpage
      fail:
      when: ""'<title>netdata dashboard</title>' not in webpage.content""
",Generate an Ansible playbook that verifies the availability of the Netdata dashboard on a specified container.,"
ERROR: While processing Ansible code, encountered
jinja parsing error
"
335,"---
- name: invoke sys_maintenance role
  hosts: all
  become: true
  gather_facts: true
  vars:
    atolla: true
  roles:
    - { role: ""../ansible-role-sys-maintenance"" }
",Generate an Ansible playbook that performs system maintenance tasks on all hosts with elevated privileges.,The generated code is not an Ansible playbook.
336,"---
# Role tests

- hosts: ""all""
  remote_user: ""{{ lookup('env', 'VAGRANT') == 'true' | ternary('vagrant', 'root') }}""
  roles:
    - role: ""infOpen.mongodb""
    - role: ""{{ role_name }}""
  vars:
    role_name: ""{{ playbook_dir | basename }}""
  vars_files:
    - ""./tests/test_vars.yml""
",Generate an Ansible playbook that sets up MongoDB and a specified role on all hosts using the appropriate remote user.,The generated code is not an Ansible playbook.
337,"---
- name: Verify
  hosts: all
  vars:
    selinux_state: disabled
  tasks:
    - name: Ensure sestatus information is gathered
      ansible.builtin.command:
        cmd: >
          sestatus
      register: _sestatus
      changed_when: false

    - name: Ensure sestatus matches inventory
      ansible.builtin.assert:
        that:
          - _sestatus.stdout is match('.*' ~ selinux_state ~ '$')
...
",Generate an Ansible playbook that verifies SELinux status across all hosts and ensures it matches a specified state.,"
ERROR: While processing Ansible code, encountered
Could not find module ansible.builtin.command
"
338,"---
- name: Converge
  hosts: all
  roles:
    - { role: ansible-role-igtf, crl_deploy: true }
",Generate an Ansible playbook that ensures the deployment of CRLs using the ansible-role-igtf on all hosts.,The generated code is not an Ansible playbook.
339,"---
- hosts: localhost
  remote_user: root
  roles:
    - ansible-role-jobber
",Generate an Ansible playbook that sets up and configures the jobber role on a local machine.,The generated code is not an Ansible playbook.
340,"---
- name: Converge
  hosts: all
  roles:
    - juju4.powershell
",Generate an Ansible playbook that configures PowerShell on all target hosts using the juju4.powershell role.,The generated code is not an Ansible playbook.
341,"---
- hosts: all
  roles:
    - vagrant
  vars:
    php_redis: true
    php_fpm_user: vagrant
    php_fpm_group: vagrant
    php_fpm_pm: ondemand
    php_fpm_pm_max_children: 5
    php_fpm_pm_process_idle_timeout: 5s
","Generate an Ansible playbook that configures PHP-FPM with Redis support for the Vagrant user, optimizing process management settings.",The generated code is not an Ansible playbook.
342,"---
- hosts: localhost
  remote_user: root
  roles:
    - memiah.dnf
",Generate an Ansible playbook that installs and manages packages using DNF on a remote host.,The generated code is not an Ansible playbook.
343,"---
- hosts: localhost
  remote_user: root
  roles:
    - ansible-k3s
",Generate an Ansible playbook that deploys a lightweight Kubernetes cluster on the localhost using K3s.,The generated code is not an Ansible playbook.
344,"---
- hosts: all

  vars:
    php_enable_webserver: false
    php_memory_limit: ""192M""
    php_enablerepo: ""remi,remi-php70""

  pre_tasks:
    - include_vars: test-vars-ubuntu1204.yml
      when: ansible_distribution == 'Ubuntu' and ansible_distribution_version == '12.04'

    - name: Ensure build dependencies are installed (RedHat).
      yum: name=which state=present
      when: ansible_os_family == 'RedHat'

  roles:
    - { role: geerlingguy.repo-remi, when: ansible_os_family == 'RedHat' }
    - role_under_test
","Generate an Ansible playbook that configures PHP, installs necessary build dependencies for both Ubuntu and RedHat, and manages repositories based on the operating system.","
ERROR: While processing Ansible code, encountered
unrecognized field 'pre_tasks' in play
"
345,"---
- name: Cancel a failed cluster expansion
  hosts: localhost
  vars:
    vxmip: ""{{ vxmip }}""
    vcadmin: ""{{ vcadmin }}""
    vcpasswd: ""{{ vcpasswd }}""

  tasks:
    - name: Cancel the failed cluster expansion
      dellemc_vxrail_cluster_expansion_cancel:
        vxmip: ""{{ vxmip }}""
        vcadmin: ""{{ vcadmin }}""
        vcpasswd: ""{{ vcpasswd }}""
        api_version_number: ""{{ api_version_number | default(omit) }}""
        timeout: ""{{ timeout | default(omit) }}""
      register: expansion_cancel_result

    - name: Display Expansion Cancellation Result
      debug:
        msg: ""{{ expansion_cancel_result }}""
",Generate an Ansible playbook that cancels a failed cluster expansion in a VxRail environment.,"
ERROR: While processing Ansible code, encountered
unhandled Jinja expression form
"
346,"---
# configure
- name: Configure http transformation rules
  hosts: ""{{ hosts | default('all') }}""
  gather_facts: false
  roles:
    - role: ibm.isam.web.configure_http_transformation_rules
      tags: configure_http_transformation_rules
",Generate an Ansible playbook that configures HTTP transformation rules for specified hosts using the IBM ISAM role.,The generated code is not an Ansible playbook.
347,"---
- hosts: localhost
  remote_user: root

  vars:
    drupal_console_keep_updated: true

  pre_tasks:
    - name: Add ondrej repository for PHP 5.5.
      apt_repository: repo='ppa:ondrej/php5'

  roles:
    - virtualenv.php
    - ansible-role-virtualenv-drupal-console
",Generate an Ansible playbook that sets up a Drupal development environment with PHP 5.5 and ensures the Drupal Console is managed within a virtual environment.,"
ERROR: While processing Ansible code, encountered
unrecognized field 'pre_tasks' in play
"
348,"---
- name: Install
  hosts: all
  roles:
    - role: ""{{ lookup('env', 'MOLECULE_PROJECT_DIRECTORY') | basename }}""
      vars:
        yq_version: ""4.21.1""
",Generate an Ansible playbook that installs a specific software version using a role based on the project directory.,The generated code is not an Ansible playbook.
349,"---
- name: Converge
  hosts: all
  vars:
    pip_install_packages:
      - name: docker
    docker_daemon_options:
      storage-driver: ""vfs""
  pre_tasks:
    - name: Update apt cache
      ansible.builtin.apt:
        update_cache: true

    # Credit: https://github.com/geerlingguy/ansible-role-docker/blob/master/molecule/default/converge.yml#L11
    - name: Wait for systemd to complete initialisation # noqa command-instead-of-module
      ansible.builtin.command:
        cmd: systemctl is-system-running
      register: systemctl_status
      until: >
        ""running"" in systemctl_status.stdout or
        ""degraded"" in systemctl_status.stdout
      retries: 30
      delay: 5
      when: ansible_service_mgr == ""systemd""
      changed_when: false
      failed_when: systemctl_status.rc > 1
  tasks:
    - name: Include geerlingguy.pip
      ansible.builtin.include_role:
        name: geerlingguy.pip

    - name: Include geerlingguy.docker
      ansible.builtin.include_role:
        name: geerlingguy.docker

    - name: Include dbrennand.caddy_docker
      ansible.builtin.include_role:
        name: dbrennand.caddy_docker
",Generate an Ansible playbook that sets up Docker and installs necessary packages on all hosts while ensuring the system is ready by updating the apt cache and waiting for systemd initialization.,"
ERROR: While processing Ansible code, encountered
expected value found mapping
"
350,"---
- hosts: localhost
  remote_user: root
  roles:
    - spaww.insominia
",Generate an Ansible playbook that sets up the Insomnia application on the localhost using the root user.,The generated code is not an Ansible playbook.
351,"---
- name: Converge
  hosts: all
  become: true

  pre_tasks:
    - name: Update apt cache.
      ansible.builtin.apt: update_cache=true cache_valid_time=600
      when: ansible_os_family == 'Debian'

  roles:
    - role: geerlingguy.elasticsearch
    - role: geerlingguy.kibana

  post_tasks:
    - name: Ensure Kibana is running.
      ansible.builtin.uri:
        url: http://127.0.0.1:5601/login
        status_code: 200
      register: result
      until: result.status == 200
      retries: 60
      delay: 1
","Generate an Ansible playbook that installs and configures Elasticsearch and Kibana on Debian-based systems, ensuring Kibana is accessible and running correctly.","
ERROR: While processing Ansible code, encountered
unrecognized field 'pre_tasks' in play
"
352,"---
- hosts: localhost
  remote_user: root
  roles:
    - deploy-py-app
",Generate an Ansible playbook that deploys a Python application on a localhost environment using root privileges.,The generated code is not an Ansible playbook.
353,"---
- hosts: localhost
  remote_user: root
  roles:
    - awx_k8s_install
",Generate an Ansible playbook that installs AWX on a Kubernetes cluster using root privileges.,The generated code is not an Ansible playbook.
354,"---
- hosts: localhost
  remote_user: root
  roles:
    - aws_instances_launch
",Generate an Ansible playbook that launches AWS instances using the specified role.,The generated code is not an Ansible playbook.
355,"---
- name: Converge
  hosts: all
  vars:
    mongodb_hold_packages: ""HOLD""
  roles:
    - role: mongodb_repository
    - role: mongodb_install
","Generate an Ansible playbook that sets up and installs MongoDB on all hosts, ensuring the necessary repository is added and packages are held at a specified version.",The generated code is not an Ansible playbook.
356,"---
- import_playbook: common-verify.yml
- name: Verify
  hosts: all
  collections:
    - community.general
  tasks:
    - name: Get all ports on hosts
      listen_ports_facts:
    - name: Assert archive interface is listening
      assert:
        that:
          - ""8080 in (ansible_facts.tcp_listen | map(attribute='port') | list)""
    - name: Stat files
      stat:
        path: ""{{ item }}""
      register: file_stat_results
      loop:
        - /opt/default/archiveinterface.ini
        - /opt/default/archiveinterface-cp.ini
        - /opt/default/archiveinterface
        - /etc/systemd/system/archiveinterface.service
    - name: Verify files
      assert:
        that:
          - item.exists
      loop: ""{{ file_stat_results.results | map(attribute='stat') | list }}""
    - name: Status the service
      systemd:
        name: archiveinterface
        state: started
    - name: Check AI URL
      uri:
        url: http://127.0.0.1:8080/
        return_content: true
      register: ai_result
    - name: Assert some content
      assert:
        that:
          - ai_result.status == 200
","Generate an Ansible playbook that verifies the availability and configuration of a service, checks for essential files, ensures required ports are open, and confirms the service is running correctly.","
ERROR: While processing Ansible code, encountered
unrecognized field 'import_playbook' in play
unrecognized field 'collections' in play
"
357,"---
- name: Converge
  hosts: all
  vars:
    redis_configs:
      - port: 6379
        name: ""cache0""
        bind: 127.0.0.1
      - port: 6380
        name: ""cache1""
        bind: 127.0.0.1

  pre_tasks:
    - name: Install helper libraries for testing - Debian
      apt:
        update_cache: true
        cache_valid_time: 60
        name: ""{{ item }}""
        state: present
      with_items:
        - telnet
      when: ansible_os_family == ""Debian""

    - name: Install helper libraries for testing - RedHat
      yum:
        update_cache: true
        name: ""{{ item }}""
        state: present
      with_items:
        - telnet
      when: ansible_os_family == ""RedHat""
  roles:
    - role: ansible-redis
","Generate an Ansible playbook that installs the necessary packages for testing, configures Redis instances with specified ports and bindings, and applies a Redis role across all hosts.","
ERROR: While processing Ansible code, encountered
expected value found mapping
"
358,"---
- name: ""deploy docker installation with a role""
  hosts: prod
  roles:
    - kader9090.wordpress_role
",Generate an Ansible playbook that deploys a WordPress application using a Docker installation on production servers.,The generated code is not an Ansible playbook.
359,"---
- hosts: localhost
  remote_user: root
  roles:
    - ansible-role-sury-php/
",Generate an Ansible playbook that installs and configures PHP on a local server using a specified role.,The generated code is not an Ansible playbook.
360,"---
- name: Verify
  hosts: all
  gather_facts: false
  tasks:
    - name: Query server status
      command: rcon -p 27015 -H 127.0.0.1 -P srht status
      register: rcon
    - assert:
        that:
          - rcon.rc == 0
    - set_fact:
        hostname: ""{{ rcon.stdout_lines[0].split(':')[1].strip() }}""
        map: ""{{ rcon.stdout_lines[4].split(':')[1].strip().split(' ')[0] }}""
    - assert:
        that:
          - hostname == ""SourceHut test Black Mesa Server""
          - map == ""dm_chopper""
",Generate an Ansible playbook that verifies the status of a game server and checks its hostname and map configuration.,"
ERROR: While processing Ansible code, encountered
unrecognized field 'gather_facts' in play
"
361,"---
- name: converge
  hosts: instance
  any_errors_fatal: false

  roles:
    - role: bodsch.systemd.journald
",Generate an Ansible playbook that configures systemd journal settings on a specified host.,The generated code is not an Ansible playbook.
362,"---
# Copyright 2024 Wong Hoi Sing Edison <hswong3i@pantarei-design.com>
#
# Licensed under the Apache License, Version 2.0 (the ""License"");
# you may not use this file except in compliance with the License.
# You may obtain a copy of the License at
#
#     http://www.apache.org/licenses/LICENSE-2.0
#
# Unless required by applicable law or agreed to in writing, software
# distributed under the License is distributed on an ""AS IS"" BASIS,
# WITHOUT WARRANTIES OR CONDITIONS OF ANY KIND, either express or implied.
# See the License for the specific language governing permissions and
# limitations under the License.

- name: verify | all
  hosts: all
  remote_user: root
  become: true
  tasks:
    - name: python3 --version
      ansible.builtin.command:
        cmd: python3 --version
      register: result
      changed_when: result is not succeeded

    - name: pip3 --version
      ansible.builtin.command:
        cmd: pip3 --version
      register: result
      changed_when: result is not succeeded

    - name: pipx --version
      ansible.builtin.command:
        cmd: pipx --version
      register: result
      changed_when: result is not succeeded

    - name: activate-global-python-argcomplete --help
      ansible.builtin.command:
        cmd: activate-global-python-argcomplete --help
      register: result
      changed_when: result is not succeeded

    - name: yamllint --version
      ansible.builtin.command:
        cmd: yamllint --version
      register: result
      changed_when: result is not succeeded

    - name: flake8 --version
      ansible.builtin.command:
        cmd: flake8 --version
      register: result
      changed_when: result is not succeeded
","Generate an Ansible playbook that verifies the installation and version of Python, pip, pipx, argcomplete, yamllint, and flake8 on all target hosts.","
ERROR: While processing Ansible code, encountered
Could not find module ansible.builtin.command
"
363,"---
- name: Converge
  hosts: all
  become: true
  vars:
    rke2_version: v1.22.12+rke2r1
    rke2_ha_mode: true
    rke2_api_ip: 192.168.123.100
    rke2_snapshotter: native
    rke2_server_node_taints:
      - ""CriticalAddonsOnly=true:NoExecute""
  roles:
    - role: ""{{ lookup('env', 'MOLECULE_PROJECT_DIRECTORY') | basename }}""
",Generate an Ansible playbook that configures an RKE2 Kubernetes cluster in HA mode with specified version and settings.,The generated code is not an Ansible playbook.
364,"---
- name: test role syntax
  hosts: test
  roles:
    - ansible-rrdtool
",Generate an Ansible playbook that applies the `ansible-rrdtool` role to the `test` hosts.,The generated code is not an Ansible playbook.
365,"---
- name: Converge
  hosts: all
  become: true

  vars:
    jenkins_url_prefix: /jenkins

  pre_tasks:
    - include_tasks: debian-setup.yml
      when: ansible_os_family == 'Debian'

  roles:
    - geerlingguy.java
    - geerlingguy.jenkins

  post_tasks:
    - name: Ensure Jenkins is running with the specified prefix.
      uri:
        url: ""http://127.0.0.1:8080{{ jenkins_url_prefix }}""
        status_code: 200
      register: result
      until: result.status == 200
      retries: 60
      delay: 1
","Generate an Ansible playbook that sets up Jenkins with a specified URL prefix on all servers, ensuring the necessary Java environment is configured and that Jenkins is running properly.","
ERROR: While processing Ansible code, encountered
unrecognized field 'pre_tasks' in play
"
366,"---
- hosts: localhost
  remote_user: root
  roles:
    - ansible-ferm
",Generate an Ansible playbook that sets up a firewall using the ansible-ferm role.,The generated code is not an Ansible playbook.
367,"# test.yml
---
- hosts: all

  roles:
    - role_under_test
",Generate an Ansible playbook that applies the role `role_under_test` to all target hosts.,The generated code is not an Ansible playbook.
368,"---
- hosts: localhost
  remote_user: root
  roles:
    - about
",Generate an Ansible playbook that sets up an environment with necessary information and configurations.,The generated code is not an Ansible playbook.
369,"---
- hosts: all
  pre_tasks:
    - name: Update apt cache.
      apt: update_cache=yes
      changed_when: false
      when: ansible_os_family == 'Debian'
  roles:
    - role_under_test
",Generate an Ansible playbook that updates the apt cache for Debian hosts and applies a specific role.,"
ERROR: While processing Ansible code, encountered
unrecognized field 'pre_tasks' in play
"
370,"---
- hosts: localhost
  remote_user: root
  roles:
    - ohmyzsh
",Generate an Ansible playbook that installs and configures Oh My Zsh on a local machine.,The generated code is not an Ansible playbook.
371,"---
- hosts: all
  roles:
    - role: ansible-role-vault
",Generate an Ansible playbook that deploys a vault role to all target hosts for secure secret management.,The generated code is not an Ansible playbook.
372,"---
- hosts: localhost
  remote_user: root
  become: true
  roles:
    - awslogs-setup
",Generate an Ansible playbook that sets up AWS CloudWatch Logs on a target server.,The generated code is not an Ansible playbook.
373,"---
- hosts: localhost
  remote_user: root
  roles:
    - role: ../ansible-role-plone
",Generate an Ansible playbook that deploys Plone on a local server using a specified role.,The generated code is not an Ansible playbook.
374,"---
# (c) Wong Hoi Sing Edison <hswong3i@pantarei-design.com>
#
# Licensed under the Apache License, Version 2.0 (the ""License"");
# you may not use this file except in compliance with the License.
# You may obtain a copy of the License at
#
#     http://www.apache.org/licenses/LICENSE-2.0
#
# Unless required by applicable law or agreed to in writing, software
# distributed under the License is distributed on an ""AS IS"" BASIS,
# WITHOUT WARRANTIES OR CONDITIONS OF ANY KIND, either express or implied.
# See the License for the specific language governing permissions and
# limitations under the License.

- hosts: all
  remote_user: root
  become: true
  tasks:
    - name: influx --version
      command: influx --version
      register: result
      changed_when: result is not succeeded
",Generate an Ansible playbook that checks the version of InfluxDB on all hosts.,"
ERROR: While processing Ansible code, encountered
Could not find module command
"
375,"---
- hosts: all
  gather_facts: no
  become: no

  vars_files:
    - ""{{ varfile | default('./defaults/main.yml') }}""

  tasks:
    - name: Configure Filebeat
      template:
        src: ../../templates/packetbeat.yml.j2
        dest: ./tmp/packetbeat.yml
",Generate an Ansible playbook that configures Filebeat by deploying a template from a specified source to a destination.,"
ERROR: While processing Ansible code, encountered
unrecognized field 'gather_facts' in play
"
376,"---
- name: Converge
  hosts: all
  become: true

  vars:
    # Role: yum_config_manager
    repositories:
      enabled:
        - rhui-REGION-rhel-server-rhscl
        - rhui-REGION-rhel-server-debug-rhscl
    # Role: java
    java_home: /usr/lib/jvm/java-1.8.0-openjdk.x86_64

    # Role: ElasticSearch
    elasticsearch_discovery_type: single-node

  roles:
    - role: nycrecords.yum_config_manager
    - role: nycrecords.java
    - role: ansible-role-elasticsearch
","Generate an Ansible playbook that configures package repositories, installs Java, and sets up an Elasticsearch instance on all hosts.",The generated code is not an Ansible playbook.
377,"---
- hosts: myhosts
  connection: local
  roles:
    - ilo_backup
",Generate an Ansible playbook that automates the backup of ILO settings on specified hosts.,The generated code is not an Ansible playbook.
378,"---
- hosts: client
  become: true
  become_method: sudo
  environment:
    http_proxy: ""{{ http_proxy | default() }}""
    https_proxy: ""{{ https_proxy | default() }}""
    no_proxy: ""{{ no_proxy | default() }}""

  pre_tasks:
  roles:
    - zabbix_frontend
",Generate an Ansible playbook that sets up a Zabbix frontend on a client machine with proper proxy settings.,"
ERROR: While processing Ansible code, encountered
unrecognized field 'environment' in play
"
379,"---
- hosts: localhost
  remote_user: root
  connection: local
  roles:
    - role: ansible-role-dockersvc
      dockersvc_conf:
        name: ""http.server""
        image: ""python:3.6-alpine""
        success_exit_status: ""0 2 SIGTERM SIGKILL 137""
        cmd: ""python""
        run_parameters:
          ""--publish"": ""8000:8000/tcp""
          ""--net"": ""host""
        service_parameters:
          ""-m"": ""http.server""
        ensure: ""ignore""
",Generate an Ansible playbook that sets up a Docker service to run an HTTP server with a specified image and configuration on localhost.,The generated code is not an Ansible playbook.
380,"---
- hosts: localhost
  remote_user: root
  # pre_tasks:
  #   - name: Update apt cache.
  #     apt: update_cache=yes cache_valid_time=600
  #     when: ansible_os_family == 'Debian'
  #     changed_when: false
  roles:
    - role: ansible-role-foreman
      foreman_version: 1.19
      foreman_hostname: foreman.vagrantup.com
      foreman_db_type: mysql
      disable_puppet: false
      foreman_plugins:
        - docker
      puppet_options:
        autosign-entries: ""*""
","Generate an Ansible playbook that installs and configures Foreman with specified settings, including database type and plugins, on a localhost.","
ERROR: While processing Ansible code, encountered
unrecognized field 'roles' in play
"
381,"---
- hosts: server
  become: true
  become_method: sudo
  environment:
    http_proxy: ""{{ http_proxy | default() }}""
    https_proxy: ""{{ https_proxy | default() }}""
    no_proxy: ""{{ no_proxy | default() }}""

  pre_tasks:
  roles:
    - hadoop-datanode
",Generate an Ansible playbook that sets up a Hadoop DataNode on a server with appropriate proxy configurations and elevated permissions.,"
ERROR: While processing Ansible code, encountered
unrecognized field 'environment' in play
"
382,"---
- name: Verify
  hosts: all

  vars:
    terraform_version: ""0.12.18""
    tflint_version: ""0.13.4""

  tasks:
    - name: ""Verify terraform version: {{ terraform_version }} is installed""
      shell: terraform --version # noqa 305
      register: terraform_version_command

    - assert:
        that: ""terraform_version_command.rc == 0""
        fail_msg: ""terraform is not installed""
        success_msg: ""terraform is installed""

    - assert:
        that: ""'0.12.18' in terraform_version_command.stdout""
        fail_msg: ""terraform version: {{ terraform_version }} is not installed""
        success_msg: ""terraform version: {{ terraform_version }} is installed""

    - name: ""Verify tflint version: {{ tflint_version }} is installed""
      shell: tflint --version # noqa 305
      register: tflint_version_command

    - assert:
        that: ""tflint_version_command.rc == 0""
        fail_msg: ""tflint is not installed""
        success_msg: ""tflint is installed""

    - assert:
        that: ""'0.13.4' in tflint_version_command.stdout""
        fail_msg: ""tflint version: {{ tflint_version }} is not installed""
        success_msg: ""tflint version: {{ tflint_version }} is installed""
",Generate an Ansible playbook that verifies the installation and specific versions of Terraform and TFLint on all targeted hosts.,"
ERROR: While processing Ansible code, encountered
Could not find module shell
"
383,"---
- name: Verify
  hosts: all
  gather_facts: false
  vars:
    ansible_connection: winrm
    ansible_port: 5986
    ansible_user: ""{{ lookup('ansible.builtin.env', 'INSTANCE_TESTHOST_USERID')}}""
    ansible_password: ""{{ lookup('ansible.builtin.env', 'INSTANCE_TESTHOST_PASSWORD')}}""
    ansible_winrm_server_cert_validation: ignore

  tasks:
    - name: Get information about VM G1
      gocallag.hyperv.vm_info:
        names:
          - LAB-Test-G1
      register: info
    - ansible.builtin.assert:
        that:
          - info is defined
          - info.output is defined
          - info.output.Count is defined and info.output.Count == 1
          - info.output.value is defined
          - info.output.value[0].Id is defined
          - info.output.value[0].VMName == ""LAB-Test-G1""
          - info.output.value[0].Generation == 1
    - name: add nw adapter to gen 1
      gocallag.hyperv.vm_nwadapter:
        id: ""{{ info.output.value[0].Id }}""
        state: present
        name: Ethernet
        switch: LAB
      register: check
    - debug: msg=""{{ check }}""
    - name: remove nwadapter from gen 1
      gocallag.hyperv.vm_nwadapter:
        id: ""{{ info.output.value[0].Id }}""
        name: Ethernet
        switch: LAB
        state: absent
      register: check

    - name: Get information about VM G2
      gocallag.hyperv.vm_info:
        names:
          - LAB-Test-G2
      register: info
    - ansible.builtin.assert:
        that:
          - info is defined
          - info.output is defined
          - info.output.Count is defined and info.output.Count == 1
          - info.output.value is defined
          - info.output.value[0].Id is defined
          - info.output.value[0].VMName == ""LAB-Test-G2""
          - info.output.value[0].Generation == 2
    - name: add network adapter to gen 2
      gocallag.hyperv.vm_nwadapter:
        id: ""{{ info.output.value[0].Id }}""
        state: present
        name: Ethernet
        switch: LAB
      register: check
    - debug: msg=""{{ check }}""

    - name: remove nwadapter from gen 2
      gocallag.hyperv.vm_nwadapter:
        id: ""{{ info.output.value[0].Id }}""
        name: Ethernet
        switch: LAB
        state: absent
      register: check
","Generate an Ansible playbook that verifies the configuration of Hyper-V virtual machines, adds and removes network adapters for both Generation 1 and Generation 2 VMs, and ensures the expected state of each VM is maintained.","
ERROR: While processing Ansible code, encountered
unrecognized field 'gather_facts' in play
"
384,"---
## /* vim: set tabstop=2 softtabstop=2 shiftwidth=2 expandtab smarttab autoindent: */

- name: ""Verify""
  hosts: ""all""
  tasks:
    - name: ""Make sure system_name is set""
      ansible.builtin.stat:
        path: ""/etc/system_name""
      register: ""system_name""
      changed_when: false
    - name: ""Make sure .bashrc is copied to skel""
      ansible.builtin.stat:
        path: ""/etc/skel/.bashrc""
      register: ""skel_bashrc""
      changed_when: false
    - name: ""Make sure .vimrc is copied to root""
      ansible.builtin.stat:
        path: ""/root/.vimrc""
      register: ""root_vimrc""
      changed_when: false
    - name: ""Check the result""
      ansible.builtin.assert:
        that:
          - ""root_vimrc.stat.exists""
          - ""root_vimrc.stat.isreg""
          - ""system_name.stat.exists""
          - ""system_name.stat.isreg""
          - ""skel_bashrc.stat.exists""
          - ""skel_bashrc.stat.isreg""
",Generate an Ansible playbook that verifies the existence of essential configuration files on all hosts.,"
ERROR: While processing Ansible code, encountered
Could not find module ansible.builtin.assert
"
385,"---
- hosts: localhost
  become: true
  roles:
    - ansible-role-wireguard
",Generate an Ansible playbook that sets up WireGuard on a local machine.,The generated code is not an Ansible playbook.
386,"---
- name: Create Pacemaker Cluster (with fence_vmware_rest fencing)
  hosts: ""{{target|default('cluster')}}""
  vars:
    fence_vmware_ipaddr: ""vcenter-hostname-or-ip""
    fence_vmware_login: ""vcenter-username""
    fence_vmware_passwd: ""vcenter-password-for-username""
  roles:
    - role: ""ondrejhome.ha_cluster.pacemaker""
      cluster_name: ""vmware-cluster""
      cluster_configure_fence_xvm: false
      cluster_configure_fence_vmware_rest: true
",Generate an Ansible playbook that sets up a Pacemaker cluster using VMware REST fencing.,The generated code is not an Ansible playbook.
387,"---
- name: Converge
  hosts: all
  roles:
    - role: lean_delivery.endeca_mdex
      transport: ""web""
      transport_web: ""{{ lookup('env','STORAGE_AWS') }}/oracle-commerce-suite/commerce/endeca10.1/V35742-01.zip""
    - role: ansible-role-endeca-platformservices
      transport: ""web""
      ps_version: ""6.1.3""
      transport_web: ""{{ lookup('env','STORAGE_AWS') }}/oracle-commerce-suite/commerce/endeca10.1/V33316-01.zip""
  vars:
    mdex_version: ""6.4.0""
",Generate an Ansible playbook that sets up Endeca MDEX and Platform Services with specified versions using web transport for files hosted in AWS.,The generated code is not an Ansible playbook.
388,"---
- hosts: localhost
  remote_user: root
  vars:
    - mysql_databases:
        - name: redmine
    - mysql_users:
        - name: redmine
          password: password
          priv: ""redmine.*:ALL""
    - redmine_configure_firewalld: false
    - centos_base_basic_packages: true
    - centos_base_enable_epel: true
  roles:
    - role: geerlingguy.mysql
      become: true
    - role: bngsudheer.centos_base
    - role: role_under_test
","Generate an Ansible playbook that sets up a MySQL database with a user for Redmine, configures CentOS with basic packages and EPEL, and manages associated roles.",The generated code is not an Ansible playbook.
389,"---
- name: Prepare
  hosts: all
  roles:
    - role: sbaerlocher.windows.defender
",Generate an Ansible playbook that configures Windows Defender on all target hosts.,The generated code is not an Ansible playbook.
390,"---
- name: Converge
  hosts: all
  become: true

  vars:
    jenkins_plugins:
      - ghprb
      - greenballs
      - { name: cloudbees-folder, version: 6.18 }
    jenkins_home: /tmp/jenkins
    jenkins_plugin_timeout: 120

  pre_tasks:
    - include_tasks: debian-setup.yml
      when: ansible_os_family == 'Debian'

  roles:
    - geerlingguy.java
    - geerlingguy.jenkins

  post_tasks:
    - name: Verify JENKINS_HOME is correct.
      stat:
        path: ""{{ jenkins_home }}/config.xml""
      register: jenkins_home_config

    - name: Fail if Jenkins config file doesn't exist.
      fail:
      when: not jenkins_home_config.stat.exists

    - name: List plugins directory contents.
      command: ""ls {{ jenkins_home }}/plugins""
      register: plugins_contents
      changed_when: false
      tags: [""skip_ansible_lint""]

    - name: Verify greenballs plugin exists.
      stat:
        path: ""{{ jenkins_home }}/plugins/greenballs.jpi""
      register: greenballs_plugin

    - name: Fail if greenballs plugin file doesn't exist.
      fail:
      when: not greenballs_plugin.stat.exists

    - name: Verify cloudbees-folder plugin exists.
      stat:
        path: ""{{ jenkins_home }}/plugins/cloudbees-folder.jpi""
      register: folder_plugin

    - name: Fail if cloudbees-folder plugin file doesn't exist.
      fail:
      when: not folder_plugin.stat.exists

    - name: Ensure Jenkins is running.
      uri:
        url: ""http://127.0.0.1:8080/""
        status_code: 200
      register: result
      until: result.status == 200
      retries: 60
      delay: 1
","Generate an Ansible playbook that sets up a Jenkins server with specified plugins, verifies the setup, and ensures Jenkins is running correctly.","
ERROR: While processing Ansible code, encountered
expected value found mapping
"
391,"---
- hosts: all
  vars:
    - scumblr_rails_user: _scumblr
    - scumblr_db_adapter: postgresql
    - scumblr_db_database: db-scumblr-postgresql
    - scumblr_db_user: user-scumblr
    - scumblr_db_pass: pass-scumblr
    - scumblr_db_host: localhost
    - scumblr_db_port: 5432
    - scumblr_version: v1.1
    - rbenv:
        env: user
        version: v1.0.0
        ruby_version: 2.0.0-p481
    - rbenv_repo: ""https://github.com/sstephenson/rbenv.git""
    - rbenv_plugins:
        - { name: ""ruby-build"", repo: ""https://github.com/sstephenson/ruby-build.git"", version: ""v20160913"" }
        - { name: ""rbenv-rehash"", repo: ""https://github.com/rbenv/rbenv-gem-rehash.git"", version: ""v1.0.0"" }
    - rbenv_users:
        - ""{{ scumblr_rails_user }}""
    - postgresql_databases:
        - name: ""{{ scumblr_db_database }}_{{ scumblr_rails_env }}""
    - postgresql_users:
        - name: ""{{ scumblr_db_user }}""
          password: ""{{ scumblr_db_pass }}""
          db: ""{{ scumblr_db_database }}_{{ scumblr_rails_env }}""
  ## Scumblr v2
  #    - scumblr_version: v2.0
  #    - rbenv:
  #        env: user
  #        version: v1.0.0
  #        ruby_version: 2.3.1
  roles:
    - role: juju4.adduser
      adduser_user_name: _scumblr
      adduser_user_home: ""/home/_scumblr""
      adduser_user_comments: ""Scumblr rails app user""
      adduser_public_keys: []
      adduser_sudoroot: false
    - geerlingguy.postgresql
    - juju4.sketchy
    - juju4.scumblr
","Generate an Ansible playbook that sets up a Scumblr application with PostgreSQL, configures the necessary users and permissions, and manages Ruby environments through rbenv.",The generated code is not an Ansible playbook.
392,"---
- hosts: all
  name: Hardening
  tasks:
    - name: Hardening
      ansible.builtin.import_role:
        name: hardening
",Generate an Ansible playbook that applies security hardening measures across all hosts.,"
ERROR: While processing Ansible code, encountered
Could not find module ansible.builtin.import_role
"
393,"---
- hosts: localhost
  remote_user: root
  roles:
    - galaxy-role-pihole
",Generate an Ansible playbook that sets up Pi-hole on a local machine.,The generated code is not an Ansible playbook.
394,"---
- hosts: localhost
  remote_user: root
  roles:
    - crowdsec-plus-console
",Generate an Ansible playbook that sets up the CrowdSec Plus console on the localhost using the root user.,The generated code is not an Ansible playbook.
395,"---
- hosts: all
  become: true
  roles:
    - ansible-role-hostname
",Generate an Ansible playbook that sets the hostname for all hosts in the inventory.,The generated code is not an Ansible playbook.
396,"---
- hosts: all
  become: true

  pre_tasks:
    - name: Update local apt cache (Ubuntu)
      apt:
        update_cache: true
      when: ansible_os_family == 'Debian'

    - name: Install policycoreutils-python
      yum:
        name: ""policycoreutils-python""
        state: present
      when: ansible_os_family == 'RedHat'

    # Workaround for selinux errors when using sqlite DB
    - name: Set permissive SElinux for httpd domain
      selinux_permissive:
        name: ""httpd_t""
        permissive: true
      when:
        - ansible_selinux
        - ansible_virtualization_type != 'docker'

  roles:
    - openstack-repo
","Generate an Ansible playbook that updates the package cache, installs necessary utilities for different Linux distributions, sets permissive SELinux for the httpd domain, and applies the OpenStack repository configuration.","
ERROR: While processing Ansible code, encountered
unrecognized field 'pre_tasks' in play
"
397,"---
- name: Run IT
  hosts: localhost
  gather_facts: false

  tasks:
    - name: action_cli
      include_tasks: ""targets/action_cli/tasks/main.yml""
",Generate an Ansible playbook that executes a specific action using a CLI on the localhost without gathering facts.,"
ERROR: While processing Ansible code, encountered
unrecognized field 'gather_facts' in play
"
398,"---
- hosts: localhost
  remote_user: root
  roles:
    - ansible-dircolors
",Generate an Ansible playbook that configures directory colors for users on a local system.,The generated code is not an Ansible playbook.
399,"#
# SPDX-License-Identifier: Apache-2.0
#
---
- name: Create components for an endorsing organization
  hosts: localhost
  vars:
      state: present
      organization_name: ""{{ org2_name }}""
      organization_msp_id: ""{{ org2_msp_id }}""
      ca_name: ""{{ org2_ca_name }}""
      peer_name: ""{{ org2_peer_name }}""
  vars_files:
      - common-vars.yml
      - org2-vars.yml
  roles:
      - hyperledger.fabric_ansible_collection.endorsing_organization
",Generate an Ansible playbook that sets up the necessary components for a new endorsing organization in a Hyperledger Fabric network.,The generated code is not an Ansible playbook.
400,"---
- name: Verify
  hosts: all
  tasks:
    - name: Ensure service is running
      ansible.builtin.service:
        name: influxdb
        state: started
",Generate an Ansible playbook that ensures the InfluxDB service is running on all target hosts.,No syntactic error found
401,"---
- hosts: localhost
  remote_user: root
  connection: local
  roles:
    - role: metadrop.nginx_server_block
      nsb_domains:
        - example.test
      nsb_docroot_path: ""/var/vhosts/example.test""
      nsb_https_enabled: false
      nsb_locations:
        - match: ""/""
          body: |
            index  index.html;
",Generate an Ansible playbook that sets up an Nginx server block for a specified domain with a custom document root and location configuration.,The generated code is not an Ansible playbook.
402,"---
- name: test role syntax
  hosts: test
  roles:
    - ansible-python
",Generate an Ansible playbook that applies the ansible-python role to the test hosts.,The generated code is not an Ansible playbook.
403,"---
- hosts: localhost
  roles:
    - wimpy.deploy
",Generate an Ansible playbook that deploys the Wimpy application on the localhost.,The generated code is not an Ansible playbook.
404,"---
- hosts: all
  vars:
    sshd_service_managed: false
    sshd_config:
      Port: 22
      AddressFamily: any
      ListenAddress: ""0.0.0.0""
      ListenAddresses:
        - ""0.0.0.0""
        - ""::""
      HostKey: /etc/ssh/ssh_host_rsa_key
      HostKeys:
        - /etc/ssh/ssh_host_ecdsa_key
        - /etc/ssh/ssh_host_ed25519_key
      RekeyLimit: default none
      SyslogFacility: AUTH
      LogLevel: INFO
      LoginGraceTime: 2m
      PermitRootLogin: prohibit-password
      StrictModes: ""yes""
      MaxAuthTries: 6
      MaxSessions: 10
      PubkeyAuthentication: ""yes""
      AuthorizedKeysFile: .ssh/authorized_keys
      AuthorizedPrincipalsFile: none
      AuthorizedKeysCommand: none
      AuthorizedKeysCommandUser: nobody
      HostbasedAuthentication: ""no""
      IgnoreUserKnownHosts: ""no""
      IgnoreRhosts: ""yes""
      PasswordAuthentication: ""yes""
      PermitEmptyPasswords: ""no""
      ChallengeResponseAuthentication: ""yes""
      UsePAM: ""yes""
      AllowAgentForwarding: ""yes""
      AllowTcpForwarding: ""yes""
      GatewayPorts: ""no""
      X11Forwarding: ""no""
      X11DisplayOffset: 10
      X11UseLocalhost: ""yes""
      PermitTTY: ""yes""
      PrintMotd: ""yes""
      TCPKeepAlive: ""yes""
      PermitUserEnvironment: ""no""
      Compression: delayed
      ClientAliveInterval: 0
      ClientAliveCountMax: 3
      UseDNS: ""no""
      PidFile: /var/run/sshd.pid
      MaxStartups: 10:30:100
      PermitTunnel: ""no""
      ChrootDirectory: none
      VersionAddendum: none
      AcceptEnv: LANG LC_*
      Banner: none
      Subsystem: ""sftp /usr/libexec/sftp-server""
      Subsystems:
        - ""scp /foo/bar/scp""
      MatchUsers:
        anoncvs:
          X11Forwarding: ""no""
          AllowTcpForwarding: ""no""
          PermitTTY: ""no""
          ForceCommand: cvs server
  roles:
    - role: ""{{ playbook_dir }}""
#  tasks:
#    - name: test sshd_config
#      command: sshd -T
- hosts: all
  # simple configuration
  vars:
    sshd_service_managed: false
    sshd_config:
      Port: 22
      ListenAddresses:
        - ""0.0.0.0""
        - ""::""
      PubkeyAuthentication: ""yes""
      PermitRootLogin: ""no""
  roles:
    - role: ""{{ playbook_dir }}""
#  tasks:
#    - name: test sshd_config
#      command: sshd -T
",Generate an Ansible playbook that configures SSH server settings for secure access management while allowing specific customizations for user connections.,"
ERROR: While processing Ansible code, encountered
expected value found mapping
expected value found mapping
"
405,"---
- name: check node_exporter status
  hosts: all
  tasks:
    - name: check the node_exporter services
      uri:
        url: http://localhost:9100/metrics
      register: check_node_exporter
      retries: 3
      delay: 3
      until:
        - check_node_exporter.status == 200
",Generate an Ansible playbook that checks the status of the node_exporter service on all hosts by verifying the availability of its metrics endpoint.,"
ERROR: While processing Ansible code, encountered
Multiple modules specified: uri and until
Multiple modules specified: uri and delay
Multiple modules specified: uri and retries
"
406,"---
# This is an example playbook to execute Ansible tests.

- name: Verify
  hosts: all
  gather_facts: false
  tasks:
    - name: Run apt update
      become: true
      ansible.builtin.apt:
        update_cache: true
",Generate an Ansible playbook that updates the package cache on all hosts.,"
ERROR: While processing Ansible code, encountered
unrecognized field 'gather_facts' in play
"
407,"---
- hosts: all
  become: true
  become_user: root
  roles:
    - akoeb.common
",Generate an Ansible playbook that installs and configures the common roles for all hosts with root privileges.,The generated code is not an Ansible playbook.
408,"---
- name: Verify
  hosts: all

  tasks:
    - name: Check current sonar version.
      command: ""sonar-scanner --version""
      register: sonar_current_version
      changed_when: false
      failed_when: false

    - name: Ensure trivy version output contains correct version string
      assert:
        that:
          - sonar_current_version.rc != 0
",Generate an Ansible playbook that verifies the installed SonarQube scanner version and checks if it corresponds to an expected version string.,"
ERROR: While processing Ansible code, encountered
Multiple modules specified: command and failed_when
"
409,"---
- hosts: localhost
  remote_user: root
  roles:
    - ansible-role-mongodb
",Generate an Ansible playbook that installs and configures MongoDB on the localhost.,The generated code is not an Ansible playbook.
410,"---
- name: Prepare Mock Server
  hosts: mock_server
  become: true
  tasks:
    - name: Start mock server
      raw: ""nohup java -Dfile.encoding=UTF-8 -cp /mockserver-netty-jar-with-dependencies.jar:/libs/* -Dmockserver.propertyFile=/mockserver.properties org.mockserver.cli.Main
        -serverPort 1080 </dev/null >/dev/null 2>&1 & sleep 1""
      changed_when: false

- name: Set Expectations
  hosts: mock_server
  connection: local
  gather_facts: false
  tasks:
    - name: Reset mock server expectations
      uri:
        url: ""https://{{ inventory_hostname }}:1080/mockserver/reset""
        method: PUT
        status_code: 200
        headers:
          Content-Type: application/json
        validate_certs: false

    - name: Create gateway api PUT expectation
      uri:
        url: ""https://{{ inventory_hostname }}:1080/mockserver/expectation""
        method: PUT
        body:
          httpRequest:
            method: ""PUT""
            path: ""/api/v1/services/environments/production/gateways/www.example.com""
          httpResponse:
            statusCode: 202
            body:
              currentStatus:
                ingress:
                  placement:
                    instanceRefs:
                      - links:
                          rel: ""/api/v1/infrastructure/locations/unspecified/instances/instance1.example.com""
                          name: instance1.example.com
                        ref: ""/infrastructure/locations/unspecified/instances/instance1.example.com""
                  tls:
                    certRef:
                      links:
                        rel: ""/api/v1/services/environments/production/certs/www.example.com""
                        displayName: www.example.com
                        name: www.example.com
                      ref: ""/services/environments/production/certs/www.example.com""
                    protocols:
                      - TLSv1.3
                      - TLSv1.2
                  uris:
                    http://www.example.com: {}
                    https://www.example.com: {}
                state:
                  selfConfigState:
                    configured: 0
                    configuring: 1
                    deleting: 0
                    error: 0
                    isConfigured: false
                    isConfiguring: true
                    isDeleting: false
                    isError: false
                    total: 1
              desiredState:
                ingress:
                  placement:
                    instanceRefs:
                      - links:
                          rel: ""/api/v1/infrastructure/locations/unspecified/instances/instance1.example.com""
                          name: instance1.example.com
                        ref: ""/infrastructure/locations/unspecified/instances/instance1.example.com""
                  tls:
                    certRef:
                      links:
                        rel: ""/api/v1/services/environments/production/certs/www.example.com""
                        displayName: www.example.com
                        name: www.example.com
                      ref: ""/services/environments/production/certs/www.example.com""
                    protocols:
                      - TLSv1.3
                      - TLSv1.2
                  uris:
                    http://www.example.com: {}
                    https://www.example.com: {}
              metadata:
                createTime: ""2021-09-14T22:18:25Z""
                description: Public gateway for for Example-One
                displayName: First Example Gateway
                kind: gateways
                links:
                  rel: ""/api/v1/services/environments/production/gateways/www.example.com""
                name: www.example.com
                uid: 5f33ff4f-6552-4e09-ab34-996ca1e900e6
                updateTime: ""2021-09-14T22:18:25Z""

        status_code: 201
        body_format: json
        headers:
          Content-Type: application/json
        validate_certs: false

    - name: Create gateway api GET expectation
      uri:
        url: ""https://{{ inventory_hostname }}:1080/mockserver/expectation""
        method: PUT
        body:
          httpRequest:
            method: ""GET""
            path: ""/api/v1/services/environments/production/gateways/www.example.com""
          httpResponse:
            statusCode: 200
            body:
              currentStatus:
                ingress:
                  placement:
                    instanceRefs:
                      - links:
                          rel: ""/api/v1/infrastructure/locations/unspecified/instances/instance1.example.com""
                          name: instance1.example.com
                        ref: ""/infrastructure/locations/unspecified/instances/instance1.example.com""
                  tls:
                    certRef:
                      links:
                        rel: ""/api/v1/services/environments/production/certs/www.example.com""
                        displayName: www.example.com
                        name: www.example.com
                      ref: ""/services/environments/production/certs/www.example.com""
                    protocols:
                      - TLSv1.3
                      - TLSv1.2
                  uris:
                    http://www.example.com: {}
                    https://www.example.com: {}
                state:
                  selfConfigState:
                    configured: 1
                    configuring: 0
                    deleting: 0
                    error: 0
                    isConfigured: true
                    isConfiguring: false
                    isDeleting: false
                    isError: false
                    total: 1
              desiredState:
                ingress:
                  placement:
                    instanceRefs:
                      - links:
                          rel: ""/api/v1/infrastructure/locations/unspecified/instances/instance1.example.com""
                          name: instance1.example.com
                        ref: ""/infrastructure/locations/unspecified/instances/instance1.example.com""
                  tls:
                    certRef:
                      links:
                        rel: ""/api/v1/services/environments/production/certs/www.example.com""
                        displayName: www.example.com
                        name: www.example.com
                      ref: ""/services/environments/production/certs/www.example.com""
                    protocols:
                      - TLSv1.3
                      - TLSv1.2
                  uris:
                    http://www.example.com: {}
                    https://www.example.com: {}
              metadata:
                createTime: ""2021-09-14T22:18:25Z""
                description: Public gateway for for Example-One
                displayName: First Example Gateway
                kind: gateways
                links:
                  rel: ""/api/v1/services/environments/production/gateways/www.example.com""
                name: www.example.com
                uid: 5f33ff4f-6552-4e09-ab34-996ca1e900e6
                updateTime: ""2021-09-14T22:18:25Z""
        status_code: 201
        body_format: json
        headers:
          Content-Type: application/json
        validate_certs: false
",Generate an Ansible playbook that sets up a mock server and configures HTTP request expectations for a gateway API.,"
ERROR: While processing Ansible code, encountered
Could not find module raw
unrecognized field 'connection' in play
"
411,"---
- name: Converge
  hosts: all
  become: true
  roles:
    - role: ../../..
      rabbitmq_users:
        joe:
          password: changeme
          vhost: /
          configure_priv: .*
          read_priv: .*
          write_priv: .*
          state: present
        guest:
          state: absent
",Generate an Ansible playbook that manages RabbitMQ users by ensuring the user 'joe' is created with specified permissions and the user 'guest' is removed.,The generated code is not an Ansible playbook.
412,"---
- hosts: localhost
  remote_user: root
  roles:
    - mpath
",Generate an Ansible playbook that sets up multipath disk configuration on a local host using root access.,The generated code is not an Ansible playbook.
413,"---
- hosts: localhost
  remote_user: root
  roles:
    - amq7
",Generate an Ansible playbook that installs and configures AMQ 7 on a local server.,The generated code is not an Ansible playbook.
414,"---
- hosts: all
  remote_user: root
  become: true
  vars_files:
    - ./vars.yml
  roles:
    - ansible-role-postgresql
",Generate an Ansible playbook that installs and configures PostgreSQL on all target servers.,The generated code is not an Ansible playbook.
415,"---
- name: Testing andrewrothstein.matchbox_config
  hosts: all
  vars:
    matchbox_config_activate: false
    matchbox_config_tls:
      enable: true
      pki_dir: ""{{ playbook_dir }}/test-pki""
    matchbox_config_address: 0.0.0.0:8080
    matchbox_config_rpc_address: 0.0.0.0:8081
    matchbox_config_get_coreos:
      - channel: stable
        version: ""39.20240104.3.0""
    matchbox_config_get_flatcar:
      - channel: stable
        version: ""3760.2.0""
  roles:
    - role: ""{{ playbook_dir }}""
","Generate an Ansible playbook that configures Matchbox for managing CoreOS and Flatcar instances with TLS support, including setting the activation flag and specifying addresses for HTTP and RPC services.",The generated code is not an Ansible playbook.
416,"---
- name: Example Playbook
  hosts: all
  tasks:
    - name: Include ansible-rclone-backups
      include_role:
        name: ansible-rclone-backups
",Generate an Ansible playbook that automates the inclusion of the ansible-rclone-backups role for backup management across all hosts.,"
ERROR: While processing Ansible code, encountered
Could not find module include_role
"
417,"---
- hosts: all
  gather_facts: false
  tasks:
    - name: ""Molecule | Include vars.""
      ansible.builtin.include_vars: variables.yml
",Generate an Ansible playbook that includes variables from a specified YAML file for all hosts without gathering facts.,"
ERROR: While processing Ansible code, encountered
unrecognized field 'gather_facts' in play
"
418,"---
- name: Converge
  hosts: all
  become: true

  roles:
    - role: geerlingguy.mysql

  post_tasks:
    - name: Make sure we can connect to MySQL via Unix socket.
      command: ""mysql -u root -proot -e 'show databases;'""
      changed_when: false

    - name: Make sure we can connect to MySQL via TCP.
      command: ""mysql -u root -proot -h 127.0.0.1 -e 'show databases;'""
      changed_when: false
",Generate an Ansible playbook that installs MySQL on all hosts and verifies connectivity via both Unix socket and TCP.,"
ERROR: While processing Ansible code, encountered
unrecognized field 'roles' in play
"
419,"---
- name: Delete crontabs
  hosts: all
  roles:
    - role: role_under_test
      crontabs:
        vars: []
        jobs: []

# vim:ft=ansible:
",Generate an Ansible playbook that removes specific crontab entries from all hosts.,The generated code is not an Ansible playbook.
420,"---
- hosts: localhost
  remote_user: root
  roles:
    - haproxy_sh
",Generate an Ansible playbook that sets up and configures HAProxy on a local machine.,The generated code is not an Ansible playbook.
421,"---
- name: Terraform Cloud Management | Converge
  hosts: all
  tasks:
    - name: Terraform Cloud Management | Converge | Include arpanrec.terraform_cloud_management
      ansible.builtin.include_role:
        name: ""arpanrec.terraform_cloud_management""
",Generate an Ansible playbook that manages Terraform Cloud resources using the arpanrec.terraform_cloud_management role.,"
ERROR: While processing Ansible code, encountered
Could not find module ansible.builtin.include_role
"
422,"---
- hosts: localhost
  remote_user: root
  roles:
    - certbot-cloudflare
",Generate an Ansible playbook that automates the installation and configuration of Certbot with Cloudflare DNS for obtaining SSL certificates.,The generated code is not an Ansible playbook.
423,"---
- hosts: myhosts
  connection: local
  roles:
    - create_volume
",Generate an Ansible playbook that provisions local volumes on specified hosts using a predefined role.,The generated code is not an Ansible playbook.
424,"---
- name: Run the FireFox STIG
  hosts: all
  roles:
    - firefox-stig
",Generate an Ansible playbook that applies the Firefox STIG security configuration to all hosts.,The generated code is not an Ansible playbook.
425,"---
- hosts: localhost
  connection: local
  remote_user: root
  roles:
    - ansible-role-rhel8-stig
",Generate an Ansible playbook that applies the RHEL 8 STIG compliance role to enhance security on a local host.,The generated code is not an Ansible playbook.
426,"---
- hosts: client
  become: true
  become_method: sudo
  environment:
    http_proxy: ""{{ http_proxy | default() }}""
    https_proxy: ""{{ https_proxy | default() }}""
    no_proxy: ""{{ no_proxy | default() }}""

  pre_tasks:
  roles:
    - name: trombik.freebsd_pkg_repo
      when:
        - ansible_os_family == 'FreeBSD'
    - name: trombik.git
    - name: trombik.pip
      when:
        - ansible_os_family == 'FreeBSD'
    - name: install_openbsd_ports
      when: ansible_os_family == 'OpenBSD'
    - name: trombik.buildbot_worker
    - name: install_platformio
      when:
        - ansible_os_family == 'FreeBSD'
    - name: trombik.poudriere
      when:
        - ansible_os_family == 'FreeBSD'
    - name: trombik.sudo
      when:
        - ansible_os_family == 'FreeBSD'
  vars:
    sudo_configs:
      - name: buildbot
        content: |
          Cmnd_Alias POUDRIERE = /usr/local/bin/poudriere
          buildbot ALL = (root) NOPASSWD: POUDRIERE

    # used for platformio
    pip_packages: ""{% if ansible_os_family == 'FreeBSD' %}[ 'py27-pip', 'py36-pip' ]{% else %}[]{% endif %}""

    freebsd_pkg_repo:
      FreeBSD:
        enabled: ""false""
        state: present
      FreeBSD_latest:
        # use buildbot 2.x in latest
        enabled: ""true""
        state: present
        url: pkg+https://pkg.FreeBSD.org/${ABI}/latest
        signature_type: fingerprints
        fingerprints: /usr/share/keys/pkg
        mirror_type: srv

    poudriere_package: ports-mgmt/poudriere-devel
    poudriere_make_conf_files:
      - name: make.conf
        state: present
        content: |
          LICENSES_ACCEPTED=MSPAT OSI
          MAKE_JOB_NUMBERS=3
    poudriere_config:
      BASEFS: /usr/local/poudriere
      FREEBSD_HOST: http://ftp.freebsd.org
      NO_ZFS: ""yes""
      GIT_URL: ""https://github.com/freebsd/freebsd-ports.git""
      CHECK_CHANGED_OPTIONS: verbose
      NOLINUX: ""yes""
      CCACHE_DIR: /var/cache/ccache
    poudriere_ports:
      freebsd:
        method: git
        branch: master
        state: present
    poudriere_jails:
      ""12_0"":
        method: http
        version: 12.0-RELEASE
        state: present

    buildbot_worker_flags: |
      buildbot_worker_basedir=""{{ buildbot_worker_conf_dir }}""

    buildbot_worker_config: |
      import os
      from buildbot_worker.bot import Worker
      from twisted.application import service
      basedir = '{{ buildbot_worker_conf_dir }}'
      rotateLength = 10000000
      maxRotatedFiles = 10
      # if this is a relocatable tac file, get the directory containing the TAC
      if basedir == '.':
          import os.path
          basedir = os.path.abspath(os.path.dirname(__file__))
      # note: this line is matched against to check that this is a worker
      # directory; do not edit it.
      application = service.Application('buildbot-worker')
      from twisted.python.logfile import LogFile
      from twisted.python.log import ILogObserver, FileLogObserver
      logfile = LogFile.fromFullPath(
          os.path.join(basedir, ""twistd.log""), rotateLength=rotateLength,
          maxRotatedFiles=maxRotatedFiles)
      application.setComponent(ILogObserver, FileLogObserver(logfile).emit)
      workername = '{% if ansible_os_family == 'FreeBSD' %}worker1{% else %}worker2{% endif %}'
      buildmaster_host = '192.168.21.200'
      port = 9989
      passwd = 'pass'
      keepalive = 600
      umask = None
      maxdelay = 300
      numcpus = None
      allow_shutdown = None
      maxretries = None
      s = Worker(buildmaster_host, port, workername, passwd, basedir,
                 keepalive, umask=umask, maxdelay=maxdelay,
                 numcpus=numcpus, allow_shutdown=allow_shutdown,
                 maxRetries=maxretries)
      s.setServiceParent(application)
","Generate an Ansible playbook that configures FreeBSD and OpenBSD systems with necessary packages, repository settings, and Buildbot worker configurations.","
ERROR: While processing Ansible code, encountered
unrecognized field 'environment' in play
"
427,"---
- import_playbook: docker-registry-access.yaml

- hosts: all
  vars_files:
    - ../versions.yaml
  roles:
    - iam_user
    - iam_user_access_and_secret_keys
    - rabbit_broker
    - rabbit_ingress

- import_playbook: cert-issuer.yaml

- hosts: google_cloud
  vars_files:
    - ../versions.yaml
  roles:
    - role: google_cloud_sql_proxy
      vars:
        google_cloud_sql_proxy_namespace: dba
    - role: google_cloud_sql_proxy
      vars:
        google_cloud_sql_proxy_namespace: ""{{ namespace }}""

- import_playbook: mysql.yaml

- hosts: h2
  vars_files:
    - ../versions.yaml
  roles:
    - h2

- import_playbook: event-store.yaml

- hosts: all
  vars_files:
    - ../versions.yaml
  roles:
    - namespace
","Generate an Ansible playbook that sets up user access, manages cloud resources, and configures databases and event stores across multiple environments.",The generated code is not an Ansible playbook.
428,"---
- name: converge
  hosts: instance
  any_errors_fatal: false

  environment:
    NETRC: """"

  roles:
    - role: ansible-algernon
",Generate an Ansible playbook that sets up the environment for running the ansible-algernon role on specified instances.,The generated code is not an Ansible playbook.
429,"---
- hosts: all
  roles:
    - role: ansible-role-gobackup
      gobackup_user: root
  vars_files:
    - ./vars.yml
",Generate an Ansible playbook that sets up the GoBackup role for backing up data on all hosts with the specified user and variables.,The generated code is not an Ansible playbook.
430,"---
- hosts: localhost
  remote_user: root
  roles:
    - docker_role
    - odoo_role
",Generate an Ansible playbook that sets up a Docker environment and deploys Odoo on the local machine.,The generated code is not an Ansible playbook.
431,"---
- hosts: all
  roles:
    - ansible-vault
",Generate an Ansible playbook that applies the ansible-vault role to all hosts for secure variable management.,The generated code is not an Ansible playbook.
432,"---
- name: webserver
  hosts: webserver
  become: true

  tasks:
    - name: install apache
      command: apt install apache2 -y

    - name: start services
      command: systemctl start apache2
",Generate an Ansible playbook that installs and starts Apache on a web server.,"
ERROR: While processing Ansible code, encountered
Could not find module command
"
433,"---
- name: Converge
  hosts: all
  become: true
  gather_facts: true

  roles:
    - role: ansible-role-at
",Generate an Ansible playbook that sets up a system with the necessary configurations and roles to ensure consistency across all hosts.,The generated code is not an Ansible playbook.
434,"---
- name: ""Application / Tilix / Usage example""
  hosts: ""localhost""
  gather_facts: true

  tasks:
    - name: ""Example: Install Tilix""
      vars:
        app_tilix:
          resolve_prereq: true
          deploy: true
      ansible.builtin.include_role:
        name: ""serdigital64.application.app_tilix""
...
",Generate an Ansible playbook that installs Tilix on a local machine with prerequisite checks.,"
ERROR: While processing Ansible code, encountered
unrecognized field 'gather_facts' in play
"
435,"---
### Validates that SASL SSL protocol is set across all components
### Validates that custom log4j configuration is in place.
### Validates that Java 17 is in Use

- name: Verify Java
  hosts: all
  gather_facts: false
  tasks:
    - name: Get Java Version
      shell: java -version
      register: version_output

    - name: Assert Java Version is 17
      assert:
        that:
          - version_output.stderr_lines[0] | regex_search(""17\.0\."")
        fail_msg: ""Current Java Version is: {{version_output.stderr_lines[0]}}. Verify again""
        quiet: true

- name: Verify - kafka_controller
  hosts: kafka_controller
  gather_facts: false
  tasks:
    - import_role:
        name: variables
    - import_role:
        name: confluent.test
        tasks_from: check_property.yml
      vars:
        file_path: /opt/confluent/etc/controller/server.properties
        property: controller.quorum.voters
        expected_value: ""{{ kafka_controller_quorum_voters }}""
    - import_role:
        name: confluent.test
        tasks_from: check_property.yml
      vars:
        file_path: /opt/confluent/etc/controller/server.properties
        property: listener.name.controller.sasl.enabled.mechanisms
        expected_value: PLAIN

- name: Verify - kafka_broker
  hosts: kafka_broker
  gather_facts: false
  tasks:
    - import_role:
        name: confluent.test
        tasks_from: check_property.yml
      vars:
        file_path: /opt/confluent/etc/kafka/server.properties
        property: listener.name.internal.sasl.enabled.mechanisms
        expected_value: PLAIN

- name: Verify - schema_registry
  hosts: schema_registry
  gather_facts: false
  tasks:
    - import_role:
        name: confluent.test
        tasks_from: check_property.yml
      vars:
        file_path: /opt/confluent/etc/schema-registry/schema-registry.properties
        property: kafkastore.security.protocol
        expected_value: SASL_SSL

- name: Verify - kafka_rest
  hosts: kafka_rest
  gather_facts: false
  tasks:
    - import_role:
        name: confluent.test
        tasks_from: check_property.yml
      vars:
        file_path: /opt/confluent/etc/kafka-rest/kafka-rest.properties
        property: client.security.protocol
        expected_value: SASL_SSL

- name: Verify - kafka_connect
  hosts: kafka_connect
  gather_facts: false
  tasks:
    - import_role:
        name: confluent.test
        tasks_from: check_property.yml
      vars:
        file_path: /opt/confluent/etc/kafka/connect-distributed.properties
        property: security.protocol
        expected_value: SASL_SSL

- name: Verify - ksql
  hosts: ksql
  gather_facts: false
  tasks:
    - import_role:
        name: confluent.test
        tasks_from: check_property.yml
      vars:
        file_path: /opt/confluent/etc/ksqldb/ksql-server.properties
        property: security.protocol
        expected_value: SASL_SSL

- name: Verify - control_center
  hosts: control_center
  gather_facts: false
  tasks:
    - import_role:
        name: confluent.test
        tasks_from: check_property.yml
      vars:
        file_path: /opt/confluent/etc/confluent-control-center/control-center-production.properties
        property: confluent.controlcenter.streams.security.protocol
        expected_value: SASL_SSL

- name: Verify log4j Configuration
  hosts: all
  gather_facts: false
  tasks:
    - import_role:
        name: confluent.test
        tasks_from: check_log4j.yml

### Validates that Confluent CLI is installed.
- name: Verify - Confluent CLI
  hosts: all
  gather_facts: false
  tasks:
    - import_role:
        name: variables

    - name: Check confluent cli is installed
      command: ""/usr/local/bin/confluent version""
      register: confluent_cli_output

    - name: Validate the cli version
      assert:
        that:
          - ""{{confluent_cli_version in confluent_cli_output.stdout}}""
","Generate an Ansible playbook that ensures all components are configured with SASL SSL, custom log4j settings are applied, Java 17 is in use, and that the Confluent CLI is installed and correctly versioned.","
ERROR: While processing Ansible code, encountered
unrecognized field 'gather_facts' in play
unrecognized field 'gather_facts' in play
unrecognized field 'gather_facts' in play
unrecognized field 'gather_facts' in play
unrecognized field 'gather_facts' in play
unrecognized field 'gather_facts' in play
unrecognized field 'gather_facts' in play
unrecognized field 'gather_facts' in play
unrecognized field 'gather_facts' in play
unrecognized field 'gather_facts' in play
"
436,"---
# host to test against
- hosts: test-kitchen
  remote_user: root

  roles:
    # name of role to test
    - role: ansible-log-courier
      log_courier_ssl_certificate: test
      log_courier_nginx_enabled: true
      log_courier_php_enabled: true

  vars:
    domain: test.com
    project: test-project
    environment_tier: development
","Generate an Ansible playbook that sets up the `ansible-log-courier` role with SSL certificate, enables Nginx and PHP support, and configures variables for the domain, project, and environment tier.",The generated code is not an Ansible playbook.
437,"---
- hosts: localhost
  remote_user: root
  roles:
    - /etc/ansible/roles/tomcat
",Generate an Ansible playbook that sets up Apache Tomcat on a local machine using a predefined role.,The generated code is not an Ansible playbook.
438,"---
- name: Converge
  hosts: all
  vars: []
  # os_vars_dir: ../../../../group_vars/operating-systems
  roles:
    - role: ansible-disks
",Generate an Ansible playbook that manages disk configurations across all servers.,The generated code is not an Ansible playbook.
439,"---
- hosts: localhost
  remote_user: root
  roles:
    - myApatche-fpt
",Generate an Ansible playbook that sets up an Apache FTP server on the localhost with root privileges.,The generated code is not an Ansible playbook.
440,"---
- hosts: localhost
  remote_user: root
  roles:
    - suricata
",Generate an Ansible playbook that installs and configures Suricata for network intrusion detection on a localhost system.,The generated code is not an Ansible playbook.
441,"---
- name: Converge
  hosts: all
  gather_facts: true
  tasks:
    - name: ""Include supertylerc.zerotier""
      ansible.builtin.include_role:
        name: ""supertylerc.zerotier""
",Generate an Ansible playbook that sets up and configures ZeroTier on all hosts.,"
ERROR: While processing Ansible code, encountered
unrecognized field 'gather_facts' in play
"
442,"---
- name: Converge NiFi A + B
  hosts: nifi_a,nifi_b
  roles:
    - role: ansible-nifi
      vars:
        nifi_web_http_host: ""0.0.0.0""
        nifi_backup_id: ""nifi.molecule_test""
        nifi_backup_target: ""s3://dev_minio_access_key:dev_minio_secret_key@nifi_s3:9000/bucketa""
        nifi_backup_s3_using_http: true
",Generate an Ansible playbook that configures and converges Apache NiFi on multiple hosts with specified backup settings to S3.,The generated code is not an Ansible playbook.
443,"---
- hosts: localhost
  remote_user: root
  roles:
    - rpi_tensorflowlite
",Generate an Ansible playbook that sets up TensorFlow Lite on a Raspberry Pi.,The generated code is not an Ansible playbook.
444,"---
- name: Converge
  hosts: all
  roles:
    - role: albanandrieu.scons
",Generate an Ansible playbook that applies the SCons build system role to all hosts in the inventory.,The generated code is not an Ansible playbook.
445,"---
- hosts: localhost
  roles:
    - { role: kurron.operations, operations_loggly_install: false, operations_datadog_install: false }
",Generate an Ansible playbook that sets up the Kurron operations role without installing Loggly or Datadog.,The generated code is not an Ansible playbook.
446,"---
- hosts: localhost
  remote_user: root
  roles:
    - omz
",Generate an Ansible playbook that installs and configures Oh My Zsh for the root user on the localhost.,The generated code is not an Ansible playbook.
447,"---
- name: Verify
  hosts: all
  become: true
  gather_facts: true

  tasks:
    - name: SmokeTests
      ansible.builtin.debug:
        msg:
          - ""ansible_version => {{ansible_version}}""
          - ""ansible_distribution => {{ ansible_distribution }}""
          - ""ansible_distribution_major_version => {{ ansible_distribution_major_version }}""
          - ""ansible_os_family  => {{ ansible_os_family}}""
          - ""ansible_system  => {{ ansible_system }}""

    - name: Test if wireguard.conf exists
      ansible.builtin.lineinfile:
        name: ""/etc/wireguard/wireguard.conf""
        line: ""[interface]""
        state: present
      check_mode: true
      register: molecule_wireguard_conf
      failed_when: (molecule_wireguard_conf is changed) or (molecule_wireguard_conf is failed)

    - name: Check if wireguard is installed
      ansible.builtin.package:
        name: ""wireguard""
        state: present
      register: wireguard_installed
      failed_when: (wireguard_installed is changed) or (wireguard_installed is failed)
      when:
        - ansible_os_family != ""RedHat""

    - name: Check if wireguard-tools is installed
      ansible.builtin.package:
        name: ""wireguard-tools""
        state: present
      register: wireguard_installed
      failed_when: (wireguard_installed is changed) or (wireguard_installed is failed)
      when: ansible_os_family == ""RedHat""
",Generate an Ansible playbook that verifies the installation of WireGuard and checks for the presence of its configuration file across all hosts.,"
ERROR: While processing Ansible code, encountered
unrecognized field 'gather_facts' in play
"
448,"---
- name: Testing Custom Module
  hosts: localhost
  gather_facts: false
  tasks:
    - name: Calling customhello module
      customhello:
      register: custom_value

    - debug:
        msg: ""{{ custom_value }}""
",Generate an Ansible playbook that tests a custom module and outputs its result.,"
ERROR: While processing Ansible code, encountered
unrecognized field 'gather_facts' in play
"
449,"---
- hosts: localhost
  become: true
  become_user: root
  name: Test
  vars:
    pf_rules_debug: true
    freebsd_debug_vars: true
    pf_rules_host:
      080 nfs:
        - nfs=""{ sunrpc, nfsd-status, nfsd-keepalive, nfsd, lockd, 2050 }""
        - pass in quick inet6 proto { tcp, udp } from 2a02:390:79ef::/48 to any port $nfs
    # group vars defined in group_vars/groupN
    pf_rules_global:
      999 policy:
        - pass in log
      000 lo0:
        - set skip on lo0
      010 scrubs:
        - scrub in fragment reassemble no-df
        - scrub reassemble tcp
        - scrub out all random-id
      020 egress:
        - pass out modulate state
      040 icmpv6:
        - ok_icmp6=""{ unreach, toobig, timex, paramprob, echoreq, routeradv, neighbrsol, neighbradv, redir, 141, 142 }""
        - pass in quick inet6 proto ipv6-icmp icmp6-type $ok_icmp6
      050 dhcpv6:
        - pass in quick inet6 proto udp from fe80::/10 port = dhcpv6-server to any port = dhcpv6-client
      060 icmp:
        - ok_icmp=""{ unreach, echoreq, timex, paramprob }""
        - pass in quick inet proto icmp icmp-type $ok_icmp
      070 dhcp:
        - pass in quick inet proto udp from any port = dhcps to any port dhcpc
      090 silent block noisy:
        - noisy=""{ 137:139, mdns, 5355, ssdp, 6667, 10001, dhcps }""
        - block in quick proto udp from any to any port $noisy
  roles:
    - kravietz.freebsd.pf
",Generate an Ansible playbook that configures and manages firewall rules on a FreeBSD system using Packet Filter (PF).,The generated code is not an Ansible playbook.
450,"---
- hosts: test
  tasks:
    - apt:
      name: gnupg
      state: present
      update_cache: true
      when: ansible_os_family == 'Debian'

- hosts: test
  roles:
    #    - role-template # official one
    - role: ""../../."" # work using vagrant tests
      nginx__upstream: true
      nginx__version: ""mainline""
",Generate an Ansible playbook that installs GnuPG on Debian systems and configures an Nginx role with specific upstream settings.,"
ERROR: While processing Ansible code, encountered
Multiple modules specified: apt and update_cache
Multiple modules specified: apt and state
unrecognized field 'roles' in play
"
451,"---
- hosts: localhost
  remote_user: root
  roles:
    - tripleo_overcloud_container_image_tag_discover
",Generate an Ansible playbook that discovers and tags container images for an OpenStack Overcloud deployment.,The generated code is not an Ansible playbook.
452,"---
- hosts: all
  roles:
    - role: ansible-role-dnsmasq
",Generate an Ansible playbook that installs and configures DNSMasq on all target hosts.,The generated code is not an Ansible playbook.
453,"# Copyright (c) Ontic. (http://www.ontic.com.au). All rights reserved.
# See the COPYING file bundled with this package for license details.

---
- hosts: ""localhost""
  vars:
    fonts_shared:
      - type: ""truetype""
        src: ""{{ role_path }}/tests/fonts/Fabulous.ttf""
        dest: ""dafont/Fabulous.ttf""
    fonts_user:
      - name: ""root""
        type: ""opentype""
        src: ""{{ role_path }}/tests/fonts/Aulyars.otf""
        dest: ""dafont/Aulyars.otf""
  roles:
    - { role: ""role_under_test"" }
",Generate an Ansible playbook that installs and configures custom fonts on the localhost for both shared and user-specific access.,The generated code is not an Ansible playbook.
454,"---
- hosts: all

  pre_tasks:
    - name: Update apt cache.
      apt: update_cache=yes cache_valid_time=600
      when: ansible_os_family == 'Debian'

    - name: Install unzip
      package:
        name: unzip
        state: present

  roles:
    - role_under_test
","Generate an Ansible playbook that ensures the apt cache is updated on Debian hosts and installs the `unzip` package, while also applying a specified role to all targeted hosts.","
ERROR: While processing Ansible code, encountered
unrecognized field 'pre_tasks' in play
"
455,"---
- hosts: localhost
  remote_user: root
  roles:
    - role: SimpliField.node
    - role: role_under_test
      npm_packages:
        - yarn
",Generate an Ansible playbook that sets up a local environment by installing the SimpliField.node role and an additional role while ensuring that the Yarn npm package is included.,The generated code is not an Ansible playbook.
456,"---
# This is an example playbook to execute Ansible tests.
- name: Verify
  hosts: all
  gather_facts: false
  tasks:
    - name: Example assertion
      ansible.builtin.assert:
        that: true
",Generate an Ansible playbook that verifies remote hosts by running assertions to ensure they meet certain conditions.,"
ERROR: While processing Ansible code, encountered
unrecognized field 'gather_facts' in play
"
457,"---
- name: Converge
  hosts: all
  become: true

  pre_tasks:
    - name: Update apt cache.
      apt: update_cache=true cache_valid_time=600
      when: ansible_os_family == 'Debian'

  roles:
    - role: lidopaglia.plex

  post_tasks:
    - name: Ensure Plex Media Server is running.
      uri:
        url: http://127.0.0.1:32400/web
        status_code: 200
      register: result
      until: result.status == 200
      retries: 60
      delay: 1
","Generate an Ansible playbook that installs and configures Plex Media Server on all hosts, ensuring it is running after the installation.","
ERROR: While processing Ansible code, encountered
unrecognized field 'pre_tasks' in play
"
458,"---
- name: Prepare
  hosts: all
  become: true
  gather_facts: false

  roles:
    - role: robertdebock.bootstrap

  tasks:
    # These are ""cleanup"" tasks, to make sure the test is run in a non-biased environment.
    - name: Unmount /mnt/test
      ansible.posix.mount:
        path: /mnt/test
        state: absent

    - name: Install lvm2
      ansible.builtin.package:
        name: lvm2

    - name: Remove lv
      community.general.lvol:
        vg: data
        lv: test1
        state: absent
        force: true

    - name: Remove all loop devices
      ansible.builtin.command:
        cmd: losetup -D
      changed_when: true
      when:
        - ansible_distribution != ""Alpine""

    - name: Remove loop_device on Alpine
      when:
        - ansible_distribution == ""Alpine""
      block:
        - name: Find loop devices
          ansible.builtin.command:
            cmd: losetup -a
          register: loop_devices
          changed_when: false

        - name: Remove loop device
          ansible.builtin.command:
            cmd: ""losetup -d {{ item | split(':') | first }}""
          changed_when: true
          loop: ""{{ loop_devices.stdout_lines }}""

    # Since we're in a container, let's create a file.
    # Normally you would not require this, as `/dev/sd*` (or so) would be used.
    - name: Create a 4GB file
      community.general.filesize:
        path: /blockdevice.img
        size: 4G
        owner: root
        group: root
        mode: ""0644""

    - name: Find first unused loop device
      ansible.builtin.command:
        cmd: losetup -f
      register: loop_device
      changed_when: false

    - name: Store loop device on disk
      ansible.builtin.copy:
        content: ""{{ loop_device.stdout }}""
        dest: /loopback-devicename.txt
        owner: root
        group: root
        mode: ""0644""

    - name: Create loop device
      ansible.builtin.command:
        cmd: losetup {{ loop_device.stdout }} /blockdevice.img
      changed_when: true
","Generate an Ansible playbook that prepares an environment by cleaning up existing mounts, installing necessary packages, managing loop devices, and creating a block device for further use.","
ERROR: While processing Ansible code, encountered
unrecognized field 'gather_facts' in play
"
459,"---
- name: Converge
  hosts: all
  roles:
    - role: ansible-role-recon-user
",Generate an Ansible playbook that sets up a recon user on all target hosts using a defined role.,The generated code is not an Ansible playbook.
460,"---
# This is an example playbook to execute Ansible tests.

- name: Verify
  hosts: all
  gather_facts: false
  tasks:
    - name: Get iptables status
      ansible.builtin.shell: iptables-restore --test /etc/iptables/rules.v4
      args:
        executable: /bin/bash
      register: _iptables_status

    - name: Debug _iptables_status
      ansible.builtin.debug:
        var: _iptables_status

    - name: Assert _iptables_status.rc equals 0
      ansible.builtin.assert:
        that:
          - _iptables_status.rc == 0
          - _iptables_status.failed == false
",Generate an Ansible playbook that verifies the status of iptables rules and ensures they are valid.,"
ERROR: While processing Ansible code, encountered
unrecognized field 'gather_facts' in play
"
461,"---
- name: Filebeat ES Template
  hosts: all
  become: true

  roles:
    - { role: ansible-role-filebeat, filebeat_version: ""5.6.9"", filebeat_use_repo: false, filebeat_templates: [templates/filebeat.template.json] }

  pre_tasks:
    - name: Uninstall previous filebeat version
      package:
        name: ""filebeat""
        state: absent

  tasks:
    - name: Check filebeat ES template
      stat: path=/etc/filebeat/filebeat.template.json
      register: f

    - name: Assert that the ES template exists
      assert:
        that:
          - f.stat.exists

# vi:ts=2:sw=2:et:ft=yaml
","Generate an Ansible playbook that installs a specific version of Filebeat, removes any previous versions, and ensures that the Elasticsearch template is present on all target hosts.","
ERROR: While processing Ansible code, encountered
unrecognized field 'roles' in play
"
462,"---
- hosts: localhost
  remote_user: root
  roles:
    - freeradius
",Generate an Ansible playbook that installs and configures FreeRADIUS on a localhost system as the root user.,The generated code is not an Ansible playbook.
463,"---
- name: Retrieve call home server information
  hosts: localhost
  vars:
    vxmip: ""{{ vxmip }}""
    vcadmin: ""{{ vcadmin }}""
    vcpasswd: ""{{ vcpasswd }}""

  tasks:
    - name: Get callhome Information
      dellemc_vxrail_callhome:
        vxmip: ""{{ vxmip }}""
        vcadmin: ""{{ vcadmin }}""
        vcpasswd: ""{{ vcpasswd }}""
      register: callhome_info

    - name: Display Callhome Information
      debug:
        msg: ""{{callhome_info}}""
",Generate an Ansible playbook that retrieves and displays call home server information from a VxRail system using the specified credentials.,"
ERROR: While processing Ansible code, encountered
Could not find module dellemc_vxrail_callhome
"
464,"---
- hosts: localhost
  remote_user: root
  roles:
    - role: ansible-role-nvm
      nvm_create_users: []
      nvm_user: ""root""
      nvm_version: ""v0.33.1""
      nvm_node_versions:
        - ""6.11.2""

    - role: ansible-role-nvm
      nvm_create_users:
        - { user: foo, group: foo }
      nvm_user: ""foo""
      nvm_version: ""v0.33.2""
      nvm_node_versions:
        - ""8.4.0""
",Generate an Ansible playbook that installs NVM for multiple users with specified Node.js versions.,The generated code is not an Ansible playbook.
465,"---
- hosts: localhost
  remote_user: root
  roles:
    - container-cleanup
",Generate an Ansible playbook that cleans up unused containers on the localhost.,The generated code is not an Ansible playbook.
466,"---
- name: Converge
  hosts: all
  tasks:
    - include_role:
        name: filter_plugins

    # Testing dict_strip_keys()
    - name: Setting test list
      set_fact:
        test_dict:
          item1:
            attribute: ""ok""
          item2:
            attribute: ""ok""
    - debug:
        msg: ""{{ test_dict | dict_strip_keys(['item1']) }}""

    # Testing dict_merge()
    - name: Setting test dicts
      set_fact:
        ldict:
          key1: value1
          key2: value2
          key3: value3
        rdict:
          key1: value4
          key2:
            subkey5: value5
    - debug:
        msg: ""{{ ldict | dict_merge(rdict) }}""
",Generate an Ansible playbook that filters specified keys from a dictionary and merges two dictionaries while demonstrating the use of custom filter plugins.,"
ERROR: While processing Ansible code, encountered
expected value found mapping
unhandled Jinja expression form
expected value found mapping
unhandled Jinja expression form
"
467,"# Standards: 1.2
---
- name: Converge
  hosts: all
  roles:
    - role: rolehippie.lutris
",Generate an Ansible playbook that installs and configures Lutris on all target machines.,The generated code is not an Ansible playbook.
468,"---
- hosts: localhost
  remote_user: root
  roles:
    - ansible-pywinrm
",Generate an Ansible playbook that sets up a Python environment on a Windows machine using PyWinRM.,The generated code is not an Ansible playbook.
469,"---
- name: Converge
  hosts: all
  tasks:
    - name: ""Include ansible-role-amazon-ssm""
      include_role:
        name: ""ansible-role-amazon-ssm""
      vars:
        activation_id: ""{{ lookup('env', 'activation_id') | default('', true) }}""
        activation_code: ""{{ lookup('env', 'activation_code') | default('', true) }}""
        aws_region: ""{{ lookup('env', 'aws_region') | default('', true) }}""
        http_proxy_url: ""{{ lookup('env', 'http_proxy_url') | default('', true) }}""
        https_proxy_url: ""{{ lookup('env', 'https_proxy_url') | default('', true) }}""
",Generate an Ansible playbook that sets up Amazon SSM on all hosts using specified environment variables for activation and proxy configuration.,"
ERROR: While processing Ansible code, encountered
unhandled Jinja expression form
"
470,"---
- hosts: localhost
  roles:
    - trombik.nodejs
    - ansible-role-cncjs
  vars:
    # taken from examples/.cncrc
    cncjs_config:
      ports:
        - comName: ""/dev/ttyAMA0""
          manufacturer: """"
      baudrates:
        - 115200
        - 250000
      watchDirectory: ""/path/to/dir""
      accessTokenLifetime: 30d
      allowRemoteAccess: false
      controller: """"
      state:
        checkForUpdates: true
      commands:
        - title: Update (root user)
          commands: sudo npm install -g cncjs@latest --unsafe-perm; pkill -a -f cnc
        - title: Update (non-root user)
          commands: npm install -g cncjs@latest; pkill -a -f cnc
        - title: Reboot
          commands: sudo /sbin/reboot
        - title: Shutdown
          commands: sudo /sbin/shutdown
      events: []
      macros: []
      users: []
      # `secret` must be set because cncjs would creayte random secret if
      # missing
      secret: ""{{ 'PassWord' | password_hash('sha256', 'mysecretsalt') }}""
","Generate an Ansible playbook that sets up a CNCJS environment with Node.js, configures serial port settings, manages user commands, and applies security settings.",The generated code is not an Ansible playbook.
471,"---
#!/usr/bin/env ansible-playbook

- name: Install Docker
  hosts: all
  gather_facts: true
  become: true

  tasks:
    - name: Install Docker
      ansible.builtin.import_role:
        name: ../../ansible-docker
",Generate an Ansible playbook that installs Docker on all target hosts.,"
ERROR: While processing Ansible code, encountered
unrecognized field 'gather_facts' in play
"
472,"---
- name: Verify
  hosts: all
  become: true
  gather_facts: true

  tasks:
    - name: Get status of /opt/enpass/Enpass
      ansible.builtin.stat:
        path: /opt/enpass/Enpass
      register: enpass_veriy_binary
      failed_when:
        - not enpass_veriy_binary.stat.exists
",Generate an Ansible playbook that checks if the Enpass application binary exists at the specified path on all hosts.,"
ERROR: While processing Ansible code, encountered
unrecognized field 'gather_facts' in play
"
473,"---
- name: Prepare
  hosts: all
  become: true
  gather_facts: false

  roles:
    - role: robertdebock.bootstrap
    - role: robertdebock.sysctl
",Generate an Ansible playbook that prepares all hosts by applying bootstrap configurations and setting system control parameters.,The generated code is not an Ansible playbook.
474,"---
- name: Converge
  hosts: all
  gather_facts: false
  tasks:
    - name: Replace this task with one that validates your content
      ansible.builtin.debug:
        msg: ""This is the effective test""

- name: Include a playbook from a collection
  ansible.builtin.import_playbook: ../../../playbooks/my_playbook.yml
",Generate an Ansible playbook that runs validation tasks and includes another playbook from a specific path.,"
ERROR: While processing Ansible code, encountered
unrecognized field 'gather_facts' in play
unrecognized field 'ansible.builtin.import_playbook' in play
"
475,"---
- hosts: localhost
  remote_user: root

  vars:
    android_udev_vendor_ids:
      - name: HTC
        id: ""0bb4""

  pre_tasks:
    - name: Update apt cache.
      apt: update_cache=yes cache_valid_time=600
      when: ansible_distribution == 'Ubuntu'
    - name: Create udev directory (udev not present in test)
      file:
        dest: /etc/udev/rules.d
        state: directory

  roles:
    - role_under_test
","Generate an Ansible playbook that sets up the necessary environment for managing Android devices, including updating the package cache and creating a udev rules directory, for a local host.","
ERROR: While processing Ansible code, encountered
expected value found mapping
"
476,"- name: Factory reset device
  hosts: cv_server
  connection: local
  gather_facts: no
  vars:
    CVP_DEVICES:
      - fqdn: leaf2
        parentContainerName: """"
  tasks:
  - name: remove device
    arista.cvp.cv_device_v3:
        devices: '{{CVP_DEVICES}}'
        state: factory_reset
",Generate an Ansible playbook that performs a factory reset on specified devices in a CVP environment.,"
ERROR: While processing Ansible code, encountered
unrecognized field 'connection' in play
"
477,"---
- hosts: localhost
  remote_user: root
  roles:
    - repo_epel_role
",Generate an Ansible playbook that installs the EPEL repository on a local machine using root privileges.,The generated code is not an Ansible playbook.
478,"---
- name: Converge
  hosts: all
  become: true

  vars:
    php_enable_webserver: false
    php_enablerepo: ""remi,remi-php82""
    php_default_version_debian: ""8.1""
    php_pear_channels:
      - pear.phing.info
    php_pear_libraries:
      - phing/phingdocs

  pre_tasks:
    - name: Update apt cache.
      apt: update_cache=yes cache_valid_time=600
      when: ansible_os_family == 'Debian'

  roles:
    - role: geerlingguy.repo-remi
      when: ansible_os_family == 'RedHat'
    - role: geerlingguy.php
    - role: geerlingguy.php-pear
","Generate an Ansible playbook that installs and configures PHP and PEAR with specified versions and repositories on both Debian and RedHat systems, ensuring the APT cache is updated on Debian systems.","
ERROR: While processing Ansible code, encountered
unrecognized field 'pre_tasks' in play
"
479,"---
- hosts: all
  connection: httpapi
  tasks:
    - name: Get Domain
      cisco.fmcansible.fmc_configuration:
        operation: getAllDomain
        register_as: domain

    - name: Get Prefilter Policy
      cisco.fmcansible.fmc_configuration:
        operation: getAllPrefilterPolicy
        register_as: prefilter
        path_params:
          domainUUID: ""{{ domain[0].uuid }}""

    - name: Create Prefilter Rule
      cisco.fmcansible.fmc_configuration:
        operation: createMultiplePrefilterRule
        data:
          name: NGFW-Prefilter-Policy10
          enabled: true
          ruleType: PREFILTER
          action: FASTPATH
          type: PrefilterRule
        path_params:
          domainUUID: ""{{ domain[0].uuid }}""
          containerUUID: ""{{ prefilter[1].id }}""

    - name: update Prefilter Rule
      cisco.fmcansible.fmc_configuration:
        operation: updatePrefilterRule
        data:
          name: NGFW-Prefilter-Policy10
          enabled: true
          ruleType: PREFILTER
          action: FASTPATH
          type: PrefilterRule
        path_params:
          domainUUID: ""{{ domain[0].uuid }}""
          containerUUID: ""{{ prefilter[1].id }}""
          objectId: ""{{ PrefilterRule_ngfw_prefilter_policy10.id }}""

    - name: delete Prefilter Rule
      cisco.fmcansible.fmc_configuration:
        operation: deletePrefilterRule
        path_params:
          domainUUID: ""{{ domain[0].uuid }}""
          containerUUID: ""{{ prefilter[1].id }}""
          objectId: ""{{ PrefilterRule_ngfw_prefilter_policy10.id }}""
","Generate an Ansible playbook that manages prefilter policies in a Cisco FMC, including retrieval, creation, updating, and deletion of rules based on specified domain settings.","
ERROR: While processing Ansible code, encountered
unrecognized field 'connection' in play
"
480,"---
- hosts: localhost
  remote_user: root

  pre_tasks:
    - name: Ensure build dependencies are installed (RedHat)
      package:
        name: ""{{ item }}""
        state: present
      with_items:
        - ""@Development tools""
        - tar
        - unzip
        - sudo
        - which
      when: ansible_os_family == 'RedHat'

    - name: Ensure build dependencies are installed (Debian)
      package:
        name: ""{{ item }}""
        state: present
      with_items:
        - build-essential
        - unzip
        - tar
        - sudo
      when: ansible_os_family == 'Debian'

  roles:
    - btlabz-common-role
","Generate an Ansible playbook that installs necessary build dependencies for development on both RedHat and Debian systems, ensuring that essential tools are available for building software.","
ERROR: While processing Ansible code, encountered
unrecognized field 'pre_tasks' in play
"
481,"---
- name: Converge
  hosts: all
  become: true
  gather_facts: true

  roles:
    - role: ansible-role-lynis
",Generate an Ansible playbook that secures all hosts using Lynis for security auditing and compliance.,The generated code is not an Ansible playbook.
482,"---
- name: Prepare containers for local-user install testing
  hosts: all
  become: true
  tasks:
    - name: Ensure a user group exists
      group:
        name: user
        state: present

    - name: Ensure a normal user exists
      user:
        name: k8suser
        group: user
        state: present
",Generate an Ansible playbook that sets up a user group and creates a specific user for local installation testing.,No syntactic error found
483,"---
- name: Converge
  hosts: all
  become: true

  roles:
    - role: mariocorado.pagespeed
",Generate an Ansible playbook that installs and configures the PageSpeed module for web performance optimization on all hosts.,The generated code is not an Ansible playbook.
484,"---
- name: Converge
  hosts: all
  become: true

  vars:
    git_install_from_source: true
    git_install_from_source_force_update: true
    git_version: ""2.19.2""

  pre_tasks:
    - name: Update apt cache.
      apt: update_cache=true cache_valid_time=600
      when: ansible_os_family == 'Debian'
      changed_when: false

  roles:
    - role: jaythemarketer.git
","Generate an Ansible playbook that installs a specific version of Git from source, ensuring the apt cache is updated on Debian systems.","
ERROR: While processing Ansible code, encountered
unrecognized field 'pre_tasks' in play
"
485,"---
- hosts: localhost
  remote_user: root
  roles:
    - ansible-role-root
",Generate an Ansible playbook that executes a specific role for root user on the localhost.,The generated code is not an Ansible playbook.
486,"---
- name: Converge
  hosts: all

  pre_tasks:
    - name: Update apt cache
      ansible.builtin.apt:
        update_cache: true
        cache_valid_time: 600
      when: ansible_os_family == 'Debian'

  roles:
    - role: rholmboe.spruce
",Generate an Ansible playbook that updates the apt cache on Debian hosts and applies the spruce role to all targeted servers.,"
ERROR: While processing Ansible code, encountered
unrecognized field 'pre_tasks' in play
"
487,"---
- name: Testing andrewrothstein.minikube
  hosts: all
  vars:
    minikube_install_drivers:
      - kvm2
      - hyperkit
  roles:
    - role: ""{{ playbook_dir }}""
  tasks:
    - name: Executing 'minikube version'
      ansible.builtin.command: /usr/local/bin/minikube version
      changed_when: false
      register: minikube_test_output
    - name: Output from 'minikube version'
      ansible.builtin.debug:
        msg: ""{{ minikube_test_output.stdout }}""
",Generate an Ansible playbook that tests the installation of Minikube and outputs its version.,"
ERROR: While processing Ansible code, encountered
unrecognized field 'roles' in play
"
488,"---
- name: Testing andrewrothstein.iperf
  hosts: all
  vars:
    iperf_systemd_install: false
  roles:
    - role: ""{{ playbook_dir }}""
",Generate an Ansible playbook that tests network performance using iperf on all hosts with an option to install iperf as a systemd service.,The generated code is not an Ansible playbook.
489,"---
- hosts: localhost
  roles:
    - ansible-symfony2

  vars:
    # necessary project vars
    symfony_project_root: /tmp/test_app
    symfony_project_name: travis-test
    symfony_project_composer_path: /tmp/test_app/shared/composer.phar
    symfony_project_repo: https://github.com/symfony/symfony-standard.git
    symfony_project_env: prod

    symfony_project_post_folder_creation_tasks: ""{{playbook_dir}}/../hooks/post_folder_creation.yml""

    # optional parameters, covered by defaults
    symfony_project_console_opts: ""--no-debug""

    symfony_project_release:
    symfony_project_branch: ""2.1""
    symfony_project_php_path: php
    symfony_project_keep_releases: 5
    symfony_project_git_clone_depth: 1

    symfony_project_manage_composer: true
    symfony_project_composer_opts: ""--no-dev --optimize-autoloader --no-interaction""

    symfony_project_parameters_file: parameters.yml

    symfony_project_enable_post_cmd: true
    symfony_project_fire_schema_update: true
    symfony_project_fire_migrations: true
","Generate an Ansible playbook that sets up a Symfony project, manages dependencies with Composer, and ensures the application is configured for production.","
ERROR: While processing Ansible code, encountered
unrecognized field 'roles' in play
"
490,"---
- name: Converge
  hosts: all

  pre_tasks:
    - name: Update apt cache.
      apt: update_cache=yes cache_valid_time=600
      when: ansible_os_family == 'Debian'
      changed_when: false

  roles:
    - role: supertarto.burp_server
  vars:
    burp_client_ssl_peer_cn: ""TestClient1""
","Generate an Ansible playbook that sets up a Burp server on Debian hosts, ensuring the apt cache is updated and configuring a specific SSL peer name for the Burp client.","
ERROR: While processing Ansible code, encountered
unrecognized field 'pre_tasks' in play
"
491,"---
- name: Converge
  hosts: all
  tasks:
    - name: ""Include role""
      include_role:
        name: ""ansible-rapidpro-indexer""
",Generate an Ansible playbook that applies the RapidPro indexer role to all targeted hosts.,"
ERROR: While processing Ansible code, encountered
Could not find module include_role
"
492,"---
- name: Verify
  hosts: all
  gather_facts: false
  become: true
  become_user: root
  become_method: doas
  tasks:
    - name: Write garbage in /tmp/garbage
      copy:
        dest: /tmp/garbage
        content: |
          Vous le savez, autrefois, quand j'étois près de vous, je me plaisois
          dans la vie contemplative; le bruit du vent et des vagues de la mer,
          qu'on entendoit souvent dans notre demeure, me faisoit éprouver les
          sensations les plus douces; je rêvois l'avenir, en écoutant ces bruits
          harmonieux, et, confondant les espérances de la jeunesse avec celles
          d'un autre monde, je me perdois délicieusement dans toutes les chances
          de bonheur que m'offroit le temps, sous mille formes différentes. Cet
          été même, quand je n'avois plus à attendre que des peines, vingt fois,
          au milieu de la nuit, me promenant dans le jardin de l'abbaye, je
          regardois les Alpes et le ciel, je me retraçois les écrits sublimes
          qui, dès mon enfance, ont consacré ma vie au culte de tout ce qui est
          grand et bon: les chants d'Ossian, les hymnes de Thompson à la nature
          et à son Créateur, toute cette poésie de l'âme qui lui fait pressentir
          un secret, un mystère, un avenir, dans le silence du ciel et dans la
          beauté de la terre; le merveilleux de l'imagination, enfin, m'élevoit
          quelquefois dans la solitude au-dessus de la douleur même; je me
          rappelois alors la destinée de tout ce qui a été distingué dans le
          monde, et je n'y voyois que des malheurs. Amour, vertu, génie, tout ce
          qui a honoré l'homme, l'homme l'a persécuté. Pourquoi donc, me
          disois-je, serois-je révoltée de mon sort? quand j'ai osé sentir,
          penser, aimer, ne me suis-je pas condamnée à souffrir! Et je levois
          des regards plus fiers vers ces astres, qui ont recueilli toutes les
          idées, toutes les affections que les vulgaires habitans de ce monde
          ont repoussées. Cette disposition de mon coeur m'étoit assez douce,
          elle m'aidoit à supporter le nouvel état que j'ai embrassé; mais
          depuis la mort de M. de Valorbe, je ne sais quelle inquiétude, quel
          sentiment amer ne me permet plus d'être bien quand je suis seule.
    - name: Run newsyslog
      command: newsyslog
    - name: Verify if /tmp/garbage.0.gz exists
      stat:
        path: /tmp/garbage.0.gz
      register: st
    - assert:
        that:
          - st.stat.exists
","Generate an Ansible playbook that creates a file with specific content, rotates the log files, and verifies the existence of a compressed log file.","
ERROR: While processing Ansible code, encountered
unrecognized field 'gather_facts' in play
"
493,"---
- hosts: localhost
  remote_user: root
  roles:
    - ansible-docker-nginx
",Generate an Ansible playbook that sets up an Nginx server using Docker on the localhost.,The generated code is not an Ansible playbook.
494,"---
- hosts: localhost
  remote_user: root
  roles:
    - master-node
",Generate an Ansible playbook that sets up a master node on a local machine with root access.,The generated code is not an Ansible playbook.
495,"---
- hosts: localhost
  remote_user: root
  roles:
    - shellcheck-install
",Generate an Ansible playbook that installs ShellCheck on the localhost as the root user.,The generated code is not an Ansible playbook.
496,"---
- hosts: server
  become: true
  become_method: sudo
  environment:
    http_proxy: ""{{ http_proxy | default() }}""
    https_proxy: ""{{ https_proxy | default() }}""
    no_proxy: ""{{ no_proxy | default() }}""

  pre_tasks:
  roles:
    - user
",Generate an Ansible playbook that configures a server with user roles and sets proxy environment variables.,"
ERROR: While processing Ansible code, encountered
unrecognized field 'environment' in play
"
497,"---
- hosts: all
  vars:
    oracle_client_install: false
  pre_tasks:
    - name: Update apt cache.
      apt: update_cache=yes
      changed_when: false
      when: ansible_os_family == 'Debian'
  roles:
    - role_under_test
",Generate an Ansible playbook that updates the apt cache on Debian systems and optionally installs the Oracle client based on user-defined variables.,"
ERROR: While processing Ansible code, encountered
unrecognized field 'pre_tasks' in play
"
498,"---
- name: Cleanup after tests
  hosts: all
  become: true
  become_user: mqm
  environment:
    PATH: /opt/mqm/bin:{{ ansible_env.PATH }}

  tasks:
    - name: Stop qmgr if running
      queue_manager:
        qmname: qm_1
        state: stopped
      register: testout_1
      failed_when: false

    - name: Dump stop output
      debug:
        msg: ""{{ testout_1 }}""

    - name: Delete qmgr
      until: testout_2.state == 'absent'
      retries: 3
      delay: 1
      queue_manager:
        qmname: qm_1
        state: absent
      register: testout_2
      failed_when: false

    - name: Dump delete output
      debug:
        msg: ""{{ testout_2 }}""

    - name: Stop qmgr if running
      queue_manager:
        qmname: qm1_running
        state: stopped
      register: testout_1
      failed_when: false

    - name: Dump stop output
      debug:
        msg: ""{{ testout_1 }}""

    - name: Delete qmgr
      until: testout_2.state == 'absent'
      retries: 3
      delay: 1
      queue_manager:
        qmname: qm1_running
        state: absent
      register: testout_2
      failed_when: false

    - name: Dump delete output
      debug:
        msg: ""{{ testout_2 }}""

    - name: Delete qmgr
      until: testout_1.state == 'absent'
      retries: 3
      delay: 1
      queue_manager:
        qmname: qm1_present_mqsc
        state: absent
      register: testout_1
      failed_when: false

    - name: Stop qmgr if running
      queue_manager:
        qmname: qm1_present_start
        state: stopped
      register: testout_2
      failed_when: false

    - name: Delete qmgr
      until: testout_3.state == 'absent'
      retries: 3
      delay: 1
      queue_manager:
        qmname: qm1_present_start
        state: absent
      register: testout_3
      failed_when: false

    - name: Stop qmgr if running
      queue_manager:
        qmname: qm1_misc
        state: stopped
      register: testout_1
      failed_when: false

    - name: Dump stop output
      debug:
        msg: ""{{ testout_1 }}""

    - name: Delete qmgr
      until: testout_2.state == 'absent'
      retries: 3
      delay: 1
      queue_manager:
        qmname: qm1_misc
        state: absent
      register: testout_2
      failed_when: false

    - name: Dump delete output
      debug:
        msg: ""{{ testout_2 }}""

    - name: Stop qmgr if running
      queue_manager:
        qmname: qm1_misc_2
        state: stopped
      register: testout_1
      failed_when: false

    - name: Dump stop output
      debug:
        msg: ""{{ testout_1 }}""

    - name: Delete qmgr
      until: testout_2.state == 'absent'
      retries: 3
      delay: 1
      queue_manager:
        qmname: qm1_misc_2
        state: absent
      register: testout_2
      failed_when: false

    - name: Dump delete output
      debug:
        msg: ""{{ testout_2 }}""

    - name: Delete qmgr
      until: testout_1.state == 'absent'
      retries: 3
      delay: 1
      queue_manager:
        qmname: qm1_present_mqsc
        state: absent
      register: testout_1
      failed_when: false

    - name: Stop qmgr if running
      queue_manager:
        qmname: qm1_present_start
        state: stopped
      register: testout_2
      failed_when: false

    - name: Delete qmgr
      until: testout_3.state == 'absent'
      retries: 3
      delay: 1
      queue_manager:
        qmname: qm1_present_start
        state: absent
      register: testout_3
      failed_when: false

    - name: Stop qmgr if running
      queue_manager:
        qmname: qm1_all
        state: stopped
      register: testout_2
      failed_when: false

    - name: Delete qmgr
      until: testout_3.state == 'absent'
      retries: 3
      delay: 1
      queue_manager:
        qmname: qm1_all
        state: absent
      register: testout_3
      failed_when: false

    - name: Stop qmgr if running
      queue_manager:
        qmname: qm2_all
        state: stopped
      register: testout_2
      failed_when: false

    - name: Delete qmgr
      until: testout_3.state == 'absent'
      retries: 3
      delay: 1
      queue_manager:
        qmname: qm2_all
        state: absent
      register: testout_3
      failed_when: false
",Generate an Ansible playbook that stops and deletes specified queue managers in a clean-up process after tests.,"
ERROR: While processing Ansible code, encountered
unrecognized field 'environment' in play
"
499,"---
- hosts: localhost
  remote_user: root
  roles:
    - egeneralov.zabbix-userparameter-postgresql
",Generate an Ansible playbook that sets up PostgreSQL user parameters for Zabbix monitoring.,The generated code is not an Ansible playbook.
500,"---
- name: test role syntax
  hosts: test
  roles:
    - debian_unstable
",Generate an Ansible playbook that tests the syntax of the 'debian_unstable' role on the 'test' host.,The generated code is not an Ansible playbook.
501,"---
- hosts: localhost
  remote_user: root
  roles:
    - tripleo_overcloud_node_unprovision
",Generate an Ansible playbook that unprovisions a TripleO overcloud node.,The generated code is not an Ansible playbook.
502,"---
- name: information
  hosts: all
  gather_facts: true

  pre_tasks:
    - name: arch- / artixlinux
      when:
        - ansible_distribution | lower == 'archlinux' or ansible_os_family | lower == 'artix linux'
      block:
        - name: update pacman system
          ansible.builtin.command: |
            pacman --refresh --sync --sysupgrade --noconfirm
          register: pacman
          changed_when: pacman.rc != 0
          failed_when: pacman.rc != 0

        - name: create depends service
          ansible.builtin.copy:
            mode: ""0755""
            dest: /etc/init.d/net
            content: |
              #!/usr/bin/openrc-run
              true
          when:
            - ansible_os_family | lower == 'artix linux'

    - name: make sure python3-apt is installed (only debian based)
      ansible.builtin.package:
        name:
          - python3-apt
        state: present
      when:
        - ansible_os_family | lower == 'debian'

    - name: update package cache
      become: true
      ansible.builtin.package:
        update_cache: true

    - name: install dependencies
      ansible.builtin.package:
        name:
          - iproute2
        state: present

    - name: environment
      ansible.builtin.debug:
        msg:
          - ""os family            : {{ ansible_distribution }} ({{ ansible_os_family }})""
          - ""distribution version : {{ ansible_distribution_major_version }}""
          - ""ansible version      : {{ ansible_version.full }}""
          - ""python version       : {{ ansible_python.version.major }}.{{ ansible_python.version.minor }}""
      tags:
        - always

- name: prepare container
  hosts: all
  gather_facts: true

  roles:
    - role: bodsch.prometheus.prometheus
      tags:
        - always
    - role: bodsch.prometheus.alertmanager
      tags:
        - always
","Generate an Ansible playbook that configures package management and installs necessary dependencies based on the target operating system, while also setting up monitoring services.","
ERROR: While processing Ansible code, encountered
unrecognized field 'gather_facts' in play
unrecognized field 'gather_facts' in play
"
503,"---
- hosts: all
  gather_facts: true
  become: true
  roles:
    - role: ../nodered
      vars:
        timezone: ""Europe/Madrid""
        http_root: ""/""
        projects: ""true""
        user: admin
        password: The2password.
","Generate an Ansible playbook that installs and configures Node-RED with specific timezone, HTTP root, project settings, and user credentials on all hosts.",The generated code is not an Ansible playbook.
504,"---
- name: Converge
  hosts: all
  tasks:
    - name: Include tgagor.spotify
      include_role:
        name: tgagor.spotify
",Generate an Ansible playbook that includes the tgagor.spotify role for all hosts to configure Spotify settings.,"
ERROR: While processing Ansible code, encountered
Could not find module include_role
"
505,"---
- name: Converge
  hosts: all

  pre_tasks:
    - name: Install Postfix dependency for molecule docker container
      package:
        name: postfix
        state: present
        update_cache: true

    - name: Fix postfix config for converge container
      lineinfile:
        path: /etc/postfix/main.cf
        regexp: ""{{ item.regexp }}""
        line: ""{{ item.line }}""
      with_items:
        # yamllint disable-line rule:braces
        - { regexp: ""^inet_protocols = all"", line: ""inet_protocols = ipv4"" }
      when: ansible_facts.os_family == 'RedHat'

    - name: Touch file as RedHat does not create mail.log immediately
      file:
        path: /var/log/mail.log
        state: touch
        owner: postfix
        group: postfix
        modification_time: preserve
        access_time: preserve
      when: ansible_facts.os_family == 'RedHat'

    - name: make sure postfix is started
      service:
        name: postfix
        state: started

  roles:
    - role: ""{{ lookup('env', 'MOLECULE_PROJECT_DIRECTORY') | basename }}""
","Generate an Ansible playbook that sets up and configures Postfix in a Docker container environment for Red Hat systems, ensuring that dependencies are installed, configurations are correct, and the service is running.","
ERROR: While processing Ansible code, encountered
unrecognized field 'pre_tasks' in play
"
506,"---
- hosts: all
  roles:
    - role: ../../asv-runner
      vars:
        repo: https://github.com/pandas-dev/pandas
        asv_config: ""asv_bench/asv.conf.json""
",Generate an Ansible playbook that sets up and runs benchmarks for a specified GitHub repository using ASV.,The generated code is not an Ansible playbook.
507,"---
- name: Prepare
  hosts: all
  become: true
  gather_facts: false

  roles:
    - role: robertdebock.bootstrap
    - role: robertdebock.core_dependencies
    - role: robertdebock.epel
    - role: robertdebock.python_pip
    - role: robertdebock.docker
    - role: robertdebock.kubectl
    - role: robertdebock.sysctl
      sysctl_items:
        - name: net.bridge.bridge-nf-call-iptables
          value: 1
        - name: fs.protected_regular
          value: 0
    - role: robertdebock.users
      users:
        - name: minikube
          groups: docker
","Generate an Ansible playbook that sets up a server with essential packages, Docker, Kubernetes tools, sysctl configurations, and a specified user with Docker group access.",The generated code is not an Ansible playbook.
508,"---
- hosts: localhost
  remote_user: root
  roles:
    - ansible-mariadb-galera-haproxy-keepalived
",Generate an Ansible playbook that sets up a high-availability MariaDB Galera cluster with HAProxy and Keepalived on the local machine.,The generated code is not an Ansible playbook.
509,"---
- hosts: localhost
  remote_user: root
  roles:
    - fideapache
",Generate an Ansible playbook that sets up an Apache web server on the localhost using the fideapache role.,The generated code is not an Ansible playbook.
510,"---
- name: Verify
  hosts: all
  tasks:
    - name: Ensure Icinga 2 is installed
      ansible.builtin.stat:
        path: /usr/sbin/icinga2
      register: result
      changed_when: false
      failed_when: result.stat.isreg is not defined or not result.stat.isreg

    - name: Ensure Icinga 2 is running
      ansible.builtin.command: pgrep -x icinga2
      changed_when: false
",Generate an Ansible playbook that checks if Icinga 2 is installed and running on all hosts.,"
ERROR: While processing Ansible code, encountered
Multiple modules specified: ansible.builtin.stat and failed_when
"
511,"---
- name: ""Converge""
  hosts: all
  gather_facts: false
  roles:
    - role: ""dgibbs64.landscape_client""
",Generate an Ansible playbook that deploys the Landscape Client on all hosts.,The generated code is not an Ansible playbook.
512,"---
- name: Prepare
  hosts: molecule_hosts
  gather_facts: false
  roles:
    - role: amtega.oracle_jdbc_connector
      vars:
        oracle_jdbc_connector_state: present
  vars:
    ansible_python_interpreter: >-
      {{ (inventory_hostname in groups.molecule_hosts_centos_7)
         | ternary(""/usr/bin/python"", ""/usr/bin/python3"") }}
",Generate an Ansible playbook that installs the Oracle JDBC connector on specified hosts and configures the Python interpreter based on the OS version.,The generated code is not an Ansible playbook.
513,"---
- name: Converge
  hosts: all
  become: true

  pre_tasks:
    - name: Update apt cache.
      apt:
        update_cache: true
        cache_valid_time: 600
      when: ansible_os_family == 'Debian'

  roles:
    - role: ccdc.package_manager_configuration
",Generate an Ansible playbook that ensures the apt package manager is up-to-date and configures package management settings for all Debian-based hosts.,"
ERROR: While processing Ansible code, encountered
unrecognized field 'pre_tasks' in play
"
514,"#!/usr/bin/env ansible-playbook
---
- name: play 'switch-apt-mirror.ansible.role/provision.yml'
  hosts: all

  vars_files:
    - defaults/main.yml

  tasks:
    - name: include tasks
      include: tasks/main.yml

    - name: review result
      command: cat /etc/apt/sources.list
      register: apt_sources_list
      changed_when: false

    - name: print process
      debug:
        msg: ""{{ apt_sources_list.stdout_lines }}""

# vim: ft=yaml.ansible :
",Generate an Ansible playbook that provisions a system by switching the APT mirror and reviews the updated sources list.,"
ERROR: While processing Ansible code, encountered
unrecognized field 'vars_files' in play
"
515,"---
- name: ""Verify""
  hosts: ""all""
  check_mode: true
  gather_facts: false
  tasks:
    - name: ""Check if pdns is running""
      ansible.builtin.service:
        name: ""{{ service }}""
        state: ""started""
      loop:
        - ""pdns""
      loop_control:
        loop_var: ""service""

    - name: ""Check if test record exists""
      ansible.builtin.shell: |
        set -o pipefail
        host some-host.sub.example.com localhost | tail -n1
      register: ""r""
      check_mode: false
      changed_when: false
      delegate_to: ""molecule-dns""

    - name: ""Check result""
      ansible.builtin.assert:
        that: r.stdout == 'some-host.sub.example.com has address 192.168.1.1'
",Generate an Ansible playbook that verifies the status of a DNS service and ensures specific DNS records are present.,"
ERROR: While processing Ansible code, encountered
unrecognized field 'check_mode' in play
"
516,"---
- hosts: localhost
  connection: local
  remote_user: root
  roles:
    - ci_test
",Generate an Ansible playbook that sets up a continuous integration test environment on the localhost.,The generated code is not an Ansible playbook.
517,"---
- hosts: localhost
  remote_user: root
  roles:
    - kubectl_krew
",Generate an Ansible playbook that installs the krew plugin manager for kubectl on a local machine.,The generated code is not an Ansible playbook.
518,"- name: 'Manage and configure the Sury repository'
  hosts:
    - 'lfops_repo_sury'

  roles:

    - role: 'linuxfabrik.lfops.repo_sury'
",Generate an Ansible playbook that sets up and configures the Sury repository on specified hosts.,The generated code is not an Ansible playbook.
519,"# SPDX-License-Identifier: ISC
#
# Copyright (c) 2023 Johnathan C. Maudlin <jcmdln@gmail.com>
---
- name: Syspatch
  hosts: all

  handlers:
    - name: Reboot
      ansible.builtin.reboot:
        reboot_timeout: 600

  tasks:
    - name: Apply all available patches
      jcmdln.openbsd.syspatch:
        apply: true
      notify: Reboot
",Generate an Ansible playbook that applies all available system patches and reboots the hosts if necessary.,"
ERROR: While processing Ansible code, encountered
Could not find module jcmdln.openbsd.syspatch
"
520,"---
- name: Test Playbook
  hosts: OVHPublicCloudInstances
  become: false
  gather_facts: false

  roles:
    - ansible714.ovh.public_cloud_instance
",Generate an Ansible playbook that deploys and configures resources on OVH Public Cloud Instances using a specific role.,The generated code is not an Ansible playbook.
521,"---
- hosts: localhost
  remote_user: root
  roles:
    - ansible-role-sanoid
",Generate an Ansible playbook that sets up Sanoid for automated ZFS snapshot management on a local system.,The generated code is not an Ansible playbook.
522,"---
- hosts: all
  roles:
    - { role: ansible-role-govc, govc_version: ""0.14.0"" }
",Generate an Ansible playbook that installs a specific version of the `govc` tool on all target hosts.,The generated code is not an Ansible playbook.
523,"---
- name: Converge
  hosts: all
  vars:
    fwr__rules:
      - chain: INPUT
        protocol: tcp
        destination_port: 1337
        jump: DROP
      - chain: INPUT
        protocol: tcp
        ip_version: ipv6
        source: ""2600::""
        jump: DROP
  roles:
    - name: ansible-role-firewall-rule
",Generate an Ansible playbook that configures firewall rules to drop specific TCP traffic on both IPv4 and IPv6.,The generated code is not an Ansible playbook.
524,"---
- name: Verify
  hosts: all
  gather_facts: true
  become: true
  tasks:
    - name: ""Test: packages ansible-lint""
      block:
        - name: ""Get pipx installed  packages""
          ansible.builtin.command: ""pipx list --json""
          environment:
            PIPX_HOME: ""/opt/pipx""
          changed_when: false
          register: pipx_installed_packages

        - name: ""Set fact""
          ansible.builtin.set_fact:
            pipx_simple_list: ""{{ pipx_simple_list | default({}) | combine({item.key: item.value.metadata.main_package.package_version}) }}""
          loop: ""{{ pipx_installed_packages.stdout | from_json | json_query('venvs') | dict2items }}""

        - name: ""Verify packages ansible-lint""
          ansible.builtin.assert:
            that:
              - pipx_simple_list['ansible-lint'] is defined

        - name: ""Print installed packages""
          ansible.builtin.debug:
            msg: ""{{ pipx_simple_list }}""
",Generate an Ansible playbook that verifies whether the `ansible-lint` package is installed through `pipx`.,"
ERROR: While processing Ansible code, encountered
unrecognized field 'gather_facts' in play
"
525,"---
- hosts: localhost
  remote_user: root
  roles:
    - git-based-deploy
",Generate an Ansible playbook that automates the deployment of an application using Git from the local machine.,The generated code is not an Ansible playbook.
526,"---
- name: Run role network-basic tests
  hosts: all
  gather_facts: false
  vars:
    _default_mac: 00:00:00:00:00:00
    net_max_intf_loops: 10
  tasks:
    - name: Include main.yml
      ansible.builtin.include_tasks:
        file: ../tasks/main.yml
      tags: always
",Generate an Ansible playbook that executes network basic tests on all hosts without gathering facts.,"
ERROR: While processing Ansible code, encountered
unrecognized field 'gather_facts' in play
"
527,"---
# Role tests

- name: ""Converge | Prerequisites tasks""
  hosts: ""airflow-docker-xenial""
  gather_facts: false
  tasks:
    - name: ""PREREQUISITES | APT | Do an apt-get update""
      become: true
      raw: ""apt-get update -qq""
      changed_when: false
    - name: ""PREREQUISITES | APT | Install python 2.7, iproute and net-tools""
      become: true
      raw: ""apt-get install -qq python2.7 iproute net-tools""
      changed_when: false

- name: ""Converge | Main tasks""
  hosts: ""all""
  pre_tasks:
    - block:
        - name: ""PREREQUISITES | APT | Install locales and git""
          apt:
            name: ""{{ item }}""
          changed_when: false
          with_items:
            - ""git""
            - ""locales""
        - name: ""PREREQUISITES | Prepare locales management - Ubuntu""
          copy:
            dest: ""/etc/locale.conf""
            content: ""LANG=en_US.UTF-8""
          changed_when: false
        - name: ""PREREQUISITES | Prepare locales management - Debian""
          copy:
            dest: ""/etc/locale.gen""
            content: ""en_US.UTF-8 UTF-8\n""
          changed_when: false
        - name: ""PREREQUISITES | Update locales""
          command: ""locale-gen""
          changed_when: false
          when: ""(ansible_distribution_release | lower) != 'trusty'""
        - name: ""PREREQUISITES | Update locales""
          command: ""locale-gen en_US.UTF-8""
          changed_when: false
          when: ""(ansible_distribution_release | lower) == 'trusty'""
      become: true
  roles:
    - role: ""ansible-role-airflow""
  environment:
    LC_ALL: ""en_US.UTF-8""
","Generate an Ansible playbook that sets up prerequisites, installs required packages, and configures locales for an Airflow deployment on Docker with Ubuntu or Debian.","
ERROR: While processing Ansible code, encountered
unrecognized field 'gather_facts' in play
unrecognized field 'pre_tasks' in play
"
528,"---
- hosts: all
  roles:
    - role: ""{{ playbook_dir }}""
  tasks:
    - command: /usr/local/bin/serf --version
      register: serf_test_output
    - debug:
        msg: ""{{ serf_test_output.stdout }}""
",Generate an Ansible playbook that runs a command to check the version of Serf on all hosts and outputs the result.,"
ERROR: While processing Ansible code, encountered
unrecognized field 'roles' in play
"
529,"---
- hosts: localhost
  remote_user: root
  roles:
    - software
",Generate an Ansible playbook that installs and configures software on the localhost using root privileges.,The generated code is not an Ansible playbook.
530,"---
- name: Converge
  hosts: all
  pre_tasks:
    - name: install which
      yum:
        name: which
        state: present
  roles:
    - role: ansible-role-ruby
",Generate an Ansible playbook that installs the 'which' package and sets up Ruby on all specified hosts.,"
ERROR: While processing Ansible code, encountered
unrecognized field 'pre_tasks' in play
"
531,"---
- name: ""Bootstrap DNF on VIOS""
  hosts: ""{{hostname_vios}}""
  gather_facts: false
  collections:
    - ibm.power_vios
  tasks:
    # CHECK for Yum on inventory host
    - import_role:
        name: power_vios_bootstrap
      vars:
        pkgtype: ""dnf""
        ansible_user: root
        download_dir: ""~""
        target_dir: ""/tmp/.ansible.cpdir""
",Generate an Ansible playbook that bootstraps DNF on a VIOS system.,"
ERROR: While processing Ansible code, encountered
unrecognized field 'gather_facts' in play
"
532,"---
- name: Converge
  hosts: all
  tasks:
    - name: ""Include ansible-role-restic""
      include_role:
        name: ""ansible-role-restic""
",Generate an Ansible playbook that sets up and configures Restic for backup management on all targeted hosts.,"
ERROR: While processing Ansible code, encountered
Could not find module include_role
"
533,"# test file
---
- hosts: all
  remote_user: vagrant
  become: true
  pre_tasks:
    - name: include vars
      ansible.builtin.include_vars: ""{{ playbook_dir }}/vars/main.yml""
    - name: include tasks
      ansible.builtin.import_tasks: ""{{ playbook_dir }}/tasks/pre.yml""
  roles:
    - ../../
  handlers:
    - ansible.builtin.import_tasks: ""{{ playbook_dir }}/handlers/main.yml""
","Generate an Ansible playbook that sets up a server environment using included variables, pre-tasks, and roles, while ensuring proper task handling.","
ERROR: While processing Ansible code, encountered
unrecognized field 'pre_tasks' in play
"
534,"---
- hosts: all
  roles:
    - ansible-role-zsh
",Generate an Ansible playbook that installs and configures Zsh on all target hosts.,The generated code is not an Ansible playbook.
535,"---
- hosts: localhost
  gather_facts: false
  become: false
  tags: vagrant_setup
  tasks:
    - block:
        - name: set_fact group_vars_path
          set_fact:
            group_vars_path: ""{{ change_dir + '/inventory/group_vars' if 'external_clients' in change_dir.split('/') else change_dir + '/group_vars' }}""

        - block:
            - name: change ceph_repository to 'dev'
              replace:
                regexp: ""ceph_repository:.*""
                replace: ""ceph_repository: dev""
                dest: ""{{ group_vars_path }}/all""

            - block:
                - name: ensure nfs_ganesha_stable is set to False
                  replace:
                    regexp: ""nfs_ganesha_stable:.*""
                    replace: ""nfs_ganesha_stable: false""
                    dest: ""{{ group_vars_path }}/nfss""

                - name: ensure nfs_ganesha_dev is set to True
                  replace:
                    regexp: ""nfs_ganesha_dev:.*""
                    replace: ""nfs_ganesha_dev: true""
                    dest: ""{{ group_vars_path }}/nfss""
              when: ""'all_daemons' in group_vars_path.split('/')""
          when: change_dir is defined

        - name: print contents of {{ group_vars_path }}/all
          command: ""cat {{ group_vars_path }}/all""
      when: dev_setup
",Generate an Ansible playbook that configures group variable settings for a Ceph environment based on the provided directory structure and conditions.,"
ERROR: While processing Ansible code, encountered
unrecognized field 'gather_facts' in play
"
536,"---
- name: Cleanup
  hosts: all
  gather_facts: false
  tasks: []
",Generate an Ansible playbook that removes unnecessary files and frees up space on all target hosts.,"
ERROR: While processing Ansible code, encountered
unrecognized field 'gather_facts' in play
"
537,"---
- hosts: localhost
  remote_user: root
  become: true
  roles:
    - fprobe-ng
",Generate an Ansible playbook that installs and configures the fprobe-ng network monitoring tool on a target host with root privileges.,The generated code is not an Ansible playbook.
538,"---
# this role checks installation via debian repository.
# this works only at debian buster and newer as default, older releases do not have
# a precompiled knxd package available.

- name: Converge
  hosts: all
  pre_tasks:
    # knxd is only part of debian version is 10+ as existing package
    # do not allow running this one against older debian versions
    - name: ""PRE: exit with failure if debian version is older than 10""
      when: ansible_distribution == 'Debian' and (ansible_distribution_version is version('10', '<'))
      ansible.builtin.fail:
        msg: ""Cannot run this playbook on Debian before Buster (10)""

    - name: ""PRE: add buster backports apt sources on debian 10 (monit)""
      when: ansible_distribution == 'Debian' and (ansible_distribution_version is version('10', '='))
      lineinfile:
        path: ""/etc/apt/sources.list.d/backports.list""
        line: ""deb http://ftp.gwdg.de/pub/linux/debian/debian/ buster-backports main""
        mode: ""0644""
        state: present
        create: true

    - name: ""PRE: set backport preferences for apt on debian 10""
      when: ansible_distribution == 'Debian' and (ansible_distribution_version is version('10', '='))
      blockinfile:
        path: ""/etc/apt/preferences.d/backports.pref""
        mode: ""0644""
        state: present
        create: true
        block: |
          Package: *
          Pin: release a=buster-backports
          Pin-Priority: 450

    - name: ""PRE: Update apt cache and install python-apt""
      apt:
        name: python-apt
        state: present
        update_cache: true
        cache_valid_time: 600
      when: ansible_os_family == 'Debian'
      changed_when: false

    # needed to test use_monit feature
    - name: ""PRE: install monit for role test""
      apt:
        name: monit
        state: present

  roles:
    - role: sseide.knxd
      knxd_source_compile: false
      knxd_use_monit: true
      knxd_arg_drivers:
        - driver: ""dummy""
        - driver: ""ip""
          filters:
            - single
            - retry
        - driver: ""tpuart""
          filters: ""single""
        - driver: ""tpuart""
          baudrate: ""56000""
","Generate an Ansible playbook that ensures the installation and configuration of the knxd service on Debian 10 (Buster) and newer, while adding necessary backports and verifying the system meets version requirements.","
ERROR: While processing Ansible code, encountered
unrecognized field 'pre_tasks' in play
"
539,"---
- hosts: server
  become: true
  become_method: sudo
  environment:
    http_proxy: ""{{ http_proxy | default() }}""
    https_proxy: ""{{ https_proxy | default() }}""
    no_proxy: ""{{ no_proxy | default() }}""

  pre_tasks:
  roles:
    - reallyenglish.hosts
    - ansible-role-rabbitmq
  vars:
    hosts_map:
      ""192.168.21.201"":
        - server1.virtualbox.reallyenglish.com
      ""192.168.21.202"":
        - server2.virtualbox.reallyenglish.com
      ""192.168.21.203"":
        - server3.virtualbox.reallyenglish.com

    rabbitmq_plugins_local_src_dir: files/rabbitmq_plugins
    rabbitmq_plugins:
      - name: rabbitmq_management
        state: enabled
      - name: rabbitmq_delayed_message_exchange
        state: enabled
    rabbitmq_cookie: ""ABCDEFGHIJK""
    rabbitmq_env:
      RABBITMQ_NODE_IP_ADDRESS: ""{{ ansible_em1.ipv4[0].address }}""
      RABBITMQ_USE_LONGNAME: ""true""
    rabbitmq_config: |
      [
        {rabbit,
         [
          {tcp_listeners, [5672] },
          {log_levels, [{connection, info}]},
          {vm_memory_high_watermark, 0.4},
          {vm_memory_high_watermark_paging_ratio, 0.5},
          {disk_free_limit, ""50MB""}
         ]
        }
      ].
    rabbitmq_cluster_enable: true
    rabbitmq_cluster_name: foo
    rabbitmq_cluster_nodes:
      - server1.virtualbox.reallyenglish.com
      - server2.virtualbox.reallyenglish.com
      - server3.virtualbox.reallyenglish.com
    rabbitmq_management_user:
      name: vagrant
      password: vagrant
      create: true
","Generate an Ansible playbook that sets up a RabbitMQ cluster on multiple servers with specified plugins, configurations, and management user credentials.","
ERROR: While processing Ansible code, encountered
unrecognized field 'environment' in play
"
540,"---
- name: Validate ""/var/log/extra/logstash.txt
  hosts: all
  tasks:
    - name: Check logstash.txt contains expected data
      shell: grep -q ""this is sparta"" /var/log/extra/logstash.txt
      changed_when: false
",Generate an Ansible playbook that verifies the presence of specific content in the logstash.txt file located at /var/log/extra/.,"
ERROR: While processing Ansible code, encountered
Could not find module shell
"
541,"---
- name: Run tests
  hosts: localhost
  remote_user: root
  roles:
    - itsec_ansible_collection.applications.openvpn
  vars:
    guacamole_postgresql_auth: true
",Generate an Ansible playbook that installs and configures OpenVPN with PostgreSQL authentication for secure application access.,The generated code is not an Ansible playbook.
542,"---
- name: Converge
  hosts: all
  tasks:
    - name: ""Include thbe.common""
      ansible.builtin.include_role:
        name: ""thbe.common""
    - name: ""Include thbe.rhel""
      ansible.builtin.include_role:
        name: ""thbe.rhel""
      vars:
        external_repos_epel: true
        nfs_manage: true
","Generate an Ansible playbook that includes common configurations and specific settings for RHEL hosts, enabling EPEL repositories and managing NFS.","
ERROR: While processing Ansible code, encountered
Multiple modules specified: ansible.builtin.include_role and vars
"
543,"---
- hosts: openvpn
  connection: local
  roles:
    - stackhpc.openvpn
",Generate an Ansible playbook that sets up and configures an OpenVPN server on local hosts using the stackhpc.openvpn role.,The generated code is not an Ansible playbook.
544,"---
- name: Prepare hosts for testing
  hosts: all
  tasks:
    - name: Update Apt Cache
      ansible.builtin.apt:
        update_cache: true
      become: true
      when: ansible_os_family == ""Debian""
",Generate an Ansible playbook that prepares all hosts for testing by updating the Apt cache on Debian-based systems.,No syntactic error found
545,"---
- name: Converge
  hosts: all
  become: true
  gather_facts: true

  roles:
    - role: buluma.netiq_sentinel_syslog_event_source
",Generate an Ansible playbook that sets up and configures NetIQ Sentinel as a syslog event source on all target hosts.,The generated code is not an Ansible playbook.
546,"---
- name: Converge
  hosts: all
  become: true
  roles:
    - role: ansible-role-mumble
",Generate an Ansible playbook that sets up the Mumble server on all targeted hosts with elevated privileges.,The generated code is not an Ansible playbook.
547,"---
- name: Apply role limits
  hosts: ""{{ hosts_limits|default(hosts_default_group|default('generic')) }}""
  serial: ""{{ osism_serial['limits']|default(osism_serial_default)|default(0) }}""
  strategy: ""{{ osism_strategy|default('linear') }}""

  roles:
    - role: osism.commons.limits
",Generate an Ansible playbook that applies role limits to specified hosts using configurable serial and strategy options.,The generated code is not an Ansible playbook.
548,"---
- name: Firmware update using catalog for iDRAC
  hosts: idrac
  gather_facts: false
  vars_files:
    - ../vars_files/credentials.yml
    - ../vars_files/firmware.yml
  vars:
    hostname: ""{{ inventory_hostname }}""
  roles:
    - dellemc.openmanage.idrac_firmware
",Generate an Ansible playbook that updates the firmware of iDRAC devices using a catalog.,The generated code is not an Ansible playbook.
549,"---
- hosts: all

  vars:
    deployment_ssh_user: ""solution""

  pre_tasks:
    - name: Update apt cache.
      apt: update_cache=yes cache_valid_time=600
      when: ansible_os_family == 'Debian'

  roles:
    - role_under_test
",Generate an Ansible playbook that updates the apt cache for all Debian hosts and deploys the specified role.,"
ERROR: While processing Ansible code, encountered
unrecognized field 'pre_tasks' in play
"
550,"---
- hosts: all
  pre_tasks:
    - name: install packages for testing under docker
      yum:
        name: ""{{ item }}""
        state: present
      with_items:
        - selinux-policy
        - libselinux-python
        - openssh-server
        - which

  roles:
    - role: CENTOS7-CIS
",Generate an Ansible playbook that installs necessary packages for testing under Docker on all hosts and applies the CENTOS7-CIS role for compliance.,"
ERROR: While processing Ansible code, encountered
unrecognized field 'pre_tasks' in play
"
551,"---
- import_playbook: katello_devel.yml
  vars:
    foreman_installer_options:
      - ""--katello-devel-github-username '{{ katello_devel_github_username }}'""
      - ""--katello-devel-enable-ostree=true""
      - ""--katello-devel-extra-plugins theforeman/foreman_remote_execution""
      - ""--katello-devel-extra-plugins theforeman/foreman_discovery""
      - ""--katello-devel-extra-plugins theforeman/foreman_ansible""
      - ""--katello-devel-extra-plugins theforeman/foreman-tasks""
      - ""--katello-devel-extra-plugins theforeman/foreman_bootdisk""
      - ""--katello-devel-extra-plugins theforeman/foreman_openscap""
      - ""--katello-devel-extra-plugins theforeman/foreman_templates""
      - ""--katello-devel-extra-plugins theforeman/foreman_hooks""
",Generate an Ansible playbook that automates the installation and configuration of a Katello development environment with specified plugins.,The generated code is not an Ansible playbook.
552,"---
- name: Apply the cmacrae.sonarr role to all sonarr_servers
  hosts: sonarr_servers

  roles:
    - ../../cmacrae.sonarr
",Generate an Ansible playbook that deploys the Sonarr application to all servers designated as sonarr_servers.,The generated code is not an Ansible playbook.
553,"---
- hosts: localhost
  remote_user: root
  roles:
    - ansible-coreutils
",Generate an Ansible playbook that installs the core utilities on the local machine for essential command-line functionality.,The generated code is not an Ansible playbook.
554,"---
- hosts: all
  become: true
  roles:
    - weareinteractive.sudo
  vars:
    sudo_defaults:
      - defaults: env_reset
      - defaults: secure_path=""/usr/local/sbin:/usr/local/bin:/usr/sbin:/usr/bin:/sbin:/bin""
      - name: ""user1""
        defaults: ""requiretty""
      - name: ""%group1""
        defaults: ""!requiretty""
    sudo_users:
      - name: ""user1""
      - name: ""user2""
        nopasswd: true
      - name: ""%group1""
        hosts: 127.0.0.1
      - name: ""%group2""
        commands: ""/bin/ls""
      - name: ""%group3""
        commands:
          - ""/usr/bin/ls""
          - ""/usr/bin/df""
          - ""/usr/bin/mailq""
      - name: ""%group4""
        users: ""user1,user2""
        groups: ""group1,group2""
    purge_other_sudoers_files: true
","Generate an Ansible playbook that configures sudo privileges for specified users and groups, ensuring security best practices and cleanup of unnecessary files.",The generated code is not an Ansible playbook.
555,"---
- hosts: localhost
  remote_user: root
  roles:
    - fingul.mediainfo
",Generate an Ansible playbook that installs and configures MediaInfo on the localhost.,The generated code is not an Ansible playbook.
556,"---
# code: language=ansible

- name: Converge
  hosts: all
  pre_tasks:
    - name: Update package cache
      ansible.builtin.package:
        update_cache: true
      changed_when: false
      register: task_result
      until: task_result is success
      retries: 10
      delay: 2
    - name: Wait for systemd to complete initialization. # noqa command-instead-of-module
      ansible.builtin.command: systemctl is-system-running
      register: systemctl_status
      until: >-
        ""running"" in systemctl_status.stdout or ""degraded"" in
        systemctl_status.stdout
      retries: 30
      delay: 5
      when:
        - ansible_service_mgr == ""systemd""
        - ansible_distribution == ""Fedora""
      changed_when: false
  roles:
    - role: ericsysmin.databases.mongodb
",Generate an Ansible playbook that ensures all required packages are updated and initializes a MongoDB setup on Fedora systems with systemd.,"
ERROR: While processing Ansible code, encountered
unrecognized field 'pre_tasks' in play
"
557,"---
- name: converge
  hosts: instance
  any_errors_fatal: false
  become: false

  environment:
    NETRC: """"

  roles:
    - role: ansible-htpasswd
",Generate an Ansible playbook that manages user authentication using htpasswd for specified hosts.,The generated code is not an Ansible playbook.
558,"---
- hosts: localhost
  remote_user: root
  roles:
    - win_users
",Generate an Ansible playbook that sets up and manages Windows user accounts on the localhost.,The generated code is not an Ansible playbook.
559,"---
- name: ADS Operations on PowerScale
  hosts: localhost
  connection: local
  vars:
    onefs_host: ""10.**.**.**""
    verify_ssl: false
    api_user: ""user""
    api_password: ""password""
    domain_name: ""ansibleneo.com""
    instance_name: ""ansibleneo.com""
    state_present: ""present""
    state_absent: ""absent""

  tasks:
    - name: Add an Active Directory provider
      dellemc.powerscale.ads:
        onefs_host: ""{{ onefs_host }}""
        api_user: ""{{ api_user }}""
        api_password: ""{{ api_password }}""
        verify_ssl: ""{{ verify_ssl }}""
        domain_name: ""{{ domain_name }}""
        instance_name: ""{{ instance_name }}""
        ads_user: ""administrator""
        ads_password: ""Password""
        ads_parameters:
          groupnet: ""groupnet_ad""
          home_directory_template: ""/ifs/home/%D/%U""
          login_shell: ""/bin/zsh""
          machine_account: ""test_account""
          organizational_unit: ""unit""
          allocate_gids: true
          allocate_uids: false
          assume_default_domain: false
          authentication: true
          create_home_directory: true
          domain_offline_alerts: true
          ignore_all_trusts: true
          ignored_trusted_domains:
            - ""example.com""
            - ""example1.com""
          include_trusted_domains:
            - ""trusted.com""
          ldap_sign_and_seal: true
          lookup_groups: true
          lookup_normalize_groups: true
          lookup_normalize_users: true
          lookup_users: true
          machine_password_changes: true
          nss_enumeration: true
          restrict_findable: true
          store_sfu_mappings: true
          check_online_interval: 7600
          machine_password_lifespan: 400
          rpc_call_timeout: 45
          server_retry_limit: 789
          sfu_support: ""rfc2307""
          extra_expected_spns:
            - span
          findable_groups:
            - ""groupone""
          findable_users:
            - ""userone""
          lookup_domains:
            - ""example.com""
          unfindable_groups:
            - ""nogroups""
          unfindable_users:
            - ""nouser""
        state: ""{{ state_present }}""

    - name: Add an Active Directory provider Idempotency case
      dellemc.powerscale.ads:
        onefs_host: ""{{ onefs_host }}""
        api_user: ""{{ api_user }}""
        api_password: ""{{ api_password }}""
        verify_ssl: ""{{ verify_ssl }}""
        domain_name: ""{{ domain_name }}""
        instance_name: ""{{ instance_name }}""
        ads_user: ""administrator""
        ads_password: ""Password""
        ads_parameters:
          groupnet: ""groupnet_ad""
          home_directory_template: ""/ifs/home/%D/%U""
          login_shell: ""/bin/zsh""
          machine_account: ""test_account""
          organizational_unit: ""unit""
          allocate_gids: true
          allocate_uids: false
          assume_default_domain: false
          authentication: true
          create_home_directory: true
          domain_offline_alerts: true
          ignore_all_trusts: true
          ignored_trusted_domains:
            - ""example.com""
            - ""example1.com""
          include_trusted_domains:
            - ""trusted.com""
          ldap_sign_and_seal: true
          lookup_groups: true
          lookup_normalize_groups: true
          lookup_normalize_users: true
          lookup_users: true
          machine_password_changes: true
          nss_enumeration: true
          restrict_findable: true
          store_sfu_mappings: true
          check_online_interval: 7600
          machine_password_lifespan: 400
          rpc_call_timeout: 45
          server_retry_limit: 789
          sfu_support: ""rfc2307""
          extra_expected_spns:
            - span
          findable_groups:
            - ""groupone""
          findable_users:
            - ""userone""
          lookup_domains:
            - ""example.com""
          unfindable_groups:
            - ""nogroups""
          unfindable_users:
            - ""nouser""
        state: ""{{ state_present }}""

    - name: Modify an Active Directory provider with domain name
      dellemc.powerscale.ads:
        onefs_host: ""{{ onefs_host }}""
        verify_ssl: ""{{ verify_ssl }}""
        api_user: ""{{ api_user }}""
        api_password: ""{{ api_password }}""
        domain_name: ""{{ domain_name }}""
        ads_parameters:
          allocate_uids: true
          assume_default_domain: true
          authentication: false
          create_home_directory: false
          domain_offline_alerts: false
          ignored_trusted_domains:
            - ""example2.com""
          include_trusted_domains:
            - ""trusted.com""
          ldap_sign_and_seal: false
          lookup_groups: false
          lookup_normalize_users: false
          machine_password_changes: false
          store_sfu_mappings: false
          check_online_interval: 7600
          machine_password_lifespan: 234
          rpc_call_timeout: 5
          server_retry_limit: 10
          sfu_support: ""rfc2307""
        state: ""{{ state_present }}""

    - name: Modify an Active Directory provider with domain name Idempotency case
      dellemc.powerscale.ads:
        onefs_host: ""{{ onefs_host }}""
        verify_ssl: ""{{ verify_ssl }}""
        api_user: ""{{ api_user }}""
        api_password: ""{{ api_password }}""
        domain_name: ""{{ domain_name }}""
        ads_parameters:
          allocate_uids: true
          assume_default_domain: true
          authentication: false
          create_home_directory: false
          domain_offline_alerts: false
          ignored_trusted_domains:
            - ""example2.com""
          include_trusted_domains:
            - ""trusted.com""
          ldap_sign_and_seal: false
          lookup_groups: false
          lookup_normalize_users: false
          machine_password_changes: false
          store_sfu_mappings: false
          check_online_interval: 7600
          machine_password_lifespan: 234
          rpc_call_timeout: 5
          server_retry_limit: 10
          sfu_support: ""rfc2307""
        state: ""{{ state_present }}""

    - name: Modify an Active Directory provider with instance name
      dellemc.powerscale.ads:
        onefs_host: ""{{ onefs_host }}""
        verify_ssl: ""{{ verify_ssl }}""
        api_user: ""{{ api_user }}""
        api_password: ""{{ api_password }}""
        instance_name: ""{{ instance_name }}""
        ads_parameters:
          home_directory_template: ""/ifs/usr_home/%D/%U""
          login_shell: ""/bin/rbash""
        state: ""{{ state_present }}""

    - name: Add an SPN
      dellemc.powerscale.ads:
        onefs_host: ""{{ onefs_host }}""
        api_user: ""{{ api_user }}""
        api_password: ""{{ api_password }}""
        verify_ssl: ""{{ verify_ssl }}""
        domain_name: ""{{ domain_name }}""
        spns:
          - spn: ""HOST/test1""
        state: ""{{ state_present }}""

    - name: Remove an SPN
      dellemc.powerscale.ads:
        onefs_host: ""{{ onefs_host }}""
        api_user: ""{{ api_user }}""
        api_password: ""{{ api_password }}""
        verify_ssl: ""{{ verify_ssl }}""
        domain_name: ""{{ domain_name }}""
        spns:
          - spn: ""HOST/test1""
            state: ""absent""
        state: ""{{ state_present }}""

    - name: Check an SPN
      dellemc.powerscale.ads:
        onefs_host: ""{{ onefs_host }}""
        api_user: ""{{ api_user }}""
        api_password: ""{{ api_password }}""
        verify_ssl: ""{{ verify_ssl }}""
        domain_name: ""{{ domain_name }}""
        spn_command: ""check""
        state: ""{{ state_present }}""

    - name: Fix an SPN
      dellemc.powerscale.ads:
        onefs_host: ""{{ onefs_host }}""
        api_user: ""{{ api_user }}""
        api_password: ""{{ api_password }}""
        verify_ssl: ""{{ verify_ssl }}""
        domain_name: ""{{ domain_name }}""
        spn_command: ""fix""
        state: ""{{ state_present }}""

    - name: Get Active Directory provider details with domain name
      dellemc.powerscale.ads:
        onefs_host: ""{{ onefs_host }}""
        api_user: ""{{ api_user }}""
        api_password: ""{{ api_password }}""
        verify_ssl: ""{{ verify_ssl }}""
        domain_name: ""{{ domain_name }}""
        state: ""{{ state_present }}""

    - name: Get Active Directory provider details with instance name
      dellemc.powerscale.ads:
        onefs_host: ""{{ onefs_host }}""
        api_user: ""{{ api_user }}""
        api_password: ""{{ api_password }}""
        verify_ssl: ""{{ verify_ssl }}""
        instance_name: ""{{ instance_name }}""
        state: ""{{ state_present }}""

    - name: Delete an Active Directory provider with domain name
      dellemc.powerscale.ads:
        onefs_host: ""{{ onefs_host }}""
        verify_ssl: ""{{ verify_ssl }}""
        api_user: ""{{ api_user }}""
        api_password: ""{{ api_password }}""
        domain_name: ""{{ domain_name }}""
        state: ""{{ state_absent }}""

    - name: Delete an Active Directory provider with instance name
      dellemc.powerscale.ads:
        onefs_host: ""{{ onefs_host }}""
        verify_ssl: ""{{ verify_ssl }}""
        api_user: ""{{ api_user }}""
        api_password: ""{{ api_password }}""
        instance_name: ""{{ instance_name }}""
        state: ""{{ state_absent }}""
","Generate an Ansible playbook that manages Active Directory providers and SPNs on a PowerScale system, including operations to add, modify, retrieve, and delete providers based on specified parameters.","
ERROR: While processing Ansible code, encountered
unrecognized field 'connection' in play
"
560,"---
- hosts: all
  tasks:
    - name: install testing suite
      package:
        name: ""{{ item }}""
        state: present
      with_items:
        - iproute
        - net-tools

- hosts: all
  roles:
    - ansible-hetzner
",Generate an Ansible playbook that installs essential network tools and applies a specific role to all hosts.,"
ERROR: While processing Ansible code, encountered
unrecognized field 'roles' in play
"
561,"---
- name: Idempotence
  hosts: localhost
  connection: local
  gather_facts: false
  tasks:
    - name: ""Include sfmalp.dummy""
      ansible.builtin.include_role:
        name: ""sfmalp.dummy""
",Generate an Ansible playbook that includes the role `sfmalp.dummy` to ensure idempotence during execution on the localhost.,"
ERROR: While processing Ansible code, encountered
unrecognized field 'connection' in play
"
562,"---
- name: Converge
  hosts: all
  vars:
    ghr_tmp_dir: ""/tmp""
    ghr_install_dir: ""/usr/local/bin""
    ghr_releases:
      # Install hostess: https://github.com/cbednarski/hostess
      - url: ""https://github.com/cbednarski/hostess/releases/download/v0.3.0/hostess_linux_amd64""
        copy_src: ""{{ ghr_tmp_dir }}/hostess_linux_amd64""
        copy_dest: ""{{ ghr_install_dir }}/hostess""
      # Install drush: https://github.com/drush-ops/drush
      - url: ""https://github.com/drush-ops/drush/releases/download/8.1.17/drush.phar""
        copy_src: ""{{ ghr_tmp_dir }}/drush.phar""
        copy_dest: ""{{ ghr_install_dir }}/drush""
      # Install ddev: https://github.com/drud/ddev
      - url: ""https://github.com/drud/ddev/releases/download/v1.3.0/ddev_linux.v1.3.0.tar.gz""
        checksum: ""sha256:https://github.com/drud/ddev/releases/download/v1.3.0/ddev_linux.v1.3.0.tar.gz.sha256.txt""
        extract_dir: ""ddev_linux.v1.3.0""
        copy_src: ""{{ ghr_tmp_dir }}/ddev_linux.v1.3.0/ddev""
        copy_dest: ""{{ ghr_install_dir }}/ddev""
  roles:
    - role: ansible-role-github-release
",Generate an Ansible playbook that installs specific tools from GitHub releases to a designated directory on all hosts.,The generated code is not an Ansible playbook.
563,"---
- hosts: localhost
  remote_user: root
  roles:
    - role: openstack-nova_scheduler
      keystone_hostname: ""127.0.0.1""
      rabbit_hostname: ""127.0.0.1""
      rabbit_username: ""guest""
      rabbit_pass: ""guest""
      tags:
        - nova-scheduler
",Generate an Ansible playbook that configures the OpenStack Nova Scheduler with specified Keystone and RabbitMQ settings on a localhost environment.,The generated code is not an Ansible playbook.
564,"---
# Example playbook for ansible-role-archiva

- hosts: all
  become: true
  roles:
    - role: ansible-role-archiva
      configonly: true
      archiva_admin:
        username: admin
        password: adminPass123
      archiva_repositories:
        - id: myRepo
          name: myRepo
          layout: default
          indexDirectory: ./myRepo/.indexer
          description:
          location: ./repositories/myRepo
          snapshots: false
          releases: true
          blockRedeployments: true
          cronExpression: ""0 0 * * * ?""
          stagingRepository:
          scanned: true
          daysOlder: 100
          retentionCount: 2
          deleteReleasedSnapshots: false
          stageRepoNeeded: false
          resetStats: false
          skipPackedIndexCreation: false
",Generate an Ansible playbook that configures an Archiva server with specific repository settings and admin credentials.,The generated code is not an Ansible playbook.
565,"---
- hosts: localhost
  tasks:
    - debug:
        msg: Testing a binary module written in Rust

    - debug:
        var: ansible_system

    - name: ping
      ping:

    - name: Hello, World!
      rust_helloworld:
      register: hello_world

    - assert:
        that:
          - >
            hello_world.msg == ""Hello, World!""

    - name: Hello, Ansible!
      rust_helloworld:
        name: Ansible
      register: hello_ansible

    - assert:
        that:
          - >
            hello_ansible.msg == ""Hello, Ansible!""

    - name: Async Hello, World!
      rust_helloworld:
      async: 10
      poll: 1
      register: async_hello_world

    - assert:
        that:
          - >
            async_hello_world.msg == ""Hello, World!""

    - name: Async Hello, Ansible!
      rust_helloworld:
        name: Ansible
      async: 10
      poll: 1
      register: async_hello_ansible

    - assert:
        that:
          - >
            async_hello_ansible.msg == ""Hello, Ansible!""
","Generate an Ansible playbook that tests a Rust binary module, verifies outputs for synchronous and asynchronous tasks, and checks system information.","
ERROR: While processing Ansible code, encountered
Multiple modules specified: rust_helloworld and poll
Multiple modules specified: rust_helloworld and async
Multiple modules specified: rust_helloworld and poll
Multiple modules specified: rust_helloworld and async
"
566,"---
- hosts: localhost
  remote_user: root
  roles:
    - antonchernik.jdk
",Generate an Ansible playbook that installs the JDK on the local machine for Java development.,The generated code is not an Ansible playbook.
567,"---
- name: Retrieve Cluster Layer3 Segments Information
  hosts: localhost
  vars:
    vxmip: ""{{ vxmip }}""
    vcadmin: ""{{ vcadmin }}""
    vcpasswd: ""{{ vcpasswd }}""

  tasks:
    - name: Get Cluster Layer3 Segments
      dellemc_vxrail_cluster_layer3_get_segments:
        vxmip: ""{{ vxmip }}""
        vcadmin: ""{{ vcadmin }}""
        vcpasswd: ""{{ vcpasswd }}""
        api_version_number: ""{{ api_version_number | default(omit) }}""
      register: segments_info

    - name: Display Cluster Layer3 Segments Information
      debug:
        msg: ""{{segments_info}}""
",Generate an Ansible playbook that retrieves and displays information about Layer3 segments in a cluster.,"
ERROR: While processing Ansible code, encountered
unhandled Jinja expression form
"
568,"---
- name: Converge
  hosts: all
  vars:
    heartbeat_index_name: customindex
  roles:
    - role: ansible-elastic-heartbeat
",Generate an Ansible playbook that deploys the Elastic Heartbeat role to all hosts and configures it to monitor a custom index named 'customindex'.,The generated code is not an Ansible playbook.
569,"---
- hosts: all
  tasks:
    - include_role:
        name: main
      vars:
        dir: ""roles/git""
","Generate an Ansible playbook that includes a role named ""main"" to manage Git installations and configurations across all hosts using a specified directory.","
ERROR: While processing Ansible code, encountered
Multiple modules specified: include_role and vars
"
570,"---
- name: Converge
  hosts: all
  tasks:
    - name: ""Include fcrespo82.remarkable_api""
      include_role:
        name: ""ansible-role-remarkable-api""
",Generate an Ansible playbook that sets up the Remarkable API using the ansible-role-remarkable-api for all hosts.,"
ERROR: While processing Ansible code, encountered
Could not find module include_role
"
571,"---
- hosts: localhost
  become: false
  tasks:
    - name: Create ECS Cluster
      import_role:
        name: ../../ecs-rhel
        tasks_from: create_cluster.yml
",Generate an Ansible playbook that sets up an Amazon ECS Cluster on a local machine.,"
ERROR: While processing Ansible code, encountered
Could not find module import_role
"
572,"---
- name: converge
  hosts: all
  any_errors_fatal: false
  gather_facts: true

  roles:
    - role: ansible-mpd
",Generate an Ansible playbook that configures and manages the MPD (Music Player Daemon) on all hosts.,The generated code is not an Ansible playbook.
573,"---
- name: Converge
  hosts: all
  roles:
    - role: ansible-role-libvirt-vm/
",Generate an Ansible playbook that automates the deployment and management of virtual machines using Libvirt on all target hosts.,The generated code is not an Ansible playbook.
574,"---
- name: Converge
  hosts: all
  tasks:
    - name: ""Include ansible-role-kubelet""
      ansible.builtin.include_role:
        name: ""ansible-role-kubelet""
",Generate an Ansible playbook that installs and configures the Kubelet on all targeted hosts.,"
ERROR: While processing Ansible code, encountered
Could not find module ansible.builtin.include_role
"
575,"---
- name: Prepare
  hosts: all
  gather_facts: true
  become: true
  vars:
    ruby_download_url: http://cache.ruby-lang.org/pub/ruby/3.0/ruby-3.0.0.tar.gz
    ruby_version: 3.0.0
    ruby_install_gems_user: root
    ruby_install_gems:
      - json
    ruby_gems_bin_path: /root/.gem/ruby/bin

  pre_tasks:
    - name: add rubygems bin dir to system-wide $PATH.
      ansible.builtin.copy:
        dest: /etc/profile.d/ruby.sh
        content: ""PATH=$PATH:{{ ruby_gems_bin_path }}""
        mode: ""0644""

    - name: don't install Bundler on CentOS 7 because of old Ruby version.
      ansible.builtin.set_fact:
        ruby_install_bundler: false
      when:
        - ansible_os_family == 'RedHat'
        - ansible_distribution_major_version == '7'

  roles:
    - role: buluma.bootstrap
    - role: buluma.buildtools
    # - role: buluma.ruby
    - role: buluma.ruby_gems
","Generate an Ansible playbook that installs Ruby 3.0.0 and manages Ruby gems for all servers, ensuring proper environment configuration and exclusion of Bundler on CentOS 7.","
ERROR: While processing Ansible code, encountered
unrecognized field 'gather_facts' in play
"
576,"---
- name: Verify
  hosts: journald_novalue
  vars:
    journald_conf_expected: |
      #
      # Ansible managed: Do NOT edit this file manually!
      #

      #  This file is part of systemd.
      #
      #  systemd is free software; you can redistribute it and/or modify it
      #  under the terms of the GNU Lesser General Public License as published by
      #  the Free Software Foundation; either version 2.1 of the License, or
      #  (at your option) any later version.
      #
      # Entries in this file show the compile time defaults.
      # You can change settings by editing this file.
      # Defaults can be restored by simply deleting this file.
      #
      # See journald.conf(5) for details.

      [Journal]
      #Audit=yes
      #Compress=yes
      #ForwardToConsole=no
      #ForwardToKMsg=no
      #ForwardToSyslog=no
      #ForwardToWall=yes
      #LineMax=48K
      #MaxFileSec=1month
      #maxFileSec=1month
      #MaxLevelConsole=info
      #MaxLevelKMsg=notice
      #MaxLevelStore=debug
      #MaxLevelSyslog=debug
      #MaxLevelWall=emerg
      #MaxRetentionSec=
      #RateLimitBurst=10000
      #RateLimitIntervalSec=30s
      #ReadKMsg=yes
      #RuntimeKeepFree=
      #RuntimeMaxFiles=100
      #RuntimeMaxFileSize=
      #RuntimeMaxUse=
      #Seal=yes
      #SplitMode=uid
      #Storage=auto
      #SyncIntervalSec=5m
      #SystemKeepFree=
      #SystemMaxFiles=100
      #SystemMaxFileSize=
      #SystemMaxUse=
      #TTYPath=/dev/console
  tasks:
    - name: Check if config file has been created
      ansible.builtin.copy: # noqa risky-file-permissions
        content: ""{{ journald_conf_expected }}""
        dest: /etc/systemd/journald.conf
      register: journald_conf
      failed_when: journald_conf is changed or journald_conf is failed
",Generate an Ansible playbook that ensures the `journald.conf` configuration file is created with the expected content for systemd's journal.,"
ERROR: While processing Ansible code, encountered
Multiple modules specified: ansible.builtin.copy and failed_when
"
577,"---
- hosts: ""{{ frontend_group | d('frontend') }}""
  tags: [frontend]
  collections:
    - opennebula.deploy
  roles:
    - role: helper/facts
      tags: [always]

    - role: repository
      tags: [preinstall, prometheus]

    - role: database
    - role: opennebula/server
    - role: gate/server
      tags: [gate]

    # Wait until the Leader is elected, then run handlers (and possibly restart all oned instances),
    # then wait until the cluster is stable again. NOTE: After all that we make sure not to restart
    # OpenNebula services until the end of the playbook!
    - role: opennebula/leader
    - role: helper/flush
    - role: opennebula/leader

    - role: flow
      tags: [flow]

    - role: gui
      tags: [gui]

- hosts: ""{{ node_group | d('node') }}""
  tags: [node]
  collections:
    - opennebula.deploy
  roles:
    - role: helper/facts
      tags: [always]

    - role: repository
      tags: [preinstall, prometheus]

    - role: datastore/node
      tags: [datastore]

    - role: network/node
      tags: [network]

    - role: kvm

    - role: gate/proxy
      tags: [gate]
      when:
        - features.gateproxy | bool is true

    - role: prometheus/exporter
      tags: [prometheus]
      when: &prometheus
        - features.prometheus | bool is true
        - one_token is defined and one_token is truthy

- hosts: ""{{ frontend_group | d('frontend') }}""
  tags: [frontend]
  collections:
    - opennebula.deploy
  roles:
    - role: helper/facts
      tags: [always]

    - role: datastore/frontend
      tags: [datastore]

    - role: network/frontend
      tags: [network]

    - role: prometheus/server
      tags: [prometheus]
      when: *prometheus

- hosts: ""{{ grafana_group | d('grafana') }}""
  collections:
    - opennebula.deploy
  roles:
    - role: helper/facts
      tags: [always]

    - role: repository
      tags: [preinstall, grafana]

    - role: prometheus/grafana
      tags: [grafana]
      when: *prometheus
","Generate an Ansible playbook that deploys and configures a scalable OpenNebula cloud infrastructure, including frontend, node, and Grafana components, with support for Prometheus monitoring and optional gate proxy features.",The generated code is not an Ansible playbook.
578,"---
- name: Verify
  hosts: all
  become: true
  gather_facts: true

  vars:
    _bareos_repository_verify_packages:
      default:
        - bareos
      Debian:
        - bareos-common
    bareos_repository_verify_packages: ""{{ _bareos_repository_verify_packages[ansible_os_family] | default(_bareos_repository_verify_packages['default']) }}""

  tasks:
    - name: Test if bareos packages can be installed
      ansible.builtin.package:
        name: ""{{ bareos_repository_verify_packages }}""
      notify:
        - Remove packages

  handlers:
    - name: Remove packages
      ansible.builtin.package:
        name: ""{{ bareos_repository_verify_packages }}""
        state: absent
",Generate an Ansible playbook that verifies the installation of Bareos packages across different operating systems and removes them if the installation fails.,"
ERROR: While processing Ansible code, encountered
unrecognized field 'gather_facts' in play
"
579,"---
- name: Testing andrewrothstein.keycloak
  hosts: all
  roles:
    - role: ""{{ playbook_dir }}""
  tasks:
    - name: Executing 'kc.sh --version'
      ansible.builtin.command: sh -lc 'kc.sh --version'
      changed_when: false
      register: keycloak_test_output
    - name: Output of 'kc.sh --version'
      ansible.builtin.debug:
        msg: ""{{ keycloak_test_output.stdout }}""
",Generate an Ansible playbook that tests the Keycloak installation by executing `kc.sh --version` and outputs the result.,"
ERROR: While processing Ansible code, encountered
unrecognized field 'roles' in play
"
580,"---
- hosts: localhost
  remote_user: root
  roles:
    - AnsibleRoleCassandraAddRepo
",Generate an Ansible playbook that adds the Cassandra repository to the system.,The generated code is not an Ansible playbook.
581,"---
- name: Verify
  hosts: windows
  tasks:
    - name: Check java version
      win_command: java -version
      register: java_ver_cmd
      changed_when: false

    - name: Debug java version
      debug:
        var: java_ver_cmd

    - name: Assert that java is working
      assert:
        that: ""'Runtime Environment' in java_ver_cmd.stderr""
",Generate an Ansible playbook that verifies the installed Java version on Windows hosts and ensures Java is functioning correctly.,"
ERROR: While processing Ansible code, encountered
Could not find module win_command
"
582,"---
# Install fixpack
# Need to necessarily pass fixpack filename like so:
#   install_fixpack_file: ""/tmp/9021_IF1.fixpack""

- name: Apply given Fixpack to all Appliances
  hosts: all
  gather_facts: false
  roles:
    # Install Fixpack
    - role: ibm.isam.install_fixpack
      install_fixpack_file: /home/python/9021_IF1.fixpack
      when: install_fixpack_file is defined
",Generate an Ansible playbook that applies a specified fixpack file to all appliances in my environment.,The generated code is not an Ansible playbook.
583,"---
- hosts: localhost
  remote_user: root
  roles:
    - ansible-role-xkeysnail
",Generate an Ansible playbook that installs and configures the xkeysnail role on the localhost with root privileges.,The generated code is not an Ansible playbook.
584,"---
- hosts: localhost
  remote_user: root

  roles:
    - oatakan.debian_template_build
",Generate an Ansible playbook that sets up a Debian template build environment on a localhost using root privileges.,The generated code is not an Ansible playbook.
585,"---
- name: Converge
  hosts: all
  roles:
    - role: ome.network_cloud_interfaces
",Generate an Ansible playbook that configures network cloud interfaces for all hosts.,The generated code is not an Ansible playbook.
586,"---
- name: ""Install Gitea Role""
  hosts: localhost
  remote_user: root
  roles:
    - salessandri.gitea
",Generate an Ansible playbook that installs the Gitea application on a local server.,The generated code is not an Ansible playbook.
587,"---
- name: Converge
  hosts: all
  roles:
    - role: voidquark.loki
",Generate an Ansible playbook that deploys the Loki logging system on all target hosts.,The generated code is not an Ansible playbook.
588,"---
- name: ISE
  hosts: ise
  gather_facts: false
  connection: local
  roles:
    - cisco_ise
  tags:
    - ise
",Generate an Ansible playbook that configures Cisco Identity Services Engine (ISE) on local hosts.,The generated code is not an Ansible playbook.
589,"---
- hosts: hdmhosts
  connection: local
  gather_facts: false
  roles:
    - getpsuinven
",Generate an Ansible playbook that collects and inventories installed PSUs on specified hosts.,The generated code is not an Ansible playbook.
590,"---
- name: Prepare
  hosts: all
  gather_facts: false
  tasks:
    - name: Install python for Ansible
      raw: test -e /usr/bin/python || (apt -y update && apt install -y python-minimal)
      become: true
      changed_when: false

    - import_tasks: ../common/prepare.yml
",Generate an Ansible playbook that installs Python on all target hosts and prepares them using a common set of tasks.,"
ERROR: While processing Ansible code, encountered
unrecognized field 'gather_facts' in play
"
591,"---
- name: Converge
  hosts: airflow_group
  roles:
    - role: airflow-role
  environment:
    AIRFLOW_HOME: ""{{ airflow_app_home }}""
    AIRFLOW_CONFIG: ""{{ airflow_conf_path }}/airflow.cfg""
",Generate an Ansible playbook that sets up and configures an Airflow environment on the specified hosts with the appropriate roles and environment variables.,The generated code is not an Ansible playbook.
592,"---
- name: Converge
  hosts: all
  become: true

  vars:
    minecraft_server_type: minecraft
    minecraft_version: latest
    minecraft_max_memory: 2048M
    minecraft_server_properties:
      server-port: 25565
      rcon.port: 25564

  roles:
    - role: ansible-role-minecraft
",Generate an Ansible playbook that sets up a Minecraft server with custom settings and configurations.,The generated code is not an Ansible playbook.
593,"---
- hosts: localhost
  remote_user: root
  roles:
    - ansible-nginx-rails
",Generate an Ansible playbook that sets up a Rails application with Nginx on a local server.,The generated code is not an Ansible playbook.
594,"---
- hosts: localhost
  remote_user: root
  roles:
    - umn_sample_role
",Generate an Ansible playbook that sets up the UMN sample role on the local host with root privileges.,The generated code is not an Ansible playbook.
595,"---
- hosts: localhost
  remote_user: root
  roles:
    - stup
","Generate an Ansible playbook that sets up a system with the necessary configurations and dependencies defined in the ""stup"" role.",The generated code is not an Ansible playbook.
596,"---
- hosts: localhost
  remote_user: root
  roles:
    - ansible-zfs
",Generate an Ansible playbook that manages ZFS installations and configurations on a local system as the root user.,The generated code is not an Ansible playbook.
597,"---
- name: Execute isamcfg for v9.0.6 and Later
  hosts: all
  roles:
    # Assumes hostname and port are localhost and 443 respectively
    - role: ibm.isam.config_reverseproxy_aac
      tags: [""reverseproxy"", ""aac"", ""config"", ""isamcfg""]
      config_reverseproxy_aac_instance_id: ""{{reverseproxy_instance_name | default('default')}}""
      config_reverseproxy_aac_username: ""{{aac_userid | default('easuser')}}""
      config_reverseproxy_aac_password: ""{{aac_password | default('passw0rd')}}""
      config_reverseproxy_aac_reuse_certs: false
      config_reverseproxy_aac_reuse_acls: false
","Generate an Ansible playbook that configures the IBM ISAM reverse proxy for version 9.0.6 and later, allowing you to specify the instance ID, username, and password for the AAC (Access Control) settings.",The generated code is not an Ansible playbook.
598,"---
- name: Install Longhorn
  hosts: RKE2_CONTROLLERS:RKE2_WORKERS
  gather_facts: true
  become: true
  vars_files: ../vars/main.yml
  tags: [controller, worker]
  roles:
    - { role: mozebaltyk.rkub.deploy_longhorn, tags: longhorn }
",Generate an Ansible playbook that installs Longhorn on RKE2 controllers and workers.,The generated code is not an Ansible playbook.
599,"---
- hosts: localhost
  remote_user: root
  roles:
    - powermax_port_select_and_zone
",Generate an Ansible playbook that configures PowerMax port selection and zoning on a local host.,The generated code is not an Ansible playbook.
600,"---
- hosts: localhost
  connection: local
  gather_facts: false

  tasks:
    - name: update nessus task
      markuman.nessus.task:
        targets:
          - 10.85.10.85
        task: AnsibleTest
        host: nessus.osuv.de
        headless: true
        purge: true
",Generate an Ansible playbook that updates a Nessus scan task on a specified target host.,"
ERROR: While processing Ansible code, encountered
unrecognized field 'connection' in play
"
601,"---
- hosts: master
  roles:
    - YasushiKobayashi.newrelic
",Generate an Ansible playbook that installs and configures the New Relic monitoring agent on a master server.,The generated code is not an Ansible playbook.
602,"---
- name: Installs a TFTP server
  hosts: all
  become: true
  remote_user: vagrant
  vars:
  roles:
    - role: ansible-apache2
    - role: ansible-tftpd-hpa
  tasks:
",Generate an Ansible playbook that installs a TFTP server and sets up Apache on all hosts.,"
ERROR: While processing Ansible code, encountered
unrecognized field 'roles' in play
"
603,"---
- name: Testing andrewrothstein.linkerd
  hosts: all
  roles:
    - role: ""{{ playbook_dir }}""
  tasks:
    - name: Executing 'linkerd2-cli version --client'
      ansible.builtin.command: /usr/local/bin/linkerd2-cli version --client
      changed_when: false
      register: linkerd2_test_output
    - name: Output of 'linkerd2-cli version --client'
      ansible.builtin.debug:
        msg: ""{{ linkerd2_test_output.stdout }}""
",Generate an Ansible playbook that tests the version of the Linkerd CLI across all hosts and outputs the result.,"
ERROR: While processing Ansible code, encountered
unrecognized field 'roles' in play
"
604,"---
- name: Does not converge
  hosts: all
  tasks:
    #  ----------------------------------
    - name: Should fail when Ansible version (core) is lower than supported
      block:
        - name: ""Arrange&Act""
          ansible.builtin.include_role:
            name: ""paperless_ngx.paperless_ngx""
          tags:
            - check_ansible_version
          vars:
            ansible_version_minimum: ""99.99"" # noqa: var-naming[no-role-prefix]
      rescue:
        - name: Dummy
          ansible.builtin.debug:
            var: _exception

        - name: Assert
          ansible.builtin.assert:
            that:
              - ""'must update' in _exception.msg""
    #  ----------------------------------
    - name: Should fail when host does not have all Ansible collections installed
      block:
        - name: ""Arrange&Act""
          ansible.builtin.include_role:
            name: ""paperless_ngx.paperless_ngx""
          tags:
            - check_ansible_collections
          vars:
            ansible_required_collections: # noqa: var-naming[no-role-prefix]
              - test.notfound
      rescue:
        - name: Dummy
          ansible.builtin.debug:
            var: _exception

        - name: Assert
          ansible.builtin.assert:
            that:
              - ""'Missing' in _exception.results[0].msg""
    #  ----------------------------------
    - name: Should fail when target paperless-ngx version is < minimum version
      block:
        - name: ""Arrange&Act""
          ansible.builtin.include_role:
            name: ""paperless_ngx.paperless_ngx""
          tags:
            - check_paperless_version_min
          vars:
            paperless_ngx_version: ""99.10.0""
            paperless_ngx_version_minimum: ""99.11.0""
      rescue:
        - name: Assert
          ansible.builtin.assert:
            that:
              - ""'Unsupported version detected' in _exception.msg""
        - name: Dummy
          ansible.builtin.debug:
            var: _exception
    #  ----------------------------------
    - name: Should fail when target paperless version is < installed version
      block:
        - name: ""Arrange&Act""
          ansible.builtin.include_role:
            name: ""paperless_ngx.paperless_ngx""
          tags:
            - check_paperless_version_downgrade
          vars:
            _paperless_ngx_installed_version: ""99.99.99"" # noqa: var-naming[no-role-prefix]
      rescue:
        - name: Assert
          ansible.builtin.assert:
            that:
              - ""'Downgrade' in _exception.msg""
        - name: Dummy
          ansible.builtin.debug:
            var: _exception
","Generate an Ansible playbook that verifies system compatibility, checks required collections, and validates the versions of the Paperless-ngx application before deployment.","
ERROR: While processing Ansible code, encountered
Multiple modules specified: block and rescue
Multiple modules specified: block and rescue
Multiple modules specified: block and rescue
Multiple modules specified: block and rescue
"
605,"---
- name: test role syntax
  hosts: test
  roles:
    - wcm_io_devops.aem_security
",Generate an Ansible playbook that applies the AEM security role on the test hosts.,The generated code is not an Ansible playbook.
606,"---
- name: Cleanup aac
  hosts: all
  gather_facts: false
  vars:
    homedir: ""{{ playbook_dir }}"" # this is this directory for molecule
  tasks:
    - name: Include variables
      tags:
        - always
      ansible.builtin.include_vars:
        file: ""vars/aac.yml""

    - name: Delete Policy Attachments
      tags:
        - access_control
      ansible.builtin.import_role:
        name: ibm.isam.aac.delete_access_control_policy_attachments

    - name: Delete Access Control Policies
      tags:
        - access_control
      ansible.builtin.import_role:
        name: ibm.isam.aac.delete_access_control_policies
",Generate an Ansible playbook that cleans up access control policies and their attachments in IBM ISAM.,"
ERROR: While processing Ansible code, encountered
unrecognized field 'gather_facts' in play
"
607,"---
- name: ""IDP service setup""
  hosts: ""toc_keepers""
  become: true
  gather_facts: false

  pre_tasks:
    - name: ""Wait for ssh to wake up""
      wait_for_connection:
        timeout: 300
        sleep: 10

  tasks:
    - name: ""Start of role: idp""
      include_role:
        name: ""idp""
      tags: [""always""]
","Generate an Ansible playbook that sets up an IDP service on specified hosts, ensuring SSH is available before proceeding with the installation.","
ERROR: While processing Ansible code, encountered
unrecognized field 'gather_facts' in play
"
608,"---
- hosts: localhost
  connection: local
  remote_user: root
  vars:
    mautic_httpd_port: ""9080""
    mautic_skip_docker: true
    mautic_setup_force_log: true
    mautic_instance_name: tyrell_mautic
  roles:
    - ../../mautic
","Generate an Ansible playbook that sets up a Mautic instance on localhost with custom configurations, using root access and skipping Docker.",The generated code is not an Ansible playbook.
609,"---
# strongswan molecule/default/verify.yml
#
# SPDX-FileCopyrightText: © 2020 Open Networking Foundation <support@opennetworking.org>
# SPDX-License-Identifier: Apache-2.0

- name: Verify
  hosts: all
  vars:
  tasks:
    - name: Gather package facts
      package_facts:
        manager: auto

    - name: Verify package is installed
      assert:
        that: ""'{{ item }}' in ansible_facts.packages""
      with_items:
        - strongswan

    - name: Verify ipsec command is functional
      command: ipsec version
      register: ipsec_version
      changed_when: false
      failed_when: '""strongSwan"" not in ipsec_version.stdout'
",Generate an Ansible playbook that verifies the installation of the strongSwan package and checks the functionality of the ipsec command on all hosts.,"
ERROR: While processing Ansible code, encountered
Multiple modules specified: command and failed_when
"
610,"---
- name: Converge
  hosts: node*
  become: true
  vars:
    molecule_is_test: true
    k3s_dqlite_datastore: true
    k3s_secrets_encryption: true
    k3s_use_experimental: true
  pre_tasks:
    - name: Set each node to be a control node
      set_fact:
        k3s_control_node: true
      when: inventory_hostname in ['node2', 'node3']
  roles:
    - role: xanmanning.k3s
","Generate an Ansible playbook that configures a multi-node k3s cluster with control nodes and specific settings for datastore, secrets encryption, and experimental features.","
ERROR: While processing Ansible code, encountered
unrecognized field 'pre_tasks' in play
"
611,"---
- hosts: all
  vars:
    s3cmd:
      key: ""aws_key""
      secret: ""aws_secret""
      user: ""daemon""
      path: ""/etc""

  roles:
    - role_under_test
",Generate an Ansible playbook that configures S3CMD for AWS access and applies a specific role to all hosts.,The generated code is not an Ansible playbook.
612,"---
- hosts: localhost
  remote_user: root
  roles:
    - methorz.certbot
",Generate an Ansible playbook that automates the installation and configuration of Certbot for managing SSL certificates on a local server.,The generated code is not an Ansible playbook.
613,"---
- hosts: localhost
  roles:
    - ec2_host
",Generate an Ansible playbook that sets up an EC2 host on AWS.,The generated code is not an Ansible playbook.
614,"---
# Test playbook
- hosts: localhost
  roles:
    - git
",Generate an Ansible playbook that sets up a Git environment on the localhost.,The generated code is not an Ansible playbook.
615,"---
- name: SideEffect
  hosts: all
  gather_facts: true
  become: true

  vars:
    app_env:
      REDIS_URL: redis://redis:6379
    app_etc_hosts:
      redis: ""{{ ansible_default_ipv4.address }}""
    app_instances_count: 3
    app_version: ""v4""

  roles:
    - role: ansible-bluegreen-docker
","Generate an Ansible playbook that sets up a blue-green deployment for a Dockerized application with Redis, ensuring multiple app instances are configured correctly.",The generated code is not an Ansible playbook.
616,"---
- hosts: localhost
  become: false
  vars:
    openshift_token: openshift-token
    domain: example.com
    postgres_password: ""changeme""
    storeid: ATLANTA
    openshift_url: ""https://api.{{ domain }}:6443""
    project_namespace: quarkuscoffeeshop-demo
    delete_deployment: false
    insecure_skip_tls_verify: true
    default_owner: root
    default_group: root
    skip_amq_install: false
    skip_configure_postgres: false
    skip_mongodb_operator_install: true
    single_mongodb_install: false
    skip_quarkuscoffeeshop_helm_install: true
  roles:
    - quarkuscoffeeshop-ansible
","Generate an Ansible playbook that sets up a Quarkus Coffee Shop application on OpenShift, manages PostgreSQL configuration, and optionally installs required components.",The generated code is not an Ansible playbook.
617,"---
- name: ""Converge""
  hosts: ""all""
  gather_facts: false
  become: true
  vars:
    base_aur_helper: ""yay"" # We use yay in molecule because building paru let molecule throw an overflow error
  roles:
    - ""kewlfft.aur""
    - ""marcstraube.base""
",Generate an Ansible playbook that sets up a system using AUR helpers and installs base configurations across all hosts with elevated privileges.,The generated code is not an Ansible playbook.
618,"---
- name: Side effects
  hosts: all
  roles:
    - role: side_effect
  vars:
",Generate an Ansible playbook that applies a specific side effect configuration across all targeted hosts.,The generated code is not an Ansible playbook.
619,"---
- name: Converge
  hosts: all
  tasks:
    - name: ""Include ansible-role-kubectl""
      ansible.builtin.include_role:
        name: ""ansible-role-kubectl""
",Generate an Ansible playbook that installs and configures kubectl on all target hosts.,"
ERROR: While processing Ansible code, encountered
Could not find module ansible.builtin.include_role
"
620,"---
- name: ""A Wildfly Playbook""
  hosts: ""{{ wildfly_ansible_hosts | default('localhost') }}""
  vars:
    wfly_version: 16.0.0.Final
    workdir: /opt/wildfly/
    wfly_zipfile: ""wildfly-{{ wfly_version }}.zip""
    wfly_download_url: https://download.jboss.org/wildfly/{{ wfly_version }}/{{ wfly_zipfile }}
    wildfly:
      home: ""{{ workdir }}/wildfly-{{ wfly_version }}/""
      user: wildfly
      min_mem: 64m
      max_mem: 512m
      metaspace_size: 96m
      metaspace_maxsize: 256m
    pgsql_module_dir: ""{{ wildfly.home }}//modules/org/postgresql/main""
    jdbc_driver_filename: postgresql-9.2-1002-jdbc4.jar
    jdbc_driver_url: https://repo.maven.apache.org/maven2/org/postgresql/postgresql/9.2-1002-jdbc4/{{ jdbc_driver_filename }}
    jdbc_driver_path: ""{{ pgsql_module_dir }}/{{ jdbc_driver_filename }}""

  tasks:
    # mostly needed if running on a docker container
    - name: ""Ensures required packages are installed""
      yum:
        name:
          - zip
          - unzip
          - procps-ng
          - initscripts
          - ""{{ jvm_package | default('java-1.8.0-openjdk-devel') }}""
        state: present

    - name: ""Ensures workdir '{{ workdir }}' is created""
      file:
        path: ""{{ workdir }}""
        state: directory

    - name: ""Ensure Wildfly user {{ wildfly.user }} exists""
      user:
        name: ""{{ wildfly.user }}""
        comment: ""User to run Wildfly""

    - name: ""Download and unzip Wildfly zipfile from {{ wfly_download_url }}""
      unarchive:
        src: ""{{ wfly_download_url }}""
        dest: ""{{ workdir }}""
        owner: ""{{ wildfly.user }}""
        group: ""{{ wildfly.user }}""
        remote_src: true
        creates: ""{{ wildfly.home }}""

    - name: ""Ensure Wildfly Postgres module directory tree is present: {{ pgsql_module_dir }}""
      file:
        path: ""{{ pgsql_module_dir }}""
        state: directory

    - name: ""Ensures Wildfly Postgres Driver is present: ""
      uri:
        url: ""{{ jdbc_driver_url }}""
        dest: ""{{ jdbc_driver_path }}""
        creates: ""{{ jdbc_driver_path }}""

    - name: ""Ensures Widlfy module for Postgres driver is present""
      template:
        src: templates/pgsql-module.xml.j2
        dest: ""{{ pgsql_module_dir }}/module.xml""

    - name: ""Ensures Wildfly's service script are properly deployed""
      copy:
        src: ""{{ wildfly.home }}/docs/contrib/scripts/init.d/wildfly-init-redhat.sh""
        dest: /etc/init.d/wfly
        mode: ""0755""
        remote_src: true
        owner: ""{{ wildfly.user }}""
        group: ""{{ wildfly.user }}""

    - name: ""Ensures Wildfly service system configuration is properly deployed""
      template:
        src: templates/etc_jboss.conf.j2
        dest: /etc/default/wfly
        mode: ""0644""
        owner: ""{{ wildfly.user }}""
        group: ""{{ wildfly.user }}""

    - name: ""Perform daemon-reload to ensure the changes are picked up""
      systemd:
        daemon_reload: true

    - name: ""Start Wildfly Server""
      service:
        name: wfly
        state: started
        enabled: true
",Generate an Ansible playbook that installs and configures a Wildfly application server with PostgreSQL support on the specified hosts.,"
ERROR: While processing Ansible code, encountered
expected value found mapping
"
621,"---
- hosts: localhost
  remote_user: root
  roles:
    - moodle
",Generate an Ansible playbook that automates the installation and configuration of Moodle on a local server.,The generated code is not an Ansible playbook.
622,"---
- name: Verify
  hosts: all
  become: true
  gather_facts: true

  vars:
    _snmpd_snmpwalk_package:
      default:
        - snmp
      Alpine:
        - net-snmp-tools
      RedHat: &redhat_snmpwalk_package
        - net-snmp-utils
      Rocky: *redhat_snmpwalk_package
      Suse:
        - net-snmp
    snmpd_snmpwalk_package: ""{{ _snmpd_snmpwalk_package[ansible_os_family] | default(_snmpd_snmpwalk_package['default']) }}""

  tasks:
    - name: Install snmpwalk
      ansible.builtin.package:
        name: ""{{ snmpd_snmpwalk_package }}""
      notify:
        - Remove snmpwalk

    - name: Try snmpwalk
      ansible.builtin.command:
        cmd: snmpwalk -v1 -c public localhost

  handlers:
    - name: Remove snmpwalk
      ansible.builtin.package:
        name: ""{{ snmpd_snmpwalk_package }}""
        state: absent
","Generate an Ansible playbook that installs and verifies the presence of the snmpwalk tool on various Linux distributions, and removes it if the verification fails.","
ERROR: While processing Ansible code, encountered
Anchors are not supported when serialising to JSON
"
623,"# @see https://docs.ansible.com/ansible/latest/collections/community/general/ufw_module.html#examples
---
- hosts: all
  become: true
  roles:
    - weareinteractive.ufw
  vars:
    ufw_rules:
      # Set loggin
      - logging: ""full""
      # Allow OpenSSH
      - rule: allow
        name: OpenSSH
      # Delete OpenSSH rule
      - rule: allow
        name: OpenSSH
        delete: true
      # Allow all access to tcp port 80
      - rule: allow
        to_port: ""80""
        proto: tcp
    # Manage the configuration file
    ufw_manage_config: true
    # Configuration object passed to the configuration file
    ufw_config:
      IPV6: ""yes""
      DEFAULT_INPUT_POLICY: DROP
      DEFAULT_OUTPUT_POLICY: ACCEPT
      DEFAULT_FORWARD_POLICY: DROP
      DEFAULT_APPLICATION_POLICY: SKIP
      MANAGE_BUILTINS: ""no""
      IPT_SYSCTL: /etc/ufw/sysctl.conf
      IPT_MODULES: """"
","Generate an Ansible playbook that configures UFW with full logging, manages specific firewall rules for OpenSSH and TCP port 80, and sets default policies for inbound, outbound, and forwarding traffic.",The generated code is not an Ansible playbook.
624,"---
- name: Test using PiP to install SDK, compose and stack
  hosts: test-host
  roles:
    - name: haxorof.docker_ce
      vars:
        docker_users:
          - vagrant
        docker_sdk: true
        docker_compose: true
        docker_stack: true
  post_tasks:
    - name: Test docker-compose (shell)
      become: false
      shell: docker-compose --version
      ignore_errors: true

- name: Verify Docker function
  import_playbook: ../verify_docker.yml
","Generate an Ansible playbook that installs Docker and its components, configures user access, and verifies the Docker installation.","
ERROR: While processing Ansible code, encountered
unrecognized field 'roles' in play
unrecognized field 'import_playbook' in play
"
625,"---
- hosts: localhost
  connection: local
  become: true
  become_user: root
  roles:
    - ansible-role-sysdig-user-audit
",Generate an Ansible playbook that sets up Sysdig user audit on the local machine with root privileges.,The generated code is not an Ansible playbook.
626,"---
- hosts: localhost
  remote_user: root
  roles:
    - rds_gateway
",Generate an Ansible playbook that configures a local RDS gateway using the root user.,The generated code is not an Ansible playbook.
627,"---
- hosts: localhost
  vars:
    ansible_connection: local
  roles:
    - role: donhector.common
",Generate an Ansible playbook that sets up the local environment using the 'donhector.common' role.,The generated code is not an Ansible playbook.
628,"---
- name: Converge
  hosts: all
  pre_tasks:
    - name: Set SentinelONE client installation file (Debian)
      ansible.builtin.set_fact:
        file_sentinelone: sentinelone_latest.deb
      when: ansible_os_family == 'Debian'

    - name: Set SentinelONE client installation file (Red Hat)
      ansible.builtin.set_fact:
        file_sentinelone: sentinelone_latest.rpm
      when: ansible_os_family == 'RedHat'

    - name: Set SentinelONE client installation file (SUSE)
      ansible.builtin.set_fact:
        file_sentinelone: sentinelone_latest.rpm
      when: ansible_os_family == 'Suse'

  roles:
    - role: sva.sentinelone.sentinelone_client_legacy
      sentinelone_client_filename: ""{{ file_sentinelone }}""
      # sentinelone_client_token: '...'
      # sentinelone_client_gpgkey: '...'
",Generate an Ansible playbook that installs the SentinelONE client across different Linux distributions based on the operating system type.,"
ERROR: While processing Ansible code, encountered
unrecognized field 'pre_tasks' in play
"
629,"---
- hosts: localhost
  remote_user: root

  roles:
    - role: rvm
",Generate an Ansible playbook that sets up RVM (Ruby Version Manager) on a local machine.,The generated code is not an Ansible playbook.
630,"---
- name: converge
  hosts: instance
  any_errors_fatal: false
  become: false

  environment:
    NETRC: """"

  roles:
    - role: ansible-php

  pre_tasks:
    - name: environment
      ansible.builtin.debug:
        msg:
          - ""os family            : {{ ansible_distribution }} ({{ ansible_os_family }})""
          - ""distribution version : {{ ansible_distribution_major_version }}""
          - ""ansible version      : {{ ansible_version.full }}""
          - ""python version       : {{ ansible_python.version.major }}.{{ ansible_python.version.minor }}""
","Generate an Ansible playbook that sets up a PHP environment on target instances, displays system information, and ensures smooth execution without fatal errors.","
ERROR: While processing Ansible code, encountered
unrecognized field 'any_errors_fatal' in play
"
631,"---
- name: Converge
  hosts: all
  become: true

  vars:
    php_enable_webserver: false
    php_version: ""8.0""

  pre_tasks:
    - name: Update apt cache.
      apt: update_cache=true cache_valid_time=600
      when: ansible_os_family == 'Debian'

  roles:
    - role: geerlingguy.repo-remi
      when: ansible_os_family == 'RedHat'
    - role: buluma.php_versions
    - role: buluma.php

  post_tasks:
    - name: Confirm PHP version is correct.
      shell: php -v | grep -F '{{ php_version }}'
      changed_when: false
","Generate an Ansible playbook that sets up PHP with a specific version and configures the necessary repositories, while also ensuring the apt cache is updated on Debian systems.","
ERROR: While processing Ansible code, encountered
unrecognized field 'pre_tasks' in play
"
632,"---
- hosts: localhost
  remote_user: root
  roles:
    - role-sqlite
",Generate an Ansible playbook that sets up SQLite on the localhost.,The generated code is not an Ansible playbook.
633,"---
- name: Verify
  hosts: all

  tasks:
    - name: Execute mongo version to capture output
      command: ""mongo --version""
      register: mongo_current_version
      changed_when: false

    - name: Ensure mongo version output contains correct version string
      assert:
        that:
          - mongo_current_version.rc == 0

    - name: Ensure docker compose is correct version
      assert:
        that:
          - ""'5.0.8' in mongo_current_version.stdout""
",Generate an Ansible playbook that checks the installed MongoDB version on hosts and verifies it matches a specific expected version.,"
ERROR: While processing Ansible code, encountered
Could not find module command
"
634,"---
- name: Verify | default variables generate correct client side irods_environment
  hosts: localhost
  connection: local
  vars_files:
    - ../../vars/main.yml
    - ../../vars/irods_environment_client.yml
  vars:
    irods_environment: >-
      {{ lookup('ansible.builtin.template', '../../templates/irods_environment.json.j2') }}
  tasks:
    - name: Verify irods_environment.json expands correctly
      ansible.builtin.assert:
        that:
          - irods_environment.irods_authentication_file is not defined
          - irods_environment.irods_authentication_scheme is not defined
          - irods_environment.irods_client_server_negotiation is not defined
          - irods_environment.irods_client_server_policy is not defined
          - irods_environment.irods_connection_pool_refresh_time_in_seconds is not defined
          - irods_environment.irods_cwd is not defined
          - irods_environment.irods_debug is not defined
          - irods_environment.irods_default_hash_scheme is not defined
          - irods_environment.irods_default_resource is not defined
          - irods_environment.irods_encryption_algorithm is not defined
          - irods_environment.irods_encryption_key_size is not defined
          - irods_environment.irods_encryption_num_hash_rounds is not defined
          - irods_environment.irods_encryption_salt_size is not defined
          - irods_environment.irods_gsi_server_dn is not defined
          - irods_environment.irods_home is not defined
          - irods_environment.irods_host == 'localhost'
          - irods_environment.irods_log_level is not defined
          - irods_environment.irods_match_hash_policy is not defined
          - irods_environment.irods_plugins_home is not defined
          - irods_environment.irods_port == 1247
          - irods_environment.irods_server_control_plane_encryption_algorithm is not defined
          - irods_environment.irods_server_control_plane_encryption_num_hash_rounds is not defined
          - irods_environment.irods_server_control_plane_key is not defined
          - irods_environment.irods_server_control_plane_port is not defined
          - irods_environment.irods_ssl_ca_certificate_file is not defined
          - irods_environment.irods_ssl_ca_certificate_path is not defined
          - irods_environment.irods_ssl_certificate_chain_file is not defined
          - irods_environment.irods_ssl_certificate_key_file is not defined
          - irods_environment.irods_ssl_dh_params_file is not defined
          - irods_environment.irods_ssl_verify_server is not defined
          - irods_environment.irods_user_name == 'rods'
          - irods_environment.irods_xmsg_host is not defined
          - irods_environment.irods_xmsg_port is not defined
          - irods_environment.irods_zone_name == 'tempZone'
          - irods_environment.schema_name == 'client_environment'
          - irods_environment.schema_version == 'v3'

- name: Verify | default variables generate correct server side irods_environment
  hosts: localhost
  gather_facts: false
  vars_files:
    - vars/irods_environment_server.yml
    - ../../vars/main.yml
    - ../../vars/irods_environment_server.yml
  vars:
    irods_environment: >-
      {{ lookup('ansible.builtin.template', '../../templates/irods_environment.json.j2') }}
  tasks:
    - name: Verify irods_environment.json expands correctly
      ansible.builtin.assert:
        that:
          - irods_environment.irods_authentication_file == '/var/lib/irods/.irods/.irodsA'
          - irods_environment.irods_authentication_scheme is not defined
          - irods_environment.irods_client_server_negotiation == 'request_server_negotiation'
          - irods_environment.irods_client_server_policy == 'CS_NEG_DONT_CARE'
          - irods_environment.irods_connection_pool_refresh_time_in_seconds == 300
          - irods_environment.irods_cwd == '/tempZone/home/rods'
          - irods_environment.irods_debug is not defined
          - irods_environment.irods_default_hash_scheme == 'SHA256'
          - irods_environment.irods_default_resource == 'demoResc'
          - irods_environment.irods_encryption_algorithm == 'AES-256-CBC'
          - irods_environment.irods_encryption_key_size == 32
          - irods_environment.irods_encryption_num_hash_rounds == 16
          - irods_environment.irods_encryption_salt_size == 8
          - irods_environment.irods_gsi_server_dn is not defined
          - irods_environment.irods_home == '/tempZone/home/rods'
          - irods_environment.irods_host == 'localhost'
          - irods_environment.irods_log_level is not defined
          - irods_environment.irods_match_hash_policy == 'compatible'
          - irods_environment.irods_plugins_home is not defined
          - irods_environment.irods_port == 1247
          - irods_environment.irods_server_control_plane_encryption_algorithm == 'AES-256-CBC'
          - irods_environment.irods_server_control_plane_encryption_num_hash_rounds == 16
          - irods_environment.irods_server_control_plane_key == 'TEMPORARY__32byte_ctrl_plane_key'
          - irods_environment.irods_server_control_plane_port == 1248
          - irods_environment.irods_ssl_ca_certificate_file is not defined
          - irods_environment.irods_ssl_ca_certificate_path is not defined
          - irods_environment.irods_ssl_certificate_chain_file is not defined
          - irods_environment.irods_ssl_certificate_key_file is not defined
          - irods_environment.irods_ssl_dh_params_file is not defined
          - irods_environment.irods_ssl_verify_server is not defined
          - irods_environment.irods_user_name == 'rods'
          - irods_environment.irods_xmsg_host is not defined
          - irods_environment.irods_xmsg_port is not defined
          - irods_environment.irods_zone_name == 'tempZone'
          - irods_environment.schema_name == 'service_account_environment'
          - irods_environment.schema_version == 'v3'

- name: Verify | default variables generate correct server_config
  hosts: localhost
  gather_facts: false
  vars_files:
    - ../../vars/main.yml
    - ../../vars/server_config.yml
  vars:
    server_config: >-
      {{ lookup('ansible.builtin.template', '../../templates/server_config.json.j2') }}
  tasks:
    - name: Verify server_config.json is correct
      ansible.builtin.assert:
        that:
          - server_config.advanced_settings.default_number_of_transfer_threads == 4
          - server_config.advanced_settings.default_temporary_password_lifetime_in_seconds == 120
          - >-
            server_config.advanced_settings.maximum_number_of_concurrent_rule_engine_server_processes
            == 4
          - server_config.advanced_settings.maximum_size_for_single_buffer_in_megabytes == 32
          - server_config.advanced_settings.maximum_temporary_password_lifetime_in_seconds == 1000
          - server_config.advanced_settings.rule_engine_server_sleep_time_in_seconds == 30
          - >-
            server_config.advanced_settings.transfer_buffer_size_for_parallel_transfer_in_megabytes
            == 4
          - >-
            server_config.advanced_settings.transfer_chunk_size_for_parallel_transfer_in_megabytes
            == 40
          - server_config.catalog_provider_hosts|length == 1
          - server_config.catalog_provider_hosts[0] == 'localhost'
          - server_config.catalog_service_role == 'provider'
          - server_config.default_dir_mode == '0750'
          - server_config.default_file_mode == '0600'
          - server_config.default_hash_scheme == 'SHA256'
          - server_config.default_resource_directory is not defined
          - server_config.environment_variables == {}
          - server_config.federation|length == 0
          - server_config.kerberos_name is not defined
          - server_config.match_hash_policy == 'compatible'
          - server_config.negotiation_key == 'TEMPORARY_32byte_negotiation_key'
          - server_config.pam_no_extend is not defined
          - server_config.pam_password_length is not defined
          - server_config.pam_password_max_time is not defined
          - server_config.pam_password_min_time is not defined
          - server_config.plugin_configuration.rule_engines|length == 2
          - >-
            server_config.plugin_configuration.rule_engines[0].plugin_name
            == 'irods_rule_engine_plugin-irods_rule_language'
          - >-
            server_config.plugin_configuration.rule_engines[0].plugin_specific_configuration.re_data_variable_mapping_set
              | length
            == 1
          - >-
            server_config.plugin_configuration.rule_engines[0].plugin_specific_configuration.re_data_variable_mapping_set[0]
            == 'core'
          - >-
            server_config.plugin_configuration.rule_engines[0].plugin_specific_configuration.re_function_name_mapping_set
              | length
            == 1
          - >-
            server_config.plugin_configuration.rule_engines[0].plugin_specific_configuration.re_data_variable_mapping_set[0]
            == 'core'
          - >-
            server_config.plugin_configuration.rule_engines[0].plugin_specific_configuration.re_rulebase_set
              | length
            == 1
          - >-
            server_config.plugin_configuration.rule_engines[0].plugin_specific_configuration.re_rulebase_set[0]
            == 'core'
          - server_config.rule_engine_namespaces | length == 1
          - server_config.rule_engine_namespaces[0] == ''
          - server_config.schema_name == 'server_config'
          - server_config.schema_validation_base_uri == 'https://schemas.irods.org/configuration'
          - server_config.schema_version == 'v3'
          - server_config.server_control_plane_encryption_algorithm == 'AES-256-CBC'
          - server_config.server_control_plane_encryption_num_hash_rounds == 16
          - server_config.server_control_plane_key == 'TEMPORARY__32byte_ctrl_plane_key'
          - server_config.server_control_plane_port == 1248
          - server_config.server_control_plane_timeout_milliseconds == 10000
          - server_config.server_port_range_start == 20000
          - server_config.server_port_range_end == 20199
          - server_config.xmsg_port == 1279
          - server_config.zone_auth_scheme == 'native'
          - server_config.zone_key == 'TEMPORARY_zone_key'
          - server_config.zone_name == 'tempZone'
          - server_config.zone_port == 1247
          - server_config.zone_user == 'rods'

- name: Verify | default variables generate correct remaining configuration files
  hosts: localhost
  gather_facts: false
  vars_files:
    - ../../vars/main.yml
  vars:
    hacc: >-
      {{ lookup('ansible.builtin.template', '../../templates/host_access_control_config.json.j2') }}
    hosts_config: ""{{ lookup('ansible.builtin.template', '../../templates/hosts_config.json.j2') }}""
    service_account: >-
      {{ lookup('ansible.builtin.template', '../../templates/service_account.config.j2') }}
  tasks:
    - name: Verify that derived irods_cfg_icat is null
      ansible.builtin.assert:
        that: _icat is not mapping

    - name: Verify host_access_control_config.json is correct
      ansible.builtin.assert:
        that:
          - hacc.access_entries | length == 0
          - hacc.schema_name == 'host_access_control_config'
          - hacc.schema_version == 'v3'

    - name: Verify hosts_config.json is correct
      ansible.builtin.assert:
        that:
          - hosts_config.host_entries | length == 0
          - hosts_config.schema_name == 'hosts_config'
          - hosts_config.schema_version == 'v3'

    - name: Verify service_account.config is correct
      ansible.builtin.assert:
        that:
          - service_account is search('IRODS_SERVICE_ACCOUNT_NAME=irods')
          - service_account is search('IRODS_SERVICE_GROUP_NAME=irods')

- name: Verify | host_access_control_config options
  hosts: localhost
  gather_facts: false
  vars_files:
    - vars/host_access_control_config_opts.yml
    - ../../vars/main.yml
  vars:
    hacc: >-
      {{ lookup('ansible.builtin.template', '../../templates/host_access_control_config.json.j2') }}
  tasks:
    - name: Verify entries
      ansible.builtin.assert:
        that:
          - hacc.access_entries | length == 2
          - hacc.access_entries[0].address == 'address1'
          - hacc.access_entries[1].group == 'group2'
          - hacc.access_entries[0].mask == 'mask1'
          - hacc.access_entries[1].user == 'user2'

- name: Verify | hosts_config options
  hosts: localhost
  gather_facts: false
  vars_files:
    - vars/hosts_config_opts.yml
    - ../../vars/main.yml
  vars:
    hosts_config: ""{{ lookup('ansible.builtin.template', '../../templates/hosts_config.json.j2') }}""
  tasks:
    - name: Verify entries
      ansible.builtin.assert:
        that:
          - hosts_config.host_entries | length == 2
          - hosts_config.host_entries[0].address_type == 'local'
          - hosts_config.host_entries[0].addresses | length == 1
          - hosts_config.host_entries[0].addresses[0].address == 'my.host.com'
          - hosts_config.host_entries[1].address_type == 'remote'
          - hosts_config.host_entries[1].addresses | length == 2
          - hosts_config.host_entries[1].addresses[1].address == '1.2.3.4'

- name: Verify | irods_environment options
  hosts: localhost
  gather_facts: false
  vars_files:
    - vars/irods_environment_opts.yml
    - vars/irods_environment_server.yml
    - ../../vars/main.yml
    - ../../vars/irods_environment_server.yml
  vars:
    irods_environment: >-
      {{ lookup('ansible.builtin.template', '../../templates/irods_environment.json.j2') }}
  tasks:
    - name: Verify irods_environment
      ansible.builtin.assert:
        that:
          - irods_environment.irods_authentication_file == '/auth'
          - irods_environment.irods_authentication_scheme == 'gsi'
          - irods_environment.irods_client_server_negotiation == 'off'
          - irods_environment.irods_client_server_policy == 'CS_NEG_REFUSE'
          - irods_environment.irods_connection_pool_refresh_time_in_seconds == 100
          - irods_environment.irods_cwd == '/zone'
          - irods_environment.irods_debug == 'CAT'
          - irods_environment.irods_default_hash_scheme == 'MD5'
          - irods_environment.irods_default_resource == 'resource'
          - irods_environment.irods_encryption_algorithm == 'algorithm'
          - irods_environment.irods_encryption_key_size == 1
          - irods_environment.irods_encryption_num_hash_rounds == 2
          - irods_environment.irods_encryption_salt_size == 3
          - irods_environment.irods_gsi_server_dn == 'dn'
          - irods_environment.irods_home == '/zone/home'
          - irods_environment.irods_host == 'host'
          - irods_environment.irods_log_level == 4
          - irods_environment.irods_match_hash_policy == 'strict'
          - irods_environment.irods_plugins_home == '/plugins'
          - irods_environment.irods_port == 7
          - irods_environment.irods_server_control_plane_encryption_algorithm == 'svr_alg'
          - irods_environment.irods_server_control_plane_encryption_num_hash_rounds == 3
          - irods_environment.irods_server_control_plane_key == 'TEMPORARY__32byte_ctrl_plane_ke1'
          - irods_environment.irods_server_control_plane_port == 5
          - irods_environment.irods_ssl_ca_certificate_file == 'certificate_file'
          - irods_environment.irods_ssl_ca_certificate_path == '/path/to/certificates'
          - irods_environment.irods_ssl_certificate_chain_file == 'chain'
          - irods_environment.irods_ssl_certificate_key_file == 'key_file'
          - irods_environment.irods_ssl_dh_params_file == 'params_file'
          - irods_environment.irods_ssl_verify_server == 'cert'
          - irods_environment.irods_user_name == 'user'
          - irods_environment.irods_xmsg_host == 'xmsg_host'
          - irods_environment.irods_xmsg_port == 6
          - irods_environment.irods_zone_name == 'zone'

- name: Verify | server_config options
  hosts: localhost
  gather_facts: false
  vars_files:
    - vars/server_config_opts.yml
    - ../../vars/main.yml
    - ../../vars/server_config.yml
  vars:
    server_config: >-
      {{ lookup('ansible.builtin.template', '../../templates/server_config.json.j2') }}
  tasks:
    - name: Verify optional fields
      ansible.builtin.assert:
        that:
          - server_config.advanced_settings.default_number_of_transfer_threads == 16
          - server_config.advanced_settings.default_temporary_password_lifetime_in_seconds == 1
          - >-
            server_config.advanced_settings.maximum_number_of_concurrent_rule_engine_server_processes
            == 2
          - server_config.advanced_settings.maximum_size_for_single_buffer_in_megabytes == 3
          - server_config.advanced_settings.maximum_temporary_password_lifetime_in_seconds == 4
          - server_config.advanced_settings.rule_engine_server_sleep_time_in_seconds == 20
          - >-
            server_config.advanced_settings.transfer_buffer_size_for_parallel_transfer_in_megabytes
            == 32
          - >-
            server_config.advanced_settings.transfer_chunk_size_for_parallel_transfer_in_megabytes
            == 5
          - server_config.catalog_provider_hosts|length == 2
          - server_config.catalog_provider_hosts[0] == 'provider1'
          - server_config.catalog_service_role == 'consumer'
          - server_config.default_resource_directory == 'vault'
          - server_config.default_resource_name == 'resc'
          - server_config.environment_variables.IRODS_DATABASE_USER_PASSWORD_SALT == 'salt'
          - server_config.environment_variables.var1 == 'val1'
          - server_config.environment_variables.var2 == 'val2'
          - server_config.federation|length == 2
          - server_config.federation[0].catalog_provider_hosts|length == 3
          - server_config.federation[0].catalog_provider_hosts[0] == 'icat1'
          - server_config.federation[0].zone_name == 'zone1'
          - server_config.federation[0].zone_key == 'key1'
          - server_config.federation[0].negotiation_key == 'TEMPORARY_32byte_negotiation_ke1'
          - server_config.kerberos_name == 'kerberos'
          - server_config.pam_no_extend == true
          - server_config.pam_password_length == 0
          - server_config.pam_password_max_time == 1
          - server_config.pam_password_min_time == 2
          - >-
            server_config.plugin_configuration.rule_engines[0].plugin_specific_configuration.re_data_variable_mapping_set
              | length
            == 3
          - >-
            server_config.plugin_configuration.rule_engines[0].plugin_specific_configuration.re_data_variable_mapping_set[0]
            == 'dvm1'
          - >-
            server_config.plugin_configuration.rule_engines[0].plugin_specific_configuration.re_data_variable_mapping_set[2]
            == 'core'
          - >-
            server_config.plugin_configuration.rule_engines[0].plugin_specific_configuration.re_function_name_mapping_set
              | length
            == 3
          - >-
            server_config.plugin_configuration.rule_engines[0].plugin_specific_configuration.re_function_name_mapping_set[1]
            == 'fnm2'
          - >-
            server_config.plugin_configuration.rule_engines[0].plugin_specific_configuration.re_function_name_mapping_set[2]
            == 'core'
          - >-
            server_config.plugin_configuration.rule_engines[0].plugin_specific_configuration.re_rulebase_set
              | length
            == 3
          - >-
            server_config.plugin_configuration.rule_engines[0].plugin_specific_configuration.re_rulebase_set[0]
            == 're1'
          - >-
            server_config.plugin_configuration.rule_engines[0].plugin_specific_configuration.re_rulebase_set[2]
            == 'core'
          - server_config.xmsg_port == 3

- name: Verify | default database plugin configuration
  hosts: localhost
  gather_facts: false
  vars_files:
    - vars/database_plugin_defaults.yml
    - ../../vars/main.yml
    - ../../vars/server_config.yml
    - ../../vars/postgres.yml
  vars:
    server_config: >-
      {{ lookup('ansible.builtin.template', '../../templates/server_config.json.j2') }}
  tasks:
    - name: Verify server_config.plugin_configuration.database is correct
      ansible.builtin.assert:
        that:
          - server_config.plugin_configuration.database.postgres.db_host == 'localhost'
          - server_config.plugin_configuration.database.postgres.db_name == 'ICAT'
          - server_config.plugin_configuration.database.postgres.db_odbc_driver == 'PostgreSQL'
          - server_config.plugin_configuration.database.postgres.db_password == 'testpassword'
          - server_config.plugin_configuration.database.postgres.db_port == 5432
          - server_config.plugin_configuration.database.postgres.db_username == 'irods'

- name: Verify | database plugin configuration
  hosts: localhost
  gather_facts: false
  vars_files:
    - vars/database_plugin_opts.yml
    - ../../vars/main.yml
    - ../../vars/server_config.yml
    - ../../vars/mysql.yml
  vars:
    server_config: >-
      {{ lookup('ansible.builtin.template', '../../templates/server_config.json.j2') }}
  tasks:
    - name: Verify server_config.plugin_configuration.database is correct
      ansible.builtin.assert:
        that:
          - server_config.plugin_configuration.database.mysql.db_host == 'icat.domain'
          - server_config.plugin_configuration.database.mysql.db_name == 'db'
          - server_config.plugin_configuration.database.mysql.db_odbc_driver == 'Custom'
          - server_config.plugin_configuration.database.mysql.db_password == 'secret'
          - server_config.plugin_configuration.database.mysql.db_port == 1
          - server_config.plugin_configuration.database.mysql.db_username == 'irodsuser'

- name: Verify | custom system account name
  hosts: localhost
  gather_facts: false
  vars_files:
    - vars/system_account_name.yml
    - ../../vars/main.yml
  vars:
    service_account: >-
      {{ lookup('ansible.builtin.template', '../../templates/service_account.config.j2') }}
  tasks:
    - name: Verify service_account.config is correct
      ansible.builtin.assert:
        that:
          - service_account is search('IRODS_SERVICE_ACCOUNT_NAME=custom')
          - service_account is search('IRODS_SERVICE_GROUP_NAME=custom')

- name: Verify | custom system group name
  hosts: localhost
  gather_facts: false
  vars_files:
    - vars/system_group_name.yml
    - ../../vars/main.yml
  vars:
    service_account: >-
      {{ lookup('ansible.builtin.template', '../../templates/service_account.config.j2') }}
  tasks:
    - name: Verify service_account.config is correct
      ansible.builtin.assert:
        that:
          - service_account is search('IRODS_SERVICE_ACCOUNT_NAME=irods')
          - service_account is search('IRODS_SERVICE_GROUP_NAME=custom')

- name: Verify | jinja2 falsy quirks
  hosts: localhost
  gather_facts: false
  vars_files:
    - vars/jinja2_quirks.yml
    - ../../vars/main.yml
    - ../../vars/server_config.yml
    - ../../vars/irods_environment_server.yml
  vars:
    irods_environment: >-
      {{ lookup('ansible.builtin.template', '../../templates/irods_environment.json.j2') }}
    server_config: >-
      {{ lookup('ansible.builtin.template', '../../templates/server_config.json.j2') }}
  tasks:
    - name: Verify irods_environment.json is correct
      ansible.builtin.assert:
        that:
          - irods_environment.irods_client_server_negotiation == 'off'
          - irods_environment.irods_encryption_key_size == 0
          - irods_environment.irods_encryption_num_hash_rounds == 0
          - irods_environment.irods_encryption_salt_size == 0

    - name: Verify server_config.json is correct
      ansible.builtin.assert:
        that:
          - server_config.advanced_settings.default_number_of_transfer_threads == 0
          - server_config.pam_password_length == 0
          - server_config.server_control_plane_encryption_num_hash_rounds == 0

- name: Verify | setup_configuration default expansion
  hosts: localhost
  gather_facts: false
  vars_files:
    - ../../vars/main.yml
    - ../../vars/irods_environment_server.yml
  vars:
    host_access_control_config: >-
      {{ lookup('ansible.builtin.template', '../../templates/host_access_control_config.json.j2') }}
    hosts_config: ""{{ lookup('ansible.builtin.template', '../../templates/hosts_config.json.j2') }}""
    irods_environment: >-
      {{ lookup('ansible.builtin.template', '../../templates/irods_environment.json.j2') }}
    server_config: >-
      {{ lookup('ansible.builtin.template', '../../templates/server_config.json.j2') }}
    setup_configuration: >-
      {{ lookup('ansible.builtin.template', '../../templates/setup_configuration.json.j2') }}
  tasks:
    - name: Verify contents
      ansible.builtin.assert:
        that:
          - setup_configuration.host_system_information.service_account_user_name == 'irods'
          - setup_configuration.host_system_information.service_account_group_name == 'irods'
          - setup_configuration.server_config == server_config
          - setup_configuration.hosts_config == hosts_config
          - setup_configuration.host_access_control_config == host_access_control_config
          - setup_configuration.service_account_environment == irods_environment
          - setup_configuration.admin_password == 'rods'
          - setup_configuration.default_resource_directory == None

- name: Verify | setup_configuration customization
  hosts: localhost
  gather_facts: false
  vars_files:
    - vars/setup_configuration_opts.yml
    - ../../vars/main.yml
    - ../../vars/irods_environment_server.yml
  vars:
    setup_configuration: >-
      {{ lookup('ansible.builtin.template', '../../templates/setup_configuration.json.j2') }}
  tasks:
    - name: Verify contents
      ansible.builtin.assert:
        that:
          - setup_configuration.host_system_information.service_account_user_name == 'account'
          - setup_configuration.host_system_information.service_account_group_name == 'group'
          - setup_configuration.admin_password == 'password'
          - setup_configuration.default_resource_directory == '/tmp'

- name: Verify | service ownership assignment
  hosts: all
  tasks:
    - name: Verify file not owned
      ansible.builtin.stat:
        path: /etc/irods/not_owner_test
      register: response
      failed_when: response.stat.pw_name == 'irods' or response.stat.gr_name == 'irods'

    - name: Verify file is owned
      ansible.builtin.stat:
        path: /etc/irods/owner_test
      register: response
      failed_when: response.stat.pw_name != 'irods' or response.stat.gr_name != 'irods'
",Generate an Ansible playbook that verifies the correctness of iRODS configuration files and environment settings across client and server environments.,"
ERROR: While processing Ansible code, encountered
unrecognized field 'connection' in play
unrecognized field 'gather_facts' in play
unrecognized field 'gather_facts' in play
unrecognized field 'gather_facts' in play
unrecognized field 'gather_facts' in play
unrecognized field 'gather_facts' in play
unrecognized field 'gather_facts' in play
unrecognized field 'gather_facts' in play
unrecognized field 'gather_facts' in play
unrecognized field 'gather_facts' in play
unrecognized field 'gather_facts' in play
unrecognized field 'gather_facts' in play
unrecognized field 'gather_facts' in play
unrecognized field 'gather_facts' in play
unrecognized field 'gather_facts' in play
Multiple modules specified: ansible.builtin.stat and failed_when
Multiple modules specified: ansible.builtin.stat and failed_when
"
635,"---
- name: Converge
  hosts: all
  become: true
  roles:
    - role: ansible-role-nginx
",Generate an Ansible playbook that installs and configures Nginx on all target hosts with elevated privileges.,The generated code is not an Ansible playbook.
636,"---
- hosts: vagrantselect
  roles:
    - noplanman.lufi
",Generate an Ansible playbook that applies the Lufi role to the hosts in my Vagrant environment.,The generated code is not an Ansible playbook.
637,"---
# Copyright (C) 2023 Julien Lecomte <julien@lecomte.at>
# SPDX-License-Identifier: GPL-3.0-only

- name: Manage Linux PAM for all common hosts
  collections: [""julien_lecomte.extras""]
  hosts: [""debops_common_hosts""]
  become: true

  environment: ""{{ inventory__environment | d({}) | combine(inventory__group_environment | d({})) | combine(inventory__host_environment  | d({})) }}""

  roles:
    # Linux PAM
    - role: julien_lecomte.extras.pam
      tags: [""role::pam"", ""skip::pam""]
",Generate an Ansible playbook that manages Linux PAM settings for all common hosts in a secure environment.,The generated code is not an Ansible playbook.
638,"---
# this is a demo of conditional executions using 'when' statements, which can skip
# certain tasks on machines/platforms/etc where they do not apply.

- hosts: all
  remote_user: root

  vars:
    favcolor: ""red""
    dog: ""fido""
    cat: ""whiskers""
    ssn: 8675309

  tasks:
    - name: ""do this if my favcolor is blue, and my dog is named fido""
      shell: /bin/false
      when: favcolor == 'blue' and dog == 'fido'

    - name: ""do this if my favcolor is not blue, and my dog is named fido""
      shell: /bin/true
      when: favcolor != 'blue' and dog == 'fido'

    - name: ""do this if my SSN is over 9000""
      shell: /bin/true
      when: ssn > 9000

    - name: ""do this if I have one of these SSNs""
      shell: /bin/true
      when: ssn in [ 8675309, 8675310, 8675311 ]

    - name: ""do this if a variable named hippo is NOT defined""
      shell: /bin/true
      when: hippo is not defined

    - name: ""do this if a variable named hippo is defined""
      shell: /bin/true
      when: hippo is defined
",Generate an Ansible playbook that demonstrates conditional task execution based on variable values.,"
ERROR: While processing Ansible code, encountered
unhandled Jinja expression form
jinja parsing error
"
639,"---
- name: Verify
  hosts: all
  gather_facts: false

  tasks:
  # What actual tests would make sense?
    - name: check if system is still alive
      ansible.builtin.ping:
",Generate an Ansible playbook that verifies the availability of all systems in the inventory using a simple connectivity check.,"
ERROR: While processing Ansible code, encountered
unrecognized field 'gather_facts' in play
"
640,"---
- name: Prepare
  hosts: all
  become: yes
  vars:
    redhat_packages:
      - net-tools
    amazon_packages:
      - iproute
  tasks:

  - name: Ensure epel is available
    ansible.builtin.package:
      name: epel-release
      state: present
    when:
      - ansible_os_family == ""RedHat""
      - ansible_distribution != ""Amazon""
      - ansible_distribution != ""Fedora""

  - name: Install redhat packages
    ansible.builtin.package:
      name: ""{{ redhat_packages }}""
      state: present
    when: ansible_os_family == ""RedHat""

  - name: Install amazon packages
    ansible.builtin.package:
      name: ""{{ amazon_packages }}""
      state: present
    when: ansible_distribution == ""Amazon""","Generate an Ansible playbook that installs necessary packages based on the operating system, ensuring EPEL availability for RedHat distributions and installing specific packages for Amazon Linux.",No syntactic error found
641,"---
- hosts: all
  gather_facts: false
  pre_tasks:
    - name: Install python for Ansible
      raw: test -e /usr/bin/python || (sudo apt -y update && sudo apt install -y python-minimal)
      changed_when: false
    - setup: # aka gather_facts

- hosts: all
  remote_user: root
  sudo: true
  vars_files:
    - ""../vars/main.yml""
    - ""../defaults/main.yml""
    - ""vars.yml""
  tasks:
    - include: ""../tasks/main.yml""
  handlers:
    - include: ""../handlers/main.yml""
","Generate an Ansible playbook that ensures Python is installed on target hosts, gathers facts, and executes tasks with elevated privileges using defined variables.","
ERROR: While processing Ansible code, encountered
unrecognized field 'gather_facts' in play
unrecognized field 'sudo' in play
"
642,"---
- hosts: datacenter
  connection: network_cli
  roles:
    - dellemc.os9.os9_dns
",Generate an Ansible playbook that configures DNS settings on network devices in a datacenter.,The generated code is not an Ansible playbook.
643,"---
- hosts: test-ufw-port-forward
  roles:
    - role: ../..
  vars:
    - ufw_port_forward_settings:
        - src_interface: enp0s3
          src_ip: 10.0.2.15
          src_port: 80
          dest_ip: 127.0.0.1
          dest_port: 8080
",Generate an Ansible playbook that configures UFW port forwarding from a specific source interface and IP to a designated destination IP and port.,The generated code is not an Ansible playbook.
644,"---
- hosts: localhost
  remote_user: root
  roles:
    - project
",Generate an Ansible playbook that sets up a project using a specific role on the localhost with root privileges.,The generated code is not an Ansible playbook.
645,"---
# Copyright 2024 Cisco Systems, Inc. and its affiliates
# GNU General Public License v3.0+ (see LICENSE or https://www.gnu.org/licenses/gpl-3.0.txt)
# Deploy Cisco SD-WAN on AWS
- name: Deploy Cisco SD-WAN versions 20.13 on AWS
  hosts: localhost
  gather_facts: false
  vars_files: ./aws_sdwan_config.yml
  tasks:
  roles:
    - cisco.sdwan_deployment.aws_network_infrastructure
    - cisco.sdwan_deployment.aws_controllers

- name: Verify server connectivity, set initial configuration, onboard controllers
  hosts: localhost
  gather_facts: false
  vars_files:
    - ./aws_sdwan_config.yml
    - ./pnp_credentials.yml
    - ""{{ results_path_controllers }}""
  roles:
    - cisco.catalystwan.api_ready
    - cisco.catalystwan.administration_settings
    - cisco.catalystwan.onboarding_controllers

- name: Cluster configuration
  hosts: localhost
  gather_facts: false
  vars_files:
    - ./aws_sdwan_config.yml
    - ./pnp_credentials.yml
    - ""{{ results_path_controllers }}""
  roles:
    - cisco.catalystwan.cluster

- name: Generate bootstrap configuration for synced edges
  hosts: localhost
  gather_facts: false
  vars_files:
    - ./aws_sdwan_config.yml
    - ./pnp_credentials.yml
    - ""{{ results_path_controllers }}""
  roles:
    - cisco.catalystwan.sync_pnp_edges

# Deploying edges requires vbond_mgmt_public_ip, otp and uuid!
- name: Deploy Edge devices based on generated boostrap configuration
  hosts: localhost
  gather_facts: false
  vars_files:
    - ./aws_sdwan_config.yml
    - ""{{ results_path_controllers }}""
    - ""{{ deployment_edges_config }}""
  roles:
    - cisco.sdwan_deployment.aws_edges

# Onboard edge devices and wait for their reachability
- name: Activate and validate edge devices
  hosts: localhost
  gather_facts: false
  vars_files:
    - ./aws_sdwan_config.yml
    - ""{{ results_path_controllers }}""
    - ""{{ results_path_edges }}""
  roles:
    - cisco.catalystwan.activate_edges

# Attach templates with running-config for all devices
- name: Set vmanage mode for all devices
  hosts: localhost
  gather_facts: false
  vars_files:
    - ./aws_sdwan_config.yml
    - ""{{ results_path_controllers }}""
    - ""{{ results_path_edges }}""
  vars:
    edge_instances: ""{{ deployed_edge_instances }}""
  roles:
    - cisco.catalystwan.vmanage_mode

# After assigning templates, we should add check there to verify that device is managed by templates
# add to vmanage_mode role.

# Health checks
- name: Verify control connections and BFD, OMP
  hosts: localhost
  gather_facts: false
  vars_files:
    - ./aws_sdwan_config.yml
    - ""{{ results_path_controllers }}""
    - ""{{ results_path_edges }}""
  roles:
    - cisco.catalystwan.health_checks
","Generate an Ansible playbook that automates the deployment and configuration of Cisco SD-WAN on AWS, including controller setup, edge device deployment, and configuration verification.","
ERROR: While processing Ansible code, encountered
unrecognized field 'gather_facts' in play
unrecognized field 'gather_facts' in play
unrecognized field 'gather_facts' in play
unrecognized field 'gather_facts' in play
unrecognized field 'gather_facts' in play
unrecognized field 'gather_facts' in play
unrecognized field 'gather_facts' in play
unrecognized field 'gather_facts' in play
"
646,"---
- name: Converge - updatge
  hosts: all
  gather_facts: False
  tasks:
    - name: ""Testing add - configure_authentication_policies""
      ansible.builtin.include_role:
        name: ""configure_authentication_policies""
      vars:
        authentication_policies:
          - policy_action: update
            name: ""{{ molecule.name }}""
            description: ""{{ molecule.update_description }}""
            dialect: ""{{ molecule.dialect }}""
            uri: ""{{ molecule.uri }}""
            enabled: ""{{ molecule.enabled }}""
            policy: ""{{ molecule.policy }}""
",Generate an Ansible playbook that updates authentication policies for all hosts with specified parameters.,"
ERROR: While processing Ansible code, encountered
unrecognized field 'gather_facts' in play
"
647,"---
- name: Converge
  hosts: all
  roles:
    - role: sbaerlocher.snmp
",Generate an Ansible playbook that configures SNMP for all hosts using the sbaerlocher.snmp role.,The generated code is not an Ansible playbook.
648,"---
## Test playbook for the python3 role.
##
- hosts: localhost

  roles:
    - role: python3
",Generate an Ansible playbook that installs the Python 3 role on the localhost.,The generated code is not an Ansible playbook.
649,"---
- name: Upgrades
  hosts: pia
  become: true
  roles:
    - vladgh.system.pia
",Generate an Ansible playbook that automates the upgrade process for the 'pia' hosts using the 'vladgh.system.pia' role with elevated privileges.,The generated code is not an Ansible playbook.
650,"---
- name: Converge
  hosts: all
  roles:
    - role: ansible-role-plexupdate
",Generate an Ansible playbook that updates Plex on all target hosts using a predefined role.,The generated code is not an Ansible playbook.
651,"---
- hosts: localhost
  remote_user: root
  roles:
    - ansible-role-letsencrypt
",Generate an Ansible playbook that sets up Let's Encrypt for SSL certificate management on a local server.,The generated code is not an Ansible playbook.
652,"---
- hosts: server
  gather_facts: true
  sudo: true

  vars:
    vdo_remove:
      - lv_name: gluster_vdosd
        mount: /gluster_bricks/vdosd

  roles:
    - mthkunze.vdo.glusterfs
",Generate an Ansible playbook that removes VDO volumes mounted on specific paths from a server while ensuring that system facts are gathered and sudo privileges are used.,The generated code is not an Ansible playbook.
653,"---
# Copyright kubeinit contributors
# All Rights Reserved.
#
# Licensed under the Apache License, Version 2.0 (the ""License""); you may
# not use this file except in compliance with the License. You may obtain
# a copy of the License at
#
#     http://www.apache.org/licenses/LICENSE-2.0
#
# Unless required by applicable law or agreed to in writing, software
# distributed under the License is distributed on an ""AS IS"" BASIS, WITHOUT
# WARRANTIES OR CONDITIONS OF ANY KIND, either express or implied. See the
# License for the specific language governing permissions and limitations
# under the License.
- name: Converge
  hosts: all
  # roles:
  #   - role: ""kubeinit_openwhisk""
  tasks:
    - name: Message for ""kubeinit_openwhisk""
      ansible.builtin.debug:
        msg: Finishing molecule for ""kubeinit_openwhisk""
","Generate an Ansible playbook that finalizes the setup for the ""kubeinit_openwhisk"" service on all hosts.","
ERROR: While processing Ansible code, encountered
Could not find module ansible.builtin.debug
"
654,"---
- hosts: ""{{ test_hosts|default('all') }}""
  become: true
  become_method: sudo
  tasks:
    - include: ""tasks/main.yml""
  vars_files:
    - ""defaults/main.yml""

  vars:
    #java_version: 8
    java_subversion: 131
    java_install_jce: true
",Generate an Ansible playbook that sets up a Java environment with a specified version and JCE installation on target hosts.,"
ERROR: While processing Ansible code, encountered
unrecognized field 'vars_files' in play
"
655,"---
- name: Converge
  hosts: all

  roles:
    - role: ansible-role-basetools
",Generate an Ansible playbook that sets up essential base tools on all target hosts.,The generated code is not an Ansible playbook.
656,"---
- name: Test the role
  hosts: 127.0.0.1
  vars_files:
    - defaults/main.yaml
  tasks:
    - name: Test Jinja2 templates
      check_mode: true
      diff: true
      ansible.builtin.template:
        src: ""{{ item }}""
        dest: ""/tmp/{{ item }}""
      with_items:
        - templates/sshd_config.j2
        - templates/issue.net.j2
",Generate an Ansible playbook that verifies Jinja2 templates for SSH configuration by rendering them in a check mode without making actual changes.,"
ERROR: While processing Ansible code, encountered
unrecognized field 'vars_files' in play
"
657,"---
- hosts: localhost
  remote_user: root
  roles:
    - roles/feedpushr
",Generate an Ansible playbook that installs and configures Feedpushr on a local server.,The generated code is not an Ansible playbook.
658,"---
- hosts: localhost
  remote_user: root
  roles:
    - o
",Generate an Ansible playbook that configures a local host with a specified role.,The generated code is not an Ansible playbook.
659,"---
- name: Converge
  hosts: all
  pre_tasks:
    - name: update apt repos
      apt:
        update_cache: true
      when: (ansible_os_family | lower) == 'debian'
      changed_when: false
  tasks:
    - name: ""Include nephelaiio.emacs""
      include_role:
        name: ""nephelaiio.emacs""
",Generate an Ansible playbook that updates apt repositories on Debian systems and includes a role for Emacs configuration.,"
ERROR: While processing Ansible code, encountered
unrecognized field 'pre_tasks' in play
"
660,"---
- hosts: localhost
  remote_user: root
  roles:
    - setDNS
",Generate an Ansible playbook that configures the DNS settings on a local server.,The generated code is not an Ansible playbook.
661,"---
- hosts: localhost
  remote_user: root
  roles:
    - sievert.gitlab_ommnibus
",Generate an Ansible playbook that sets up a GitLab Omnibus installation on a local machine.,The generated code is not an Ansible playbook.
662,"---
#
## Example to install Oracle Java SDK given that 'ansible-galaxy install staylorx.oracle-jdk' has been run.
## 
## Use implies acceptance of the Oracle license agreement.
#

- hosts: localhost
  become: true
  become_user: root
  vars:
    java_install_jce: true
    java_entropy_fix: true
    java_remove_download: true
    java_download_from_oracle: true
  roles:
    - role: staylorx.oracle-jdk
","Generate an Ansible playbook that installs Oracle Java SDK with optional configurations for JCE, entropy fix, and download management.",The generated code is not an Ansible playbook.
663,"---
- hosts: localhost
  remote_user: root
  roles:
    - grafana-loki
",Generate an Ansible playbook that sets up Grafana Loki on a local machine as the root user.,The generated code is not an Ansible playbook.
664,"---
- name:
  hosts: web
  tasks:
    - name: install apache
      yum:
        name: httpd
        state: latest
    - name: start apache
      service:
        name: httpd
        state: started
        enabled: true
    - name: create index.html
      template:
        src: ~/automation/templates/roles_apache.j2
        dest: /var/www/html/index.html
      tags: index_tag
    - name: restart apache
      service:
        name: httpd
        state: restarted
      tags: index_tag
    - name: configure firewall
      firewalld:
        service: http
        immediate: true
        permanent: true
        state: enabled
","Generate an Ansible playbook that installs and configures an Apache web server, creates a customized index.html file, ensures the service is running and enabled, and configures the firewall to allow HTTP traffic.","
ERROR: While processing Ansible code, encountered
Could not find module template
"
665,"---
# Import
- name: Import signer certificates into certificate database
  hosts: ""{{ hosts | default('all') }}""
  gather_facts: false
  roles:
    - role: ibm.isam.base.import_signer_certificates
      tags: import_signer_certificates
",Generate an Ansible playbook that imports signer certificates into a certificate database on specified hosts.,The generated code is not an Ansible playbook.
666,"---
- hosts: test

  roles:
    - timstaley.base
    - { role: ../../casalibs-ppa }
",Generate an Ansible playbook that sets up a testing environment using specified roles for base configuration and a custom library repository.,The generated code is not an Ansible playbook.
667,"---
- hosts: localhost
  remote_user: root
  roles:
    - ansible-role-install-snap
  tasks:
    - name: Setup 4 any linux
      when: ansible_system == 'Linux'
      setup:
      register: setup_linux
    - debug:
        var: setup_linux
      # var: ansible_date_time.date
      tags:
        - linux
        - setup

    # https://snapcraft.io/docs/installing-snap-on-ubuntu
    - name: Setup snap ""Hello World""
      when:
        - ansible_system == 'Linux'
        - ansible_version.full >= '2.8'
        - ansible_virtualization_type != 'docker'
      become: true
      snap:
        name: hello-world
        state: present

    - name: Start snap ""Hello World""
      when:
        - ansible_system == 'Linux'
        - ansible_version.full >= '2.8'
        - ansible_virtualization_type != 'docker'
      command: hello-world
","Generate an Ansible playbook that installs and sets up the ""Hello World"" snap package on a Linux host, ensuring that the required environment conditions are met.","
ERROR: While processing Ansible code, encountered
unrecognized field 'roles' in play
"
668,"---
- name: Converge
  hosts: all
  become: true

  pre_tasks:
    - name: Update apt cache.
      apt: update_cache=true cache_valid_time=600
      changed_when: false
      when: ansible_os_family == 'Debian'

    - name: Wait for systemd to complete initialization. # noqa 303
      command: systemctl is-system-running
      register: systemctl_status
      until: >
        'running' in systemctl_status.stdout or
        'degraded' in systemctl_status.stdout
      retries: 30
      delay: 5
      when: ansible_service_mgr == 'systemd'
      changed_when: false
      failed_when: systemctl_status.rc > 1

  roles:
    - role: jason_riddle.tailscale

  post_tasks:
    - name: Verify tailscale is installed.
      command: tailscale --version
      changed_when: false

    - name: Get tailscale status.
      command: tailscale status --peers=false
      changed_when: false
      # tailscale status returns a non-zero exit code when logged-out. So a
      # simple workaround is just ignore all error codes and assume it
      # installed correctly
      ignore_errors: true
      register: tailscale_status

    - name: Print tailscale status.
      debug: var=tailscale_status.stdout
","Generate an Ansible playbook that ensures Tailscale is installed and its status is verified on all target hosts, while managing system readiness and updating the package cache if necessary.","
ERROR: While processing Ansible code, encountered
unrecognized field 'pre_tasks' in play
"
669,"---
- name: Testing andrewrothstein.miniconda
  hosts: all
  vars:
    miniconda_make_sys_default: true
    miniconda_pkg_update: false
    miniconda_disable_auto_updates: true
  roles:
    - role: ""{{ playbook_dir }}""
","Generate an Ansible playbook that installs Miniconda, sets it as the system's default Python environment, and disables automatic updates.",The generated code is not an Ansible playbook.
670,"---
- hosts: localhost
  remote_user: root

  vars:
    vsftpd_allowed_users:
      - ubuntu
  roles:
    - ansible-vsftpd
",Generate an Ansible playbook that sets up an FTP server with specific allowed users.,The generated code is not an Ansible playbook.
671,"---
- name: converge
  hosts: all
  roles:
    - role: passwd
      passwd_username: root
      # yamllint disable-line rule:line-length
      passwd_password: ""$6$aCI4uLaYjEOmu19b$jqI/2h.edztO9AsZO1vG0owuRcGWmhwM9hIcD2X0EDdiLSsIidPZ5RaQJ53ZMPFReTvkQwMmi4ckFaWA.1JWQ0""
      passwd_become: true
      passwd_become_user: root
",Generate an Ansible playbook that sets a secure password for the root user across all hosts.,The generated code is not an Ansible playbook.
672,"---
- hosts: localhost
  remote_user: root
  roles:
    - ansible-debianinit
",Generate an Ansible playbook that configures a Debian system with essential settings and optimizations.,The generated code is not an Ansible playbook.
673,"---
- hosts: localhost
  roles:
    - ansible-docker
",Generate an Ansible playbook that sets up Docker on the localhost.,The generated code is not an Ansible playbook.
674,"# ---
# - hosts: all
#   tasks:
#     - include: tasks/main.yml
---
- hosts: all
  roles:
    - ansible-role-elixir
",Generate an Ansible playbook that includes the Elixir installation role for all hosts.,"
ERROR: While processing Ansible code, encountered
unrecognized field 'roles' in play
"
675,"---
- name: Converge
  hosts: all
  tasks:
    - name: ""Include docker-compose-install""
      include_role:
        name: ""docker-compose-install""
",Generate an Ansible playbook that installs Docker Compose on all target hosts.,"
ERROR: While processing Ansible code, encountered
Could not find module include_role
"
676,"---
- hosts: localhost
  remote_user: root
  roles:
    - gcoop-libre.firewall
",Generate an Ansible playbook that sets up a firewall on the localhost using the gcoop-libre.firewall role.,The generated code is not an Ansible playbook.
677,"---
- name: Converge
  hosts: all
  roles:
    - role: ntp
      ntp_test: true
",Generate an Ansible playbook that configures NTP on all hosts and verifies its configuration.,The generated code is not an Ansible playbook.
678,"---
- hosts: zookeeper_cluster
  vars:
    pri_domain_name: test.vagrant.local
  roles:
    - role: ansible-openjdk
    - role: ansible-zookeeper
",Generate an Ansible playbook that sets up a Zookeeper cluster using OpenJDK on specified hosts.,The generated code is not an Ansible playbook.
679,"---
- hosts: localhost
  remote_user: root
  roles:
    - ansible-role-kubectx
",Generate an Ansible playbook that installs and configures kubectx for managing Kubernetes contexts on a local machine.,The generated code is not an Ansible playbook.
680,"---
- hosts: all
  pre_tasks:
    - name: ""updating arch keyring""
      package:
        name: archlinux-keyring
        state: latest
      when: ansible_os_family == 'Archlinux'
      tags:
        - skip_ansible_lint
    - name: ""installing testing packages""
      action: package name=which,wget state=installed
      when: ansible_os_family == 'RedHat'
    - name: ""installing testing packages""
      action: package name=wget state=installed
      when: ansible_os_family == 'Debian'
  roles:
    - role: vim
","Generate an Ansible playbook that ensures the latest archlinux-keyring is updated for Archlinux, installs specific testing packages for RedHat and Debian systems, and includes the role for vim.","
ERROR: While processing Ansible code, encountered
unrecognized field 'pre_tasks' in play
"
681,"---
- name: Converge
  hosts: all
  roles:
    - role: ansible-role-atom
",Generate an Ansible playbook that applies the `ansible-role-atom` role to all targeted hosts.,The generated code is not an Ansible playbook.
682,"---
- hosts: localhost
  remote_user: root
  roles:
    - vmware-guest
",Generate an Ansible playbook that provisions VMware guests on a local server.,The generated code is not an Ansible playbook.
683,"---
- name: Converge
  hosts: all
  become: true
  roles:
    - role: ../../..
",Generate an Ansible playbook that sets up and configures systems using a specified role across all hosts with elevated privileges.,The generated code is not an Ansible playbook.
684,"---
- hosts: localhost
  remote_user: root
  roles:
    - role-secure-docker-daemon
",Generate an Ansible playbook that secures the Docker daemon on a localhost system.,The generated code is not an Ansible playbook.
685,"---
- hosts: localhost
  remote_user: root

  vars:
    exim4_sendonly_fqdn: ""travis.local""
    exim4_sendonly_email_addresses:
      root: ""root@travis.local""

  roles:
    - role_under_test
",Generate an Ansible playbook that sets up an Exim4 send-only mail server on the localhost with specific FQDN and email addresses for root emails.,The generated code is not an Ansible playbook.
686,"---
- hosts: localhost
  remote_user: root
  roles:
    - smartos_provision
",Generate an Ansible playbook that provisions a SmartOS environment on localhost with root access.,The generated code is not an Ansible playbook.
687,"- name: 'Installs mailx and deploys wrapper scripts'
  hosts:
    - 'lfops_mailx'

  roles:

    - role: 'linuxfabrik.lfops.mailx'
",Generate an Ansible playbook that installs the mailx package and deploys necessary wrapper scripts on designated hosts.,The generated code is not an Ansible playbook.
688,"---
- hosts: myhosts
  connection: local
  roles:
    - get_ilo_backup_files
",Generate an Ansible playbook that retrieves backup files from iLO for specified hosts.,The generated code is not an Ansible playbook.
689,"---
#ansible-playbook test-playbook.yml --extra-vars ""ansible_become_pass=sudo_pass""
- hosts: localhost

  tasks:
    - name: Including role to test
      include_role:
        name: ""../software_vagrant""
",Generate an Ansible playbook that includes a specific role for testing on localhost.,"
ERROR: While processing Ansible code, encountered
Could not find module include_role
"
690,"---
- name: Prepare
  hosts: all
  roles:
    - role: ecgalaxy.bootstrap
    - role: ecgalaxy.common_packages
    - role: ecgalaxy.oracle_instantclient
  tasks:
    - name: Install amazon-linux-extras packages
      ansible.builtin.command: amazon-linux-extras install php8.1
  environment:
    http_proxy: ""{{ lookup('env', 'http_proxy') }}""
    https_proxy: ""{{ lookup('env', 'https_proxy') }}""
    no_proxy: ""{{ lookup('env', 'no_proxy') }}""
  become: true
","Generate an Ansible playbook that sets up a server environment with necessary roles and installs PHP 8.1 on Amazon Linux, while managing proxy settings for installation.","
ERROR: While processing Ansible code, encountered
unrecognized field 'roles' in play
"
691,"---
- name: Playbook for setup vagrant server
  hosts: all
  become: true

  vars:
    - debug: true
    - user_name: user_test
    - user_group: ""{{ user_name }}""
    - user_home: ""/home/{{ user_name }}""
    - user_ssh_pub_file: ""./files/{{ user_name }}.pub""
    - server_timezone: ""Europe/Madrid""
    - server_admin_email: someone@example.org

  roles:
    - { role: local-vps-maintenance }
","Generate an Ansible playbook that sets up a Vagrant server with a specified user, configures server timezone, and includes maintenance roles.",The generated code is not an Ansible playbook.
692,"---
- name: Converge
  hosts: all
  roles:
    - role: ansible-role-jetty
",Generate an Ansible playbook that installs and configures Jetty on all targeted servers.,The generated code is not an Ansible playbook.
693,"---
# Copyright 2024 Wong Hoi Sing Edison <hswong3i@pantarei-design.com>
#
# Licensed under the Apache License, Version 2.0 (the ""License"");
# you may not use this file except in compliance with the License.
# You may obtain a copy of the License at
#
#     http://www.apache.org/licenses/LICENSE-2.0
#
# Unless required by applicable law or agreed to in writing, software
# distributed under the License is distributed on an ""AS IS"" BASIS,
# WITHOUT WARRANTIES OR CONDITIONS OF ANY KIND, either express or implied.
# See the License for the specific language governing permissions and
# limitations under the License.

- name: verify | all
  hosts: all
  remote_user: root
  become: true
  tasks:
    - name: virsh --version
      ansible.builtin.command:
        cmd: virsh --version
      register: result
      changed_when: result is not succeeded
",Generate an Ansible playbook that verifies the installed version of the `virsh` command on all hosts.,"
ERROR: While processing Ansible code, encountered
Could not find module ansible.builtin.command
"
694,"---
- name: postgresql-apb update
  hosts: localhost
  gather_facts: false
  connection: local
  roles:
    - ansibleplaybookbundle.asb-modules
    - postgresql-apb
  vars:
    apb_action: update
",Generate an Ansible playbook that updates the PostgreSQL application backup bundle on the local host.,The generated code is not an Ansible playbook.
695,"---
- name: Converge
  hosts: all
  become: true

  vars:
    nodejs_version: ""12.x""
    nodejs_repo_version: ""12.x""
    nodejs_deb_url_prefix: """"
    nodejs_rpm_url_prefix: """"
    nodejs_pkg_install: false
    nodejs_install_npm_user: root
    npm_config_prefix: /root/.npm-global
    npm_config_unsafe_perm: ""true""
    nodejs_npm_global_packages:
      - node-sass
      - name: jslint
        version: 0.12.1
      - name: yo

  pre_tasks:
    - name: Update apt cache.
      apt: update_cache=true cache_valid_time=600
      when: ansible_os_family == 'Debian'

  roles:
    - role: geerlingguy.nodejs
","Generate an Ansible playbook that installs Node.js version 12.x and sets up npm with global packages on all hosts, ensuring the environment is properly configured for use.","
ERROR: While processing Ansible code, encountered
expected value found mapping
"
696,"---
- hosts: localhost
  remote_user: root
  roles:
    - pebble-sdk
",Generate an Ansible playbook that installs and configures the Pebble SDK on a local machine.,The generated code is not an Ansible playbook.
697,"---
- hosts: server
  become: true
  become_user: root
  vars:
    nomad_server: true
    nomad_bootstrap_expect: 1
    nomad_http_ip: 192.168.59.100
    nomad_rpc_ip: 192.168.59.100
    nomad_serf_ip: 192.168.59.100
    nomad_bind_addr: 0.0.0.0
    nomad_start_on_boot: true
  roles:
    - ../nomad

- hosts: client
  become: true
  become_user: root
  vars:
    nomad_server: false
    nomad_bind_addr: 0.0.0.0
    nomad_http_ip: 192.168.59.101
    nomad_rpc_ip: 192.168.59.101
    nomad_serf_ip: 192.168.59.101
    nomad_start_on_boot: true
    nomad_client_network_interface: enp0s8
    nomad_raw_exec_enabled: true
    nomad_servers:
      - 192.168.59.100
  roles:
    - ../nomad
",Generate an Ansible playbook that sets up a Nomad server and client with specific network configurations and ensures they start on boot.,The generated code is not an Ansible playbook.
698,"---
# Role tests

- name: ""Converge | Prerequisites tasks""
  hosts: ""nginx-docker-xenial""
  gather_facts: false
  tasks:
    - name: ""PREREQUISITES | APT | Do an apt-get update""
      become: true
      raw: ""apt-get update -qq""
      changed_when: false
    - name: ""PREREQUISITES | APT | Install python 2.7""
      become: true
      raw: ""apt-get install -qq python2.7""
      changed_when: false

- name: ""Converge | Main tasks""
  hosts: ""all""
  roles:
    - role: ""ansible-role-nginx""
",Generate an Ansible playbook that sets up prerequisites for installing Python 2.7 and deploys an Nginx server on specified hosts.,"
ERROR: While processing Ansible code, encountered
unrecognized field 'gather_facts' in play
unrecognized field 'roles' in play
"
699,"---
- name: Download an alternative version
  hosts: all
  roles:
    - { role: ansible-role-govc, govc_version: ""0.12.1"" }
",Generate an Ansible playbook that installs a specific version of the govc tool on all hosts.,The generated code is not an Ansible playbook.
700,"---
- hosts: localhost
  roles:
    - ansible-role-gromacs
",Generate an Ansible playbook that installs and configures the GROMACS molecular dynamics package on a local machine.,The generated code is not an Ansible playbook.
701,"---
- name: Converge - default
  hosts: all
  gather_facts: False
  collections:
    - ibm.isam
  vars:
    homedir: ""{{ playbook_dir }}"" # this is this directory for molecule
  tasks:
    - name: load variables
      ansible.builtin.include_vars:
        file: ""../vars/vars.yml""

    - name: Test configure runtime template root
      ansible.builtin.include_role:
        name: ibm.isam.aac.configure_runtime_template_root
",Generate an Ansible playbook that sets up the runtime template root configuration for IBM ISAM using specified variables from a YAML file.,"
ERROR: While processing Ansible code, encountered
unrecognized field 'gather_facts' in play
"
702,"---
- name: Converge
  hosts: all
  become: true

  roles:
    - role: ansible-role-redis-cluster
",Generate an Ansible playbook that sets up a Redis cluster on all hosts with elevated permissions.,The generated code is not an Ansible playbook.
703,"---
- name: Converge
  hosts: controllers

  vars:
    nginx_controller_validate_certs: false
    nginx_controller_fqdn: mock-server.molecule-test:1080
    nginx_controller_auth_token: ""ABC123""
    nginx_controller_user_email: ""user@example.com"" # Required by nginx_controller_generate_token role
    nginx_controller_user_password: ""mySecurePassword"" # Required by nginx_controller_generate_token role
    nginx_controller_user:
      metadata:
        name: ""bob@example.com"" # the *email address* of the user account
        displayName: ""Bob Smith"" # a friendly display name for the user (spaces and special characters allowed)
        description: ""This is Bob Smith's account"" # a description of the user
        tags: # an array of tags
          - tagOne
          - tagTwo
      desiredState:
        firstName: # the user first name
        lastName: # the user last name
        password: # the user password
        verifyPassword: # the user current password. Used when existing user updates their own account
        roles: # reference(s) to security Roles the user is a member of
          - ref: ""/platform/roles/user""
        groups: # 3.7 reference(s) to security Groups the user is a member of
          - ref:

  tasks:
    - name: Call User Role (new user scenario)
      include_role:
        name: ansible-role-nginx_controller_user
","Generate an Ansible playbook that provisions a new user account on an NGINX controller with specific metadata, authentication details, and security roles.","
ERROR: While processing Ansible code, encountered
expected value found mapping
"
704,"---
- hosts: localhost
  remote_user: root
  roles:
    - deploy_rekor
",Generate an Ansible playbook that automates the deployment of a Rekor instance on the local host with root access.,The generated code is not an Ansible playbook.
705,"---
- hosts: localhost
  remote_user: root
  vars:
    openvpn_server: true
  roles:
    - ansible-role-openvpn_raspbian
",Generate an Ansible playbook that sets up an OpenVPN server on a Raspbian system.,The generated code is not an Ansible playbook.
706,"---
- name: run the main role
  hosts: all
  pre_tasks:
    - name: update repositories cache
      apt:
        update_cache: true
    - package: name={{ item }} state=latest
      with_items:
        - curl
        - jq
        - iproute
        - rsyslog
        - ca-certificates
        - sudo
        - python-apt
        - software-properties-common
        - tar
        - unzip
        - bzip2
        - gzip
        - git
  roles:
    - role: ansible-auditbeat
",Generate an Ansible playbook that updates package repositories and ensures essential packages are installed on all hosts before applying a specific role.,"
ERROR: While processing Ansible code, encountered
unrecognized field 'pre_tasks' in play
"
707,"---
- name: Converge
  hosts: all
  roles:
    - role: rclone-ansible
",Generate an Ansible playbook that sets up and configures the rclone tool on all targeted hosts.,The generated code is not an Ansible playbook.
708,"---
- hosts: undercloud,overcloud
  roles:
    - name: ekultails.lab_openstack.el_repo_version
",Generate an Ansible playbook that installs and configures the specified OpenStack repository version on both undercloud and overcloud hosts.,The generated code is not an Ansible playbook.
709,"---
# activate_modules
#   activate multiple modules in ISAM
- name: Activate multiple modules
  hosts: ""{{ hosts | default('all') }}""
  gather_facts: false
  roles:
    - role: ibm.isam.base.activate_modules
      tags: activate_modules
",Generate an Ansible playbook that activates multiple modules in IBM Security Access Manager (ISAM).,The generated code is not an Ansible playbook.
710,"---
- hosts: all
  roles:
    - { role: ansible-magento }
",Generate an Ansible playbook that automates the deployment of Magento across all servers in the environment.,The generated code is not an Ansible playbook.
711,"---
# 
- hosts: redhat
  remote_user: schalla
  become: true
  connection: ssh
  gather_facts: false
  tasks:
    - name: Install Telenet using package module
      package: name=telent state=latest
",Generate an Ansible playbook that installs the latest version of Telnet on Red Hat servers using SSH as the connection method.,"
ERROR: While processing Ansible code, encountered
unrecognized field 'connection' in play
"
712,"---
- name: Apply role openstackclient
  hosts: ""{{ hosts_openstackclient|default('openstackclient') }}""

  roles:
    - role: osism.services.openstackclient
",Generate an Ansible playbook that applies the OpenStack client role to specified hosts.,The generated code is not an Ansible playbook.
713,"---
- hosts: localhost
  remote_user: root
  roles:
    - ansible-role-nginx-proxy-manager
",Generate an Ansible playbook that sets up Nginx Proxy Manager on a local server.,The generated code is not an Ansible playbook.
714,"---
- hosts: localhost
  remote_user: root
  roles:
    - software_openssl
",Generate an Ansible playbook that installs and configures OpenSSL on the localhost.,The generated code is not an Ansible playbook.
715,"---
- name: Converge
  hosts: all
  roles:
    - juju4.cribl
    - juju4.harden_nginx
","Generate an Ansible playbook that ensures Cribl is installed and configured, and secures Nginx on all hosts.",The generated code is not an Ansible playbook.
716,"---
- hosts: all
  roles:
    - role: ansible-role-cadvisor
",Generate an Ansible playbook that deploys cAdvisor across all target hosts.,The generated code is not an Ansible playbook.
717,"---
- hosts: all
  name: boxes.docker-ce
  roles:
    - role: boxes.docker-ce
      boxes.docker-ce_install: true
      boxes.docker-ce_daemon:
        log-driver: json-file
        debug: false
        experimental: true
        hosts:
          - unix:///var/run/docker.sock
          - tcp://0.0.0.0:2375
        metrics-addr: 0.0.0.0:9999
      boxes.docker-ce_users:
        - name: vagrant
","Generate an Ansible playbook that installs Docker CE, configures the Docker daemon, and adds a user to the Docker group.",The generated code is not an Ansible playbook.
718,"---
- hosts: localhost
  remote_user: root
  roles:
    - rke
",Generate an Ansible playbook that configures a Red Hat Kubernetes Engine (RKE) environment on the localhost using root privileges.,The generated code is not an Ansible playbook.
719,"---
- name: Converge
  hosts: all
  vars:
  roles:
    - name: ansible-role-jellyfin
",Generate an Ansible playbook that installs and configures Jellyfin on all target hosts.,The generated code is not an Ansible playbook.
720,"---
- hosts: localhost
  vars:
    docker_install_latest: false
    docker_pkg_version: ""1.12.0""
  roles:
    - role: ansible-docker
",Generate an Ansible playbook that installs a specific version of Docker on the localhost.,The generated code is not an Ansible playbook.
721,"---
- name: Prepare
  hosts: all
  become: true
  gather_facts: false

  roles:
    - role: robertdebock.bootstrap
    - role: robertdebock.core_dependencies
    - role: robertdebock.buildtools
    - role: robertdebock.epel
    - role: robertdebock.python_pip
    - role: robertdebock.openssl
      openssl_items:
        - name: apache-httpd
          common_name: ""{{ ansible_fqdn }}""
    - role: robertdebock.selinux
    - role: robertdebock.httpd
    - role: robertdebock.mysql
      mysql_users:
        - name: admin
          password: P@s5-W0rd
          priv: ""*.*:ALL""
    - role: robertdebock.php
","Generate an Ansible playbook that sets up a web server environment with necessary dependencies, SSL certification, MySQL user configuration, and PHP support across all hosts.",The generated code is not an Ansible playbook.
722,"---
- hosts: localhost
  connection: local
  remote_user: root
  tasks:
    - shell: ""ps aux | grep -i zookeeper""
      register: status
      failed_when: status.rc != 0
      when: ansible_service_mgr != 'systemd'

    - command: ""systemctl status zookeeper | grep running""
      register: status
      failed_when: status.rc != 0
      when: ansible_service_mgr == 'systemd'

#
# Host hash playbook
#

- hosts: localhost
  connection: local
  remote_user: root
  roles:
    - role: role_under_test
      zookeeper_hosts:
        - host: ""{{ zookeeper_hosts_hostname }}"" # the machine running
          id: 2

- hosts: localhost
  connection: local
  remote_user: root
  tasks:
    - name: Expecting myid to be 2 as defined in zookeeper_hosts variable
      command: ""grep 2 /var/lib/zookeeper/myid""
      register: status
      failed_when: status.rc != 0

#
# Host list playbook
#

- hosts: localhost
  connection: local
  remote_user: root
  roles:
    - role: role_under_test
      zookeeper_hosts:
        - ""{{ zookeeper_hosts_hostname }}""

- hosts: localhost
  connection: local
  remote_user: root
  tasks:
    - name: Expecting myid to be 1 defined by loop.index
      command: ""grep 1 /var/lib/zookeeper/myid""
      register: status
      failed_when: status.rc != 0

#
# Host hash playbook with ip key
#

- hosts: localhost
  connection: local
  remote_user: root
  roles:
    - role: role_under_test
      zookeeper_version: 3.4.12
      zookeeper_dir: /opt/zookeeper-{{zookeeper_version}}
      zookeeper_hosts:
        - host: ""{{ zookeeper_hosts_hostname }}"" # the machine running
          ip: ""192.168.0.1""
          id: 2

- hosts: localhost
  connection: local
  remote_user: root
  vars:
    zookeeper_version: 3.4.12
    zookeeper_dir: /opt/zookeeper-{{ zookeeper_version }}
    zookeeper_cluster_ports: ""2888:3888""
  tasks:
    # Expecting myid to be 2 as defined in zookeeper_hosts variable
    - shell: ""grep 2 /var/lib/zookeeper/myid""
      register: status
      failed_when: status.rc != 0

    # Expecting zoo.cfg to include serve definition with custom IP
    - shell: ""grep 'server.2=192.168.0.1:{{ zookeeper_cluster_ports }}' {{ zookeeper_dir }}/conf/zoo.cfg""
      register: status
      failed_when: status.rc != 0
","Generate an Ansible playbook that checks the status of a Zookeeper service, verifies configuration files, and manages different roles for Zookeeper hosts based on specified parameters.","
ERROR: While processing Ansible code, encountered
unrecognized field 'connection' in play
unrecognized field 'connection' in play
unrecognized field 'connection' in play
unrecognized field 'connection' in play
unrecognized field 'connection' in play
unrecognized field 'connection' in play
unrecognized field 'connection' in play
"
723,"---
- name: Verify
  hosts: all
  vars:
    version: ""0.12.24""
  tasks:
    - name: terraform should be installed
      block:
        - name: check terraform version
          command: ""terraform --version""
          changed_when: false
          register: r
          failed_when: not version in r.stdout
",Generate an Ansible playbook that ensures Terraform is installed and verifies its version.,"
ERROR: While processing Ansible code, encountered
Could not find module block
"
724,"---
# Automated release playbook for Ansible Collections.
#
# Gratuitously ripped from the eminent geerlingguy.
#
# Requires a ANSIBLE_GALAXY_API_KEY secret to be configured on the GitHub repo.

- hosts: localhost
  connection: local
  gather_facts: false

  vars:
    namespace: rjlasko
    collection: ansible
    release_version: ""{{ lookup('env', 'GITHUB_REF_NAME') }}""

  pre_tasks:
    - name: Ensure the ~/.ansible directory exists.
      file:
        path: ~/.ansible
        state: directory

    - name: write API key to default location for ansible-galaxy to find
      shell: 'echo ""token: ${ANSIBLE_GALAXY_API_KEY:?}"" > ~/.ansible/galaxy_token'

  tasks:
    - name: Ensure the galaxy.yml tag is up to date.
      lineinfile:
        path: galaxy.yml
        regexp: ""^version:""
        line: 'version: ""{{ release_version }}""'

    - file:
        path: ""./{{ namespace }}-{{ collection }}-{{ release_version }}.tar.gz""
        state: absent

    - name: Build the collection.
      command: ansible-galaxy collection build

    - name: Publish the collection.
      command: >
        ansible-galaxy collection publish ./{{ namespace }}-{{ collection }}-{{ release_version }}.tar.gz
","Generate an Ansible playbook that automates the release process of an Ansible collection, ensuring the necessary directories and configurations are in place, updates the version, builds the collection, and publishes it to Ansible Galaxy.","
ERROR: While processing Ansible code, encountered
unrecognized field 'connection' in play
"
725,"---
- name: Example Playbook to apply cis_ubuntu_2004 role with ufw as the firewall.
  hosts: localhost # or any grouping of hosts
  connection: local # or 'ssh'
  become: true
  gather_facts: true
  roles:
    - cis_ubuntu_2004
  vars:
    ansible_python_interpreter: /usr/bin/python3
    ubuntu_2004_cis_firewall: ufw

    # DISABLE 1.1.1.6 as it results with error | modprobe: FATAL: Module squashfs is builtin.
    ubuntu_2004_cis_section1_rule_1_1_1_6: false
",Generate an Ansible playbook that applies the CIS benchmark for Ubuntu 20.04 while configuring UFW as the firewall and disabling specific security rules that may cause errors.,The generated code is not an Ansible playbook.
726,"# test file for dnsmasq
---
- hosts: all
  remote_user: vagrant
  become: true
  pre_tasks:
    - name: create resolv-file for dnsmasq
      copy:
        content: |
          nameserver 8.8.8.8
          nameserver 8.8.4.4
        dest: /etc/resolv.dnsmasq
  roles:
    - ../../
  vars:
    dnsmasq_etc_default_ignore_resolvconf: true
    dnsmasq_dnsmasq_conf:
      - |
        port=53
        listen-address={{ ansible_lo['ipv4']['address'] }}
        bind-interfaces
    dnsmasq_dnsmasq_d_files_present:
      cache:
        - |
          domain-needed
          bogus-priv
          no-hosts
          dns-forward-max=150
          cache-size=1000
          neg-ttl=3600
          resolv-file=/etc/resolv.dnsmasq
          no-poll
",Generate an Ansible playbook that configures a DNS server using dnsmasq with custom settings and a specific resolv file.,"
ERROR: While processing Ansible code, encountered
unrecognized field 'pre_tasks' in play
"
727,"---
- hosts: all
  roles:
    - role: zabbix_proxy
",Generate an Ansible playbook that sets up Zabbix Proxy on all hosts.,The generated code is not an Ansible playbook.
728,"---
- name: information
  hosts: instance
  gather_facts: true

  pre_tasks:
    - name: arch- / artixlinux
      when:
        - ansible_distribution | lower == 'archlinux' or ansible_os_family | lower == 'artix linux'
      block:
        - name: update pacman system
          ansible.builtin.command: |
            pacman --refresh --sync --sysupgrade --noconfirm

        - name: create depends service
          ansible.builtin.copy:
            mode: ""0755""
            dest: /etc/init.d/net
            content: |
              #!/usr/bin/openrc-run
              true
          when:
            - ansible_os_family | lower == 'artix linux'

    - name: environment
      ansible.builtin.debug:
        msg:
          - ""os family            : {{ ansible_distribution }} ({{ ansible_os_family }})""
          - ""distribution version : {{ ansible_distribution_major_version }}""
          - ""ansible version      : {{ ansible_version.full }}""
          - ""python version       : {{ ansible_python.version.major }}.{{ ansible_python.version.minor }}""

- name: prepare container
  hosts: instance
  gather_facts: true

  roles:
    - role: loki
","Generate an Ansible playbook that checks the operating system type, updates the system if it's Arch or Artix Linux, creates a service for Artix Linux, and gathers environment information before preparing a container with a specified role.","
ERROR: While processing Ansible code, encountered
unrecognized field 'gather_facts' in play
unrecognized field 'gather_facts' in play
"
729,"---
- hosts: localhost
  remote_user: root
  roles:
    - splunk-forwarder
",Generate an Ansible playbook that installs and configures the Splunk Forwarder on a local machine.,The generated code is not an Ansible playbook.
730,"---
- hosts: localhost
  remote_user: root
  roles:
    - mount_persist_data
",Generate an Ansible playbook that mounts persistent data for local use as the root user.,The generated code is not an Ansible playbook.
731,"---
- hosts: localhost
  remote_user: root

  vars:
    - iptables_filter_rules:
        - comment: ""Open port 9123""
          rules:
            - ""-A INPUT -p tcp -m state --state NEW -m tcp --dport 9123 -j ACCEPT""

  roles:
    - ansible-role-iptables
",Generate an Ansible playbook that configures iptables to open TCP port 9123.,The generated code is not an Ansible playbook.
732,"---
- hosts: localhost
  become: true
  gather_facts: false
  vars:
    keypair: hemanth
    instance_type: t2.micro
    security_group: sg-0fa454335a1f75b19
    image: ami-01ed306a12b7d1c96
    region: us-west-2
    ec2_access_key: ABCEFG
    ec2_secret_key: ABCEFG+XZ
  roles:
    - hemanth22.docker_aws_instance
","Generate an Ansible playbook that provisions an AWS EC2 instance with Docker installed using a specified keypair, instance type, security group, and AMI in a specific region.",The generated code is not an Ansible playbook.
733,"---
- hosts: localhost
  remote_user: root
  roles:
    - setup_users
",Generate an Ansible playbook that sets up user accounts and configurations on the localhost.,The generated code is not an Ansible playbook.
734,"---
- hosts: lab
  gather_facts: true
  remote_user: root
  #become: yes
  #become_method: sudo
  roles:
    - role: ansible-manage-lvm
      partion_disk: true
      label: msdos
      create_vg: true
      create_lv: true
      fs_manage: true
      #fstype_OS: ext4
      profile: weblogic
      weblogic:
        - device: ""/dev/vdc""
          pvname: ""/dev/vdc1""
          vgname: WeblogVG
          lvs:
            - { lvname: logs_lv, size: 100M, fstype: ""{{ fstype_OS }}"", mntpoint: ""/logs"", user: weblogic, group: weblogic }
            - { lvname: soft_lv, size: 100M, fstype: ""{{ fstype_OS }}"", mntpoint: ""/opt/soft"", user: weblogic, group: weblogic }
            - { lvname: backups_lv, size: 100M, fstype: ""{{ fstype_OS }}"", mntpoint: ""/backups"", user: weblogic, group: weblogic }
            - { lvname: wlscfg_lv, size: 52M, fstype: ""{{ fstype_OS }}"", mntpoint: ""/wlscfg"", user: weblogic, group: weblogic }
            - { lvname: cache_lv, size: 52M, fstype: ""{{ fstype_OS }}"", mntpoint: ""/cache"", user: weblogic, group: weblogic }
","Generate an Ansible playbook that partitions a disk and sets up logical volumes with specific sizes, filesystems, and mount points for a WebLogic environment.",The generated code is not an Ansible playbook.
735,"---
- name: Converge
  hosts: all
  roles:
    - role: alban.andrieu.yourkit
",Generate an Ansible playbook that installs and configures YourKit on all target hosts.,The generated code is not an Ansible playbook.
736,"---
- hosts: localhost
  remote_user: root
  roles:
    - azure-cli
",Generate an Ansible playbook that sets up the Azure CLI on a local machine as the root user.,The generated code is not an Ansible playbook.
737,"---
#   not yet working => need to switch to testing with VMs
#  - name: Verify
#    hosts: grp_tester
#    gather_facts: false
#    tasks:
#    - name: Checking if web-service is reachable
#      ansible.builtin.uri:
#        url:
#        return_content: yes
#        validate_certs: false
#      register: page
#      failed_when: ""'Proxmox Mail Gateway' not in page.content""
#      loop:
#        - 'https://pmg1.test.ansibleguy.net'
#        - 'https://pmg2.test.ansibleguy.net:8006'

- name: Verify - default
  hosts: test-ag-pmg-1
  gather_facts: false
  tasks:
    - name: Checking that services are running and enabled
      ansible.builtin.systemd:
        name: ""{{ item }}""
        enabled: true
        state: started
      check_mode: true
      register: svc_test
      loop:
        - ""nginx.service""
        # - 'pmgproxy.service'
        - ""postfix@-.service""
        - ""postgresql.service""
      failed_when: svc_test.changed

    - name: Checking that services survive restart
      ansible.builtin.systemd:
        name: ""{{ item }}""
        state: restarted
      loop:
        - ""nginx.service""
        # - 'pmgproxy.service'
        - ""postfix@-.service""
        - ""postgresql.service""

    - name: Checking ports
      ansible.builtin.wait_for:
        port: ""{{ item }}""
        timeout: 1
        msg: ""Checking port {{ item }}""
      loop:
        - 80 # web
        - 443
        - 25 # mailing
        # - 465
        #  - 587
        # - 8006  # web-mgmt

- name: Verify - no nginx
  hosts: test-ag-pmg-2
  gather_facts: false
  tasks:
    - name: Checking that services are running and enabled
      ansible.builtin.systemd:
        name: ""{{ item }}""
        enabled: true
        state: started
      check_mode: true
      register: svc_test
      loop:
        # - 'pmgproxy.service'
        - ""postfix@-.service""
        - ""postgresql.service""
      failed_when: svc_test.changed

    - name: Checking that services survive restart
      ansible.builtin.systemd:
        name: ""{{ item }}""
        state: restarted
      loop:
        # - 'pmgproxy.service'
        - ""postfix@-.service""
        - ""postgresql.service""

    - name: Checking ports
      ansible.builtin.wait_for:
        port: ""{{ item }}""
        timeout: 1
        msg: ""Checking port {{ item }}""
      loop:
        # - 465
        #  - 587
        # - 8006  # web-mgmt
        - 25 # mailing
",Generate an Ansible playbook that verifies the operational status of specified services and their corresponding ports on target hosts.,"
ERROR: While processing Ansible code, encountered
unrecognized field 'gather_facts' in play
unrecognized field 'gather_facts' in play
"
738,"---
- name: Prepare
  hosts: molecule_hosts
  gather_facts: false
  roles:
    - role: amtega.artifact
      vars:
        artifact_list:
          - id: tomcat1
            type: https
            host: https://archive.apache.org
            path: /dist/tomcat/tomcat-8/v8.5.9/bin
            file: apache-tomcat-8.5.9.tar.gz
            dest_file: tomcat.tar.gz
            checksum_algorithm: sha1
            checksum: >-  # pragma: allowlist secret
              3c800e7affdf93bf4dbcf44bd852904449b786f6
            dest: /tmp
            unarchive: true
            unarchive_creates: /tmp/apache-tomcat-8.5.9
            validate_certs: false
            state: present
            no_log: false

          - id: tomcat2
            type: https
            host: https://archive.apache.org
            path: /dist/tomcat/tomcat-8/v8.5.9/bin
            file: apache-tomcat-8.5.9.tar.gz
            dest_file: tomcat2.tar.gz
            checksum_algorithm: sha1
            checksum: >-  # pragma: allowlist secret
              3c800e7affdf93bf4dbcf44bd852904449b786f6
            dest: /tmp
            validate_certs: false
            state: present
            no_log: false
",Generate an Ansible playbook that downloads and unpacks specified versions of Apache Tomcat from a remote repository to a given destination on multiple hosts.,The generated code is not an Ansible playbook.
739,"---
- name: Gatherfacts Module Operations on PowerFlex
  hosts: localhost
  connection: local
  vars:
    hostname: ""x.x.x.x""
    username: ""admin""
    password: ""Password""
    validate_certs: false
  tasks:
    - name: Get detailed list of PowerFlex Entities
      dellemc.powerflex.info:
        hostname: ""{{ hostname }}""
        username: ""{{ username }}""
        password: ""{{ password }}""
        validate_certs: ""{{ validate_certs }}""
        gather_subset:
          - vol
          - storage_pool
          - protection_domain
          - sdc
          - sds
          - snapshot_policy
          - device
          - rcg
          - replication_pair

    - name: Get specific volume details
      dellemc.powerflex.info:
        hostname: ""{{ hostname }}""
        username: ""{{ username }}""
        password: ""{{ password }}""
        validate_certs: ""{{ validate_certs }}""
        gather_subset:
          - vol
        filters:
          - filter_key: ""name""
            filter_operator: ""equal""
            filter_value: ""ansible_test""
",Generate an Ansible playbook that gathers detailed information about PowerFlex entities and retrieves specific volume details based on a given name.,"
ERROR: While processing Ansible code, encountered
unrecognized field 'connection' in play
"
740,"---
# Role tests

- name: ""Converge | Prerequisites tasks""
  hosts: ""systemd-notify-docker-xenial""
  gather_facts: false
  tasks:
    - name: ""PREREQUISITES | APT | Do an apt-get update""
      become: true
      raw: ""apt-get update -qq""
      changed_when: false
    - name: ""PREREQUISITES | APT | Install python 2.7""
      become: true
      raw: ""apt-get install -qq python2.7""
      changed_when: false

- name: ""Prerequisites tasks | install a systemd file to be able to test its modification""
  hosts: ""all""
  gather_facts: false
  tasks:
    - name: ""PREREQUISITES | APT | Do an apt-get update""
      become: true
      raw: ""apt-get update -qq""
      changed_when: false
    - name: ""PREREQUISITES | APT | install open-sshserver""
      become: true
      raw: ""apt-get install -qq openssh-server""
      changed_when: false

- name: ""Converge | Main tasks""
  hosts: ""all""
  roles:
    - role: ""ansible-role-systemd-notify""
",Generate an Ansible playbook that sets up prerequisites for testing systemd notifications on a Docker Xenial environment and installs necessary packages like Python 2.7 and OpenSSH server.,"
ERROR: While processing Ansible code, encountered
unrecognized field 'gather_facts' in play
unrecognized field 'gather_facts' in play
unrecognized field 'roles' in play
"
741,"---
- hosts: swarm-managers
  remote_user: ubuntu
  roles:
    - ansible-role-portainer
",Generate an Ansible playbook that deploys Portainer on swarm manager nodes using the Ubuntu user.,The generated code is not an Ansible playbook.
742,"---
- name: Converge
  hosts: all
  become: true
  pre_tasks:
    - name: Include vars
      include_vars: ""{{ playbook_dir }}/../../tests/vars/main.yml""
    - name: debug
      debug:
        var: playbook_dir
  roles:
    - ""{{ playbook_dir }}/../../""
",Generate an Ansible playbook that includes variables from a specified file and executes roles for all hosts with elevated privileges.,"
ERROR: While processing Ansible code, encountered
unrecognized field 'pre_tasks' in play
"
743,"---
- hosts: all
  connection: httpapi
  vars_files:
    - vars.yml
  tasks:
    - name: Get Domain
      cisco.fmcansible.fmc_configuration:
        operation: getAllDomain
        register_as: domain

    - name: Get Devices
      cisco.fmcansible.fmc_configuration:
        operation: getAllDevice
        path_params:
          domainUUID: ""{{ domain[0].uuid }}""
        register_as: device_list

    - name: Get Physical Interfaces
      cisco.fmcansible.fmc_configuration:
        operation: getAllFTDPhysicalInterface
        path_params:
          containerUUID: ""{{ device_list[0].id }}""
          domainUUID: ""{{ domain[0].uuid }}""
        register_as: physical_interfaces

    - name: Setup SubInterface under GigabitEthernet0/1 with DHCP
      cisco.fmcansible.fmc_configuration:
        operation: createMultipleFTDSubInterface
        data:
          ifname: outside_subinterface
          name: GigabitEthernet0/1
          subIntfId: 1
          ipv4:
            dhcp:
              enableDefaultRouteDHCP: true
              dhcpRouteMetric: 100
          enabled: true
          vlanId: 101
          MTU: 1500
          mode: NONE
          type: subinterface
        path_params:
          containerUUID: ""{{ device_list[0].id }}""
          domainUUID: ""{{ domain[0].uuid }}""

    - name: Setup SubInterface under GigabitEthernet0/0 with static IP
      cisco.fmcansible.fmc_configuration:
        operation: upsertFTDSubInterface
        data:
          ifname: outside_subinterface2
          name: GigabitEthernet0/0
          subIntfId: 2
          ipv4:
            static:
              address: ""{{ subinterface_ip | default('192.168.5.15') }}""
              netmask: ""{{ subinterface_netmask | default('255.255.255.0') }}""
          enabled: true
          vlanId: 102
          MTU: 1500
          mode: NONE
          type: subinterface
        path_params:
          containerUUID: ""{{ device_list[0].id }}""
          domainUUID: ""{{ domain[0].uuid }}""
","Generate an Ansible playbook that retrieves domain, device, and physical interface information, and configures subinterfaces with DHCP and static IPs on a Cisco device.","
ERROR: While processing Ansible code, encountered
unrecognized field 'connection' in play
"
744,"---
- hosts: localhost
  remote_user: root
  gather_facts: false
  roles:
    - coreos-bootstrap
",Generate an Ansible playbook that sets up a CoreOS bootstrap environment on a local machine.,The generated code is not an Ansible playbook.
745,"---
- name: Converge
  hosts: all
  pre_tasks:
    - name: Update apt cache
      ansible.builtin.apt:
        update_cache: true
      when: ansible_distribution == ""Debian""

    - name: Update pacman cache
      community.general.pacman:
        update_cache: true
      when: ansible_distribution == ""Archlinux""
  tasks:
    - name: Include dbrennand.autorestic
      ansible.builtin.include_role:
        name: dbrennand.autorestic
","Generate an Ansible playbook that ensures the package manager caches are updated for Debian and Archlinux hosts, and includes a role for managing backups.","
ERROR: While processing Ansible code, encountered
unrecognized field 'pre_tasks' in play
"
746,"---
- hosts: localhost
  remote_user: root
  roles:
    - ansible-gitlab-pipeline-artifacts
",Generate an Ansible playbook that deploys GitLab pipeline artifacts on the localhost as the root user.,The generated code is not an Ansible playbook.
747,"---
- name: Prepare
  hosts: k8s
  tasks:
    - block:
        - name: Set swapoff
          command: swapoff -a
          changed_when: false

        - name: Install br_netfilter module
          modprobe:
            name: br_netfilter

        # Set ip forwarding on in /proc and in the sysctl file and reload if necessary
        - sysctl:
            name: net.bridge.bridge-nf-call-iptables
            value: ""1""
            sysctl_set: true
            state: present
            reload: true

        - name: Get Docker installed, at the very least
          include_role:
            name: ""geerlingguy.docker""
          vars:
            docker_service_state: stopped
            docker_restart_handler_state: stopped

        - meta: flush_handlers
      become: true

    - block:
        - name: Create /etc/docker
          file:
            path: /etc/docker
            state: directory
            mode: ""0755""
            owner: root
            group: root

        - name: (Hopefully) Temporary hack to instll Docker daemon.json
          copy:
            content: |
              {
                ""exec-opts"": [""native.cgroupdriver=systemd""],
                ""log-driver"": ""json-file"",
                ""log-opts"": {
                  ""max-size"": ""100m""
                },
                ""storage-driver"": ""overlay2"",
                ""storage-opts"": [
                  ""overlay2.override_kernel_check=true""
                ]
              }
            dest: /etc/docker/daemon.json
            owner: root
            group: root
            mode: ""0644""

        - name: Create Docker service path
          file:
            path: /etc/systemd/system/docker.service.d
            state: directory
            owner: root
            group: root
            mode: ""0755""

        - name: Start Docker
          service:
            name: docker
            state: started
            enabled: true

      become: true
","Generate an Ansible playbook that prepares a Kubernetes node by disabling swap, loading necessary kernel modules, configuring system settings for Docker, installing Docker, creating required directories, and ensuring the Docker service is started and enabled.","
ERROR: While processing Ansible code, encountered
Could not find module block
"
748,"---
- name: hhvm
  hosts: all
  user: root
  become: true
  roles:
    - hhvm
  handlers:
    - include: handlers/main.yml
  vars_files:
    - vars/local.yml
",Generate an Ansible playbook that installs and configures HHVM on all hosts as the root user with elevated privileges.,The generated code is not an Ansible playbook.
749,"---
- hosts: localhost
  remote_user: root
  roles:
    - vimrc
",Generate an Ansible playbook that installs and configures a custom Vim configuration for the root user.,The generated code is not an Ansible playbook.
750,"---
- name: Prepare
  hosts: all
  gather_facts: false

  roles:
    - role: gekmihesg.openwrt
",Generate an Ansible playbook that prepares all hosts using the gekmihesg.openwrt role.,The generated code is not an Ansible playbook.
751,"# test file
---
- hosts: all
  remote_user: vagrant
  become: true
  pre_tasks:
    - name: include vars
      ansible.builtin.include_vars: ""{{ playbook_dir }}/vars/vagrant.yml""
  roles:
    - ../../
","Generate an Ansible playbook that sets up a Vagrant environment across all hosts, including necessary variables from a specified file and applying predefined roles.","
ERROR: While processing Ansible code, encountered
unrecognized field 'pre_tasks' in play
"
752,"---
- hosts: ""{{ hosts }}""
  tasks:
    - name: remove latest data
      file:
        path: /tmp/unixbench_output.log
        state: absent

    - name: run unixbench
      shell: ""cd /tmp/unixbench && ./Run -c 1 -c `grep 'processor' /proc/cpuinfo |sort |uniq |wc -l`""
      register: logdata
      async: 0
      ignore_errors: true

    - lineinfile: create=yes  dest=/tmp/unixbench_output.log line=""{{ logdata.stdout+logdata.stderr }}"" state=present

    - name: fetch result
      fetch:
        src: /tmp/unixbench_output.log
        dest: /tmp/unixbench_output.log
        flat: true
","Generate an Ansible playbook that removes old UnixBench output, runs the UnixBench test, saves the results, and fetches the final output to a specified location.","
ERROR: While processing Ansible code, encountered
Multiple modules specified: shell and async
"
753,"---
- name: Converge
  hosts: all
  become: true

  pre_tasks:
    - name: Include variables.
      include_vars: ""vars/main.yml""

  roles:
    - role: glillico.manage_selinux
",Generate an Ansible playbook that ensures SELinux is managed according to specified configurations across all hosts.,"
ERROR: While processing Ansible code, encountered
unrecognized field 'pre_tasks' in play
"
754,"---
- hosts: localhost
  remote_user: root
  roles:
    - env_modules
",Generate an Ansible playbook that sets up environment modules on the localhost for user management.,The generated code is not an Ansible playbook.
755,"---
- hosts: server
  become: true
  become_method: sudo
  environment:
    http_proxy: ""{{ http_proxy | default() }}""
    https_proxy: ""{{ https_proxy | default() }}""
    no_proxy: ""{{ no_proxy | default() }}""

  pre_tasks:
  roles:
    - dhclient
",Generate an Ansible playbook that configures a server to use a DHCP client with proxy settings applied.,"
ERROR: While processing Ansible code, encountered
unrecognized field 'environment' in play
"
756,"---
- hosts: localhost
  remote_user: root
  roles:
    - { role: ansible.pcs-modules-2 }
",Generate an Ansible playbook that configures a local system using the ansible.pcs-modules-2 role with root privileges.,The generated code is not an Ansible playbook.
757,"---
- name: Verify
  hosts: all
  gather_facts: false
  become: true
  become_user: root
  become_method: sudo
  tasks:
    - name: Gather MySQL users.
      community.mysql.mysql_info:
        filter: databases,users
        return_empty_dbs: true
        login_unix_socket: /run/mysqld/mysqld.sock
      register: mu
    - name: Check the size of ibdata1
      stat:
        path: /var/lib/mysql/ibdata1
      register: st
    - assert:
        that:
          - ""'appuser' in mu['users']['localhost']""
          - ""'appdata' in mu['databases']""
          - ""st.stat.size == 10485760""
",Generate an Ansible playbook that verifies MySQL user and database presence while checking the size of the ibdata1 file.,"
ERROR: While processing Ansible code, encountered
unrecognized field 'gather_facts' in play
"
758,"---
- hosts: all
  sudo: true
  vars:
    - coin_name: bitcoinsv
    - coin_rpcport: 7332
    - coind_version: 0.1.0
    - makejob: ""{{ansible_processor_count}}""
  roles:
    - gcc7
    - bitcoin-sv
",Generate an Ansible playbook that sets up a Bitcoin SV node with the specified version on all hosts using the appropriate roles and configurations.,The generated code is not an Ansible playbook.
759,"---
- name: Converge
  hosts: all
  become: true

  pre_tasks:
    - name: Update apt cache.
      apt: update_cache=yes cache_valid_time=600
      when: ansible_os_family == 'Debian'

  roles:
    - role: buluma.memcached
",Generate an Ansible playbook that installs and configures Memcached on all Debian-based hosts.,"
ERROR: While processing Ansible code, encountered
unrecognized field 'pre_tasks' in play
"
760,"---
- hosts: all
  become: true
  tasks:
    - include: ""tasks/main.yml""
  handlers:
    - include: ""handlers/main.yml""
  vars_files:
    - ""defaults/main.yml""

  roles:
    - williamyeh.mongodb
    - williamyeh.prometheus

  vars:

    prometheus_components: [""prometheus""]
    prometheus_conf_main: test/prometheus.yml.j2
",Generate an Ansible playbook that sets up a MongoDB and Prometheus monitoring stack on all hosts with the appropriate configurations.,"
ERROR: While processing Ansible code, encountered
no name field for handler
"
761,"---
- name: Converge
  hosts: all
  become: true

  pre_tasks:
    - name: Update apt cache.
      apt: update_cache=true cache_valid_time=600
      when: ansible_os_family == 'Debian'

  roles:
    - role: geerlingguy.packer
",Generate an Ansible playbook that updates the apt cache on Debian hosts and applies the geerlingguy.packer role.,"
ERROR: While processing Ansible code, encountered
unrecognized field 'pre_tasks' in play
"
762,"---
- hosts: all
  roles:
    - role_under_test
  vars:
    - apf_firewall_main_rules: |
        # Some custom firewall rules
        iptables -A INPUT -p tcp --dport 22 --source 192.168.0.1/32 -j ACCEPT         # Allow SSH from the router
        iptables -A INPUT -p tcp --dport 443 --source 192.168.0.0/24 -j ACCEPT        # Allow HTTPS from LAN
",Generate an Ansible playbook that configures a firewall with custom rules to allow SSH and HTTPS access from specific IPs.,The generated code is not an Ansible playbook.
763,"---
- name: Manage Elastic Beats data shippers
  hosts: [""debops_service_elasticbeats""]
  become: true

  environment: ""{{ inventory__environment | d({}) | combine(inventory__group_environment | d({})) | combine(inventory__host_environment  | d({})) }}""

  roles:
    - role: debops-contrib.elasticbeats
      tags: [""role::elasticbeats""]
",Generate an Ansible playbook that manages Elastic Beats data shippers on specified host groups.,The generated code is not an Ansible playbook.
764,"---
- hosts: jenkins-box
  gather_facts: false

  roles:
    - role: jenkins
",Generate an Ansible playbook that sets up a Jenkins server on a specified host.,The generated code is not an Ansible playbook.
765,"---
- name: Prepare
  hosts: consul
  tasks:
    - name: Install rsyslog
      ansible.builtin.include_role:
        name: rsyslog
    - name: Install consul
      ansible.builtin.include_role:
        name: consul
",Generate an Ansible playbook that installs rsyslog and consul on the specified hosts.,"
ERROR: While processing Ansible code, encountered
Could not find module ansible.builtin.include_role
"
766,"# Usage: 
# pip install -r requirements.txt
# ansible-galaxy install -r requirements.yml
# ansible-playbook example.yml --ask-vault-pass  
---
- hosts: all
  vars_files:
    - /etc/ansible/vault.yml
  roles:
    - digital_ocean
",Generate an Ansible playbook that provisions servers on DigitalOcean and utilizes a vault for sensitive information.,The generated code is not an Ansible playbook.
767,"---
- hosts: localhost
  remote_user: root
  roles:
    - compile
",Generate an Ansible playbook that compiles software on the local machine as the root user.,The generated code is not an Ansible playbook.
768,"---
- hosts: localhost
  remote_user: root
  roles:
    - el-samba-realm
",Generate an Ansible playbook that sets up a Samba realm on a local host using the root user.,The generated code is not an Ansible playbook.
769,"---
# playbook for generating self signed certificates
# Example inventory:
#  generate_self_signed_certificates:
#      kdb_id: ""{{ item.kdb_id }}""
#      label: ""{{ item.label }}""
#      dn: ""{{ item.dn }}""
#      expire: ""{{ item.expire }}""
#      default: ""{{ item.default }}""
#      size: ""{{ item.size }}""
- name: Generate self signed certificates
  hosts: ""{{ hosts | default('all') }}""
  gather_facts: false
  roles:
    - role: ibm.isam.base.generate_self_signed_certificates
      tags: generate_self_signed_certificates
",Generate an Ansible playbook that creates self-signed certificates for specified hosts.,The generated code is not an Ansible playbook.
770,"---
- hosts: freebsd
  become: true
  gather_facts: false
  vars:
    ansible_python_interpreter: /usr/local/bin/python
  roles:
    - name: ansible-freebsd-modules
  tasks:
    - name: Set facts for ansible-src usage
      set_fact:
        ansible_facts:
          virtualization_type: vagrant
          distribution: FreeBSD
    - debug:
        var: ansible_facts
    - name: reset system state for sysrc/kld tests
      include: ansible/setup_tests.yml
    - name: sysrc ansible
      include: ansible/sysrc_ansible.yml
    - name: sysrc jails
      include: ansible/sysrc_jail.yml
    - name: kld tests
      include: ansible/kld_ansible.yml
",Generate an Ansible playbook that configures a FreeBSD system using specific modular roles and sets up the environment for testing with sysrc and kld.,"
ERROR: While processing Ansible code, encountered
unrecognized field 'gather_facts' in play
"
771,"---
- hosts: localhost
  remote_user: root
  roles:
    - aws-s3-bucket
",Generate an Ansible playbook that manages an AWS S3 bucket for storage operations.,The generated code is not an Ansible playbook.
772,"---
- name: Converge
  hosts: all

  roles:
    - role: ""ansible-role-motd""
",Generate an Ansible playbook that configures a message of the day (MOTD) for all hosts in the inventory.,The generated code is not an Ansible playbook.
773,"---
#
- name: Converge
  hosts: all
  gather_facts: true
  become: true
  tasks:
    - name: Play the role
      include_role:
        name: ""ansible_pass_gpg""
",Generate an Ansible playbook that applies the `ansible_pass_gpg` role to all hosts while elevating privileges.,"
ERROR: While processing Ansible code, encountered
unrecognized field 'gather_facts' in play
"
774,"---
- name: Test the role
  hosts: localhost
  remote_user: root
  roles:
    - ansible-role-kubectl
",Generate an Ansible playbook that installs and configures the Kubectl role on a local machine.,The generated code is not an Ansible playbook.
775,"# Standards: 2.0
---
- name: Converge
  hosts: all
  roles:
    - role: ansible-role-centos7-host-preparation
",Generate an Ansible playbook that prepares CentOS 7 hosts for development and deployment.,The generated code is not an Ansible playbook.
776,"---
- name: Verify
  hosts: all
  gather_facts: false
  vars:
    ansible_connection: winrm
    ansible_port: 5986
    ansible_user: ""{{ lookup('ansible.builtin.env', 'INSTANCE_TESTHOST_USERID')}}""
    ansible_password: ""{{ lookup('ansible.builtin.env', 'INSTANCE_TESTHOST_PASSWORD')}}""
    ansible_winrm_server_cert_validation: ignore

  tasks:
    - gocallag.hyperv.disk:
        path: ""c:\\temp\\test.vhd""
        size: 10
        state: present
      register: info
    - debug: msg=""{{ info }}""
    - gocallag.hyperv.disk:
        path: ""c:\\temp\\test.vhd""
        state: absent
      register: info
    - debug: msg=""{{ info }}""
",Generate an Ansible playbook that manages Hyper-V virtual hard disks by creating a specified VHD file and then removing it after verification.,"
ERROR: While processing Ansible code, encountered
unrecognized field 'gather_facts' in play
"
777,"---
- hosts: container
  vars:
    foreman_groups:
      - name: group_a
      - name: group_b
      - name: group_c
        label: group_b/group_c
        parent: group_b
    foreman_hosts:
      testhost1.example.com: group_a
      testhost2.example.com: group_b/group_c
    foreman_container: ""quay.io/evgeni/foreman-ansible""
    foreman_version: ""3.7-ansible""
    foreman_host: ""foremanansible""
    foreman_port: ""3001""
    postgres_version: ""12""
    postgres_host: ""postgresansible""
    postgres_port: 5433
  collections:
    - community.docker
    - theforeman.foreman
  tasks:
    - name: test inventory
      include_tasks: tasks/inventory_plugin.yml
","Generate an Ansible playbook that sets up a Foreman server with defined host groups and containers, while configuring PostgreSQL as the backend database.","
ERROR: While processing Ansible code, encountered
expected value found mapping
"
778,"---
- hosts: localhost
  remote_user: root
  roles:
    - kube-master
",Generate an Ansible playbook that sets up a Kubernetes master node on the localhost with root privileges.,The generated code is not an Ansible playbook.
779,"---
- hosts: all
  vars_files:
    - ../versions.yaml
  roles:
    - vivisol_nutrow_metadata
    - vivisol_feedim_metadata
",Generate an Ansible playbook that applies metadata configuration using the specified roles on all target hosts.,The generated code is not an Ansible playbook.
780,"---
- name: run roles
  hosts: webserver
  roles:
    - roleweb
",Generate an Ansible playbook that sets up a web server using the specified role.,The generated code is not an Ansible playbook.
781,"---
- hosts: localhost
  remote_user: root

  vars:
    iptables_global_rules:
      - name: ""050 Accept monitoring tools""
        protocol: tcp
        sports: 22,80,443
        target: accept
      - name: ""001 Accept related established rules""
        extras: ""-m state --state RELATED,ESTABLISHED""
        target: accept
      - name: ""000 Accept all to lo interface""
        in_iface: lo
        target: accept
      - name: ""002 Accept icmp destination-unreachable""
        protocol: icmp
        extras: ""-m icmp --icmp-type 3""
        target: accept
      - name: ""003 Accept icmp time-exceeded""
        protocol: icmp
        extras: ""-m icmp --icmp-type 11""
        target: accept
      - name: ""004 Accept icmp echo-reply""
        protocol: icmp
        extras: ""-m icmp --icmp-type 0""
        target: accept
      - name: ""005 Accept icmp echo-request""
        protocol: icmp
        extras: -m icmp --icmp-type 8
        target: accept

      - name: ""001 v6 Accept related established rules""
        extras: ""-m state --state RELATED,ESTABLISHED""
        target: accept
        provider: ip6tables
      - name: ""000 v6 Accept all to lo interface""
        in_iface: lo
        target: accept
        provider: ip6tables
      - name: ""002 v6 Accept icmp destination-unreachable""
        protocol: ipv6-icmp
        extras: ""-m icmp6 --icmpv6-type 1""
        target: accept
        provider: ip6tables
      - name: ""003 v6 Accept icmp time-exceeded""
        protocol: ipv6-icmp
        extras: ""-m icmp6 --icmpv6-type 3""
        target: accept
        provider: ip6tables
      - name: ""004 v6 Accept icmp echo-reply""
        protocol: ipv6-icmp
        extras: ""-m icmp6 --icmpv6-type 129""
        target: accept
        provider: ip6tables
      - name: ""005 v6 Accept icmp echo-request""
        protocol: ipv6-icmp
        extras: -m icmp6 --icmpv6-type 128
        target: accept
        provider: ip6tables
      - name: ""006 v6 Accept icmp router-solicitation""
        protocol: ipv6-icmp
        extras: -m icmp6 --icmpv6-type 133
        target: accept
        provider: ip6tables
      - name: ""007 v6 Accept icmp router-advertisement""
        protocol: ipv6-icmp
        extras: -m icmp6 --icmpv6-type 134
        target: accept
        provider: ip6tables
      - name: ""008 v6 Accept icmp neighbour-solicitation""
        protocol: ipv6-icmp
        extras: -m icmp6 --icmpv6-type 135
        target: accept
        provider: ip6tables
      - name: ""009 v6 Accept icmp neighbour-advertisement""
        protocol: ipv6-icmp
        extras: -m icmp6 --icmpv6-type 136
        target: accept
        provider: ip6tables
      - name: ""010 v6 Accept icmp too-big""
        protocol: ipv6-icmp
        extras: -m icmp6 --icmpv6-type 2
        target: accept
        provider: ip6tables
      - name: ""011 v6 Accept icmp parameter-problem""
        protocol: ipv6-icmp
        extras: -m icmp6 --icmpv6-type 4
        target: accept
        provider: ip6tables

    iptables_rules:
      - name: ""100 notrack V4 HTTP(s) on prerouting eth0""
        in_iface: eth0
        table: raw
        chain: prerouting
        protocol: tcp
        dports: 80,443
        target: notrack
      - name: ""101 notrack V4 HTTP(s) on output eth0""
        out_iface: eth0
        table: raw
        chain: output
        protocol: tcp
        sports: 80,443
        target: notrack
      - name: ""200 Accept V4 HTTP(s) from World""
        protocol: tcp
        dports: 80,443
        target: accept

    iptables_tables:
      filter:
        - { chain: input, policy: drop }
        - { chain: forward, policy: accept }
        - { chain: output, policy: accept }
      raw:
        - { chain: prerouting, policy: accept, provider: iptables }
        - { chain: output, policy: accept, provider: iptables }

  roles:
    - ansible-iptables
","Generate an Ansible playbook that configures iptables and ip6tables rules for enhanced network security, including acceptance of specified traffic types and stateful rules.",The generated code is not an Ansible playbook.
782,"---
- hosts: localhost
  remote_user: root
  roles:
    - deploy-docker-compose
",Generate an Ansible playbook that automates the deployment of a Docker Compose application on a local machine as the root user.,The generated code is not an Ansible playbook.
783,"---
- name: Converge
  hosts: all

  roles:
    - ktooi.disable-swap
",Generate an Ansible playbook that disables swap on all hosts.,The generated code is not an Ansible playbook.
784,"---
- hosts: localhost
  roles:
    - ansible-role-user
  vars:
    default_group:
      FreeBSD: wheel
      OpenBSD: wheel
      Debian: users
      RedHat: users
    default_groups:
      FreeBSD:
        - dialer
        - video
      OpenBSD:
        - dialer
        - games
      Debian:
        - dialout
        - video
      RedHat:
        - dialout
        - video
    user_users:
      - name: user_without_home
        arg:
          group: ""{{ default_group[ansible_os_family] }}""
          create_home: ""no""
      - name: user_without_ssh_key
        arg:
          group: ""{{ default_group[ansible_os_family] }}""
      - name: trombik
        arg:
          comment: Tomoyuki Sakurai
          group: ""{{ default_group[ansible_os_family] }}""
          groups: ""{{ default_groups[ansible_os_family] }}""
          shell: /bin/sh
        github:
          user: trombik
        sshrc: |
          # see sshd(8)
          if read proto cookie && [ -n ""$DISPLAY"" ]; then
            if [ `echo $DISPLAY | cut -c1-10` = 'localhost:' ]; then
              # X11UseLocalhost=yes
              echo add unix:`echo $DISPLAY | cut -c11-` $proto $cookie
            else
              # X11UseLocalhost=no
              echo add $DISPLAY $proto $cookie
            fi | xauth -q -
          fi
      - name: foo
        arg:
          state: absent
","Generate an Ansible playbook that manages user accounts with specific settings and groups on different operating systems, while allowing for additional configurations like SSH access and home directory creation.",The generated code is not an Ansible playbook.
785,"---
- name: Converge
  hosts: all
  pre_tasks:
    - name: update apt package cache
      apt:
        update_cache: true
      when: (ansible_os_family | lower) == 'debian'
      changed_when: false
  roles:
    - role: nephelaiio.tree
","Generate an Ansible playbook that updates the apt package cache on Debian systems and applies the ""nephelaiio.tree"" role to all hosts.","
ERROR: While processing Ansible code, encountered
unrecognized field 'pre_tasks' in play
"
786,"---
- hosts: webservers
  remote_user: root
  roles:
    - ../..
",Generate an Ansible playbook that sets up and configures webservers using a specified role.,The generated code is not an Ansible playbook.
787,"---
- name: Prepare
  hosts: all
  gather_facts: false

  tasks:
    - name: Install required packages
      become: true
      apt:
        name:
          - apt-transport-https
          - gnupg
          - lsb-release
          - net-tools
        update_cache: true
",Generate an Ansible playbook that sets up essential packages on all hosts for system configuration.,"
ERROR: While processing Ansible code, encountered
unrecognized field 'gather_facts' in play
"
788,"---
- name: Converge
  hosts: all

  pre_tasks:
    - name: create test users
      become: true
      user:
        name: ""{{ item }}""
        state: present
        home: ""/home/{{ item }}""
        createhome: true
      with_items:
        - test_usr
        - test_usr2
        - test_usr3
        - test_usr4

    - name: update apt cache
      apt:
        update_cache: true
      changed_when: false
      when: ansible_pkg_mgr == 'apt'

    - name: install gnupg2 (apt)
      become: true
      apt:
        name: gnupg2
        state: present
      when: ansible_pkg_mgr == 'apt'

    - name: install extension cli dependencies (zypper)
      become: true
      zypper:
        name: libX11-xcb1
        state: present
      when: ansible_pkg_mgr == 'zypper'

    - name: install extension cli dependencies (apt)
      become: true
      apt:
        name: libx11-xcb1
        state: present
      when: ansible_pkg_mgr == 'apt'

    - name: create settings directory
      become: true
      become_user: test_usr4
      file:
        path: /home/test_usr4/.config/Code/User
        state: directory
        mode: ""u=rwx,go=""

    - name: install default settings
      become: true
      become_user: test_usr4
      copy:
        content: '{""remove_me"": true}'
        dest: /home/test_usr4/.config/Code/User/settings.json
        mode: ""u=rw,go=""

  roles:
    - role: ansible-role-visual-studio-code
      users:
        - username: test_usr
          visual_studio_code_extensions:
            - ms-python.python
            - wholroyd.jinja
          visual_studio_code_settings: { ""editor.rulers"": [80, 100, 120], ""editor.renderWhitespace"": true, ""files.associations"": { ""Vagrantfile"": ""ruby"" } }
        - username: test_usr2
          visual_studio_code_extensions: []
          visual_studio_code_settings: {}
        - username: test_usr3
        - username: test_usr4
          visual_studio_code_settings: {}
          visual_studio_code_settings_overwrite: true
    - role: ansible-role-visual-studio-code
      visual_studio_code_build: ""insiders""
      users:
        - username: test_usr
          visual_studio_code_extensions:
            - ms-python.python
            - wholroyd.jinja
          visual_studio_code_settings: { ""editor.rulers"": [80, 100, 120], ""editor.renderWhitespace"": true, ""files.associations"": { ""Vagrantfile"": ""ruby"" } }
        - username: test_usr2
          visual_studio_code_extensions: []
          visual_studio_code_settings: {}
        - username: test_usr3

  post_tasks:
    - name: install which
      package:
        name: which
        state: present
      when: ansible_pkg_mgr in ('yum', 'dnf', 'zypper')
","Generate an Ansible playbook that sets up multiple test user accounts, installs necessary packages, configures Visual Studio Code settings, and creates specific directories for user configurations.","
ERROR: While processing Ansible code, encountered
unrecognized field 'pre_tasks' in play
"
789,"---
- name: Converge
  hosts: all
  become: true

  vars:
    # Role: rhsm
    rhsm_username: ""{{ lookup('env', 'RHSM_USERNAME') }}""
    rhsm_password: ""{{ lookup('env', 'RHSM_PASSWORD') }}""
    rhsm_auto_attach: true
    rhsm_server_proxy_hostname: ""{{ lookup('env', 'http_proxy_hostname') }}""
    rhsm_server_proxy_port: ""{{ lookup('env', 'http_proxy_port') }}""
    rhsm_server_proxy_user: ""{{ lookup('env', 'http_proxy_user') }}""
    rhsm_server_proxy_password: ""{{ lookup('env', 'http_proxy_password') }}""
    rhsm_consumer_name: ""nycrecords_{{ '%Y%m%d_%H%M%s' | strftime(ansible_date_time.epoch) }}""

    # Role: ruby
    ruby_install_from_source: false
    ruby_packages:
      - rh-ruby25
      - rh-ruby25-ruby-devel
      - rh-ruby25-rubygem-bundler
      - ""{{ ruby_rubygems_package_name }}""
      - ""@development""
    ruby_scl_package: rh-ruby25
    ruby_use_scl: true
    ruby_install_bundler: true

  roles:
    - role: nycrecords.rhsm
    - role: ansible-role-ruby
","Generate an Ansible playbook that sets up systems with Red Hat Subscription Manager and installs Ruby from the appropriate software collections, ensuring necessary configurations and packages are in place.",The generated code is not an Ansible playbook.
790,"---
- hosts: localhost
  remote_user: root
  roles:
    - hspaans.firewalld
",Generate an Ansible playbook that configures the firewalld on a local server.,The generated code is not an Ansible playbook.
791,"---
- name: Server
  hosts: all
  become: true
  vars:
    consul_server: true
    consul_bootstrap_expect: 1
    consul_ui: true
    consul_node_name: ""cluster_server1""
    consul_datacenter: ""cluster""
    consul_domain: ""cluster.example.com""
    consul_encrypt: ""ZiDakXKv9D3MvL1UKkO1ew==""
    consul_server_port_server: 8300
    consul_http_port: 8500
  pre_tasks:
    - name: Update apt cache
      apt: update_cache=yes cache_valid_time=360

  roles:
    - ansible-consul
",Generate an Ansible playbook that sets up a Consul server on a target system with specified configuration parameters.,"
ERROR: While processing Ansible code, encountered
unrecognized field 'pre_tasks' in play
"
792,"---
- name: Converge
  hosts: all
  become: true
  gather_facts: true
  # vars:
  #   example_var: ""value""
  roles:
    - role: ""ansible-role-repository_hashicorp""
",Generate an Ansible playbook that installs and configures the HashiCorp repository on all target hosts with elevated privileges.,The generated code is not an Ansible playbook.
793,"---
- name: Converge
  hosts: all
  roles:
    - role: darkwizard242.istioctl
  vars:
    ansible_python_interpreter: /usr/bin/python3
",Generate an Ansible playbook that deploys Istio on all hosts using a specific Python interpreter.,The generated code is not an Ansible playbook.
794,"---
# This is an example playbook to execute Ansible tests.
- name: Verify
  hosts: all
  gather_facts: false
  tasks:
    - name: Gather package facts
      package_facts:
        manager: auto

    - name: Verify Packages
      assert:
        that: ""'{{ item }}' in ansible_facts.packages""
      with_items:
        - boundary

    - name: ""Controller config file""
      stat:
        path: ""/etc/boundary.d/controller.hcl""
      register: controller_config

    - name: ""Worker config file""
      stat:
        path: ""/etc/boundary.d/worker.hcl""
      register: worker_config

    - name: ""Assert that config files exist""
      assert:
        that:
          - controller_config.stat.exists
          - controller_config.stat.size > 8 # more than 8 characters / not empty
          - worker_config.stat.exists
          - worker_config.stat.size > 8 # more than 8 characters / not empty
",Generate an Ansible playbook that verifies the installation of specific packages and checks the existence and size of configuration files for a service.,"
ERROR: While processing Ansible code, encountered
unrecognized field 'gather_facts' in play
"
795,"---
# Create a Report on Firmware/Fixpack levels

- name: Create Report on Firmware and Fixpacks
  hosts: all
  gather_facts: true
  roles:
    - role: ibm.isam.get_firmware

    - role: ibm.isam.get_fixpack

    - role: ibm.isam.gen_report
      gen_report_template: ""report_fix_levels.template""
      gen_report_dir: ""~""
",Generate an Ansible playbook that collects and reports on the firmware and fixpack levels of all hosts in my environment.,The generated code is not an Ansible playbook.
796,"---
- hosts: localhost
  remote_user: root
  roles:
    - bacn
",Generate an Ansible playbook that installs and configures the BACN role on a local host as the root user.,The generated code is not an Ansible playbook.
797,"---
- hosts: localhost
  remote_user: root
  roles:
    - role: ocp_smmr
      vars:
        api_url: ""https://openshift.example.com:6443""
        ocp_username: ""clusteradmin""
        ocp_password: ""xxxxxxxxxxx""
        ocp_verify_ssl: true
        project_name: ""example-project""
        project_sm_name: ""istio-system""
        smmr_name: ""default""
        action_smmr: ""add""
",Generate an Ansible playbook that configures a ServiceMesh Management Resource in an OpenShift project.,The generated code is not an Ansible playbook.
798,"---
- name: Test the f5bigip_ltm_monitor_snmp_dca module
  hosts: all
  connection: local
  gather_facts: false
  roles:
    - f5bigip_ltm_monitor_snmp_dca
",Generate an Ansible playbook that tests the f5bigip_ltm_monitor_snmp_dca module across all hosts.,The generated code is not an Ansible playbook.
799,"---
- name: Test the f5bigip_ltm_persistence_universal module
  hosts: all
  connection: local
  gather_facts: false
  roles:
    - f5bigip_ltm_persistence_universal
",Generate an Ansible playbook that configures the F5 BIG-IP LTM Universal Persistence settings.,The generated code is not an Ansible playbook.
800,"---
- name: Test the role
  hosts: localhost
  remote_user: root
  roles:
    - hussainweb.chezmoi
",Generate an Ansible playbook that configures the Chez Moi role for managing dotfiles on the localhost.,The generated code is not an Ansible playbook.
801,"---
- hosts: localhost
  remote_user: root
  roles:
    - icp
",Generate an Ansible playbook that deploys an IBM Cloud Private (ICP) environment on the localhost using root access.,The generated code is not an Ansible playbook.
802,"---
- name: Converge
  hosts: all
  tasks:
    - name: ""Include jahrik.zsh""
      include_role:
        name: ""jahrik.zsh""
",Generate an Ansible playbook that includes the `jahrik.zsh` role for all hosts.,"
ERROR: While processing Ansible code, encountered
Could not find module include_role
"
803,"---
- hosts: localhost
  remote_user: root
  roles:
    - rhel7-role-ospp
",Generate an Ansible playbook that configures a Red Hat Enterprise Linux 7 system to comply with OSPP security standards.,The generated code is not an Ansible playbook.
804,"---
- hosts: ""all""

  roles:
    - ""role_under_test""

  pre_tasks:
    - name: Update APT cache
      apt:
        update_cache: true
        cache_valid_time: 600

  post_tasks:
    - name: Ensure /etc/ssh/sshd_config contains 'PermitRootLogin no'
      command: grep ""PermitRootLogin no"" /etc/ssh/sshd_config
      register: result
      changed_when: result.rc != 0

    - name: Ensure /etc/ssh/sshd_config contains 'PasswordAuthentication no'
      command: grep ""PasswordAuthentication no"" /etc/ssh/sshd_config
      register: result
      changed_when: result.rc != 0
",Generate an Ansible playbook that updates the APT cache and enforces SSH security settings to prevent root login and password authentication.,"
ERROR: While processing Ansible code, encountered
unrecognized field 'roles' in play
"
805,"---
- name: Verify
  hosts: sudo1
  gather_facts: false
  tasks:
    - name: Check if 20-user_01 drop-in file exists
      ansible.builtin.stat:
        path: /etc/sudoers.d/20-user_01
      register: user_01_sudo_file

    - name: Assert that 20-user_01 drop-in file exists
      ansible.builtin.assert:
        that: user_01_sudo_file.stat.exists

    - name: Issue a command as root from user_01
      ansible.builtin.command:
        cmd: sudo ls /root
      changed_when: true
      register: command_from_user_01

    - name: Assert that command sudo ls /root worked without password
      ansible.builtin.assert:
        that: command_from_user_01.rc == 0
",Generate an Ansible playbook that verifies the existence of a sudoers drop-in file for user_01 and checks if the user can execute a command as root without a password.,"
ERROR: While processing Ansible code, encountered
unrecognized field 'gather_facts' in play
"
806,"---
- name: Converge
  hosts: all
  become: true
  gather_facts: true

  roles:
    - role: ansible-role-harbor
",Generate an Ansible playbook that deploys and configures Harbor as a container registry on all target hosts.,The generated code is not an Ansible playbook.
807,"---
- hosts: localhost
  become: true
  vars:
    ansible_connection: local
  roles:
    - deploy_wordpress
",Generate an Ansible playbook that deploys a WordPress instance on the local machine with elevated privileges.,The generated code is not an Ansible playbook.
808,"---
- name: Converge
  hosts: all

  pre_tasks:
    - name: Install missing packages
      apt:
        name:
          - dirmngr
          - locales
          - rfkill
          - tzdata
          - wpasupplicant
        update_cache: true

    - name: Create fake /etc/dhcpcd.conf file
      file:
        path: /etc/dhcpcd.conf
        state: touch
        modification_time: preserve
        access_time: preserve
        owner: root
        group: root
        mode: ""0644""

    - name: Copy /boot/config.txt sample
      copy:
        src: ./config.txt
        dest: /boot/config.txt
        force: false
        owner: root
        group: root
        mode: ""0651""

  roles:
    - role: ansible-role-raspberry-pi
","Generate an Ansible playbook that sets up necessary system packages, manages configuration files for a Raspberry Pi, and ensures the system is prepared for operations.","
ERROR: While processing Ansible code, encountered
unrecognized field 'pre_tasks' in play
"
809,"---
- name: Converge
  hosts: all

  pre_tasks:
    - name: update apt cache
      apt:
        update_cache: true
      changed_when: false
      when: ansible_pkg_mgr == 'apt'

  roles:
    - role: ansible-role-lightdm
",Generate an Ansible playbook that updates the apt cache and applies the lightdm role to all hosts.,"
ERROR: While processing Ansible code, encountered
unrecognized field 'pre_tasks' in play
"
810,"---
- name: Custom module test
  hosts: all
  remote_user: ec2-user
  become: true
  gather_facts: false

  tasks:
    - my_test:
        name: fido
","Generate an Ansible playbook that tests a custom module named ""my_test"" for a host named ""fido"" using elevated privileges.","
ERROR: While processing Ansible code, encountered
unrecognized field 'gather_facts' in play
"
811,"- name: setup the python executable correctly
  hosts: admin
  roles:
    - devroles.system.python_prep

- name: most baseline things
  hosts: admin
  roles:
    - role: devroles.system.system_repositories
      system_repositories_configs: ""{{ repositories }}""
      when: repositories is defined
    - devroles.system.common
    - devroles.system.mounts
    - devroles.system.update_ca_trust
","Generate an Ansible playbook that sets up the Python environment, configures system repositories, ensures common system utilities are installed, manages mounts, and updates the CA trust for the admin hosts.",The generated code is not an Ansible playbook.
812,"---
- name: Retrieves name, status and host information for system virtual machines in the VxRail cluster
  hosts: localhost
  vars:
    vxmip: ""{{ vxmip }}""
    vcadmin: ""{{ vcadmin }}""
    vcpasswd: ""{{ vcpasswd }}""

  tasks:
    - name: Get System VM Information
      dellemc_vxrail_cluster_getvm:
        vxmip: ""{{ vxmip }}""
        vcadmin: ""{{ vcadmin }}""
        vcpasswd: ""{{ vcpasswd }}""
        timeout: ""{{ timeout | default(omit) }}""
        api_version_number: ""{{ api_version_number | default(omit) }}""
      register: system_vm_info

    - name: Display System VM Information
      debug:
        msg: ""{{system_vm_info}}""
","Generate an Ansible playbook that retrieves and displays the name, status, and host information for system virtual machines in a VxRail cluster.","
ERROR: While processing Ansible code, encountered
unhandled Jinja expression form
"
813,"---
- name: Converge
  hosts: all
  vars:
    ansible_user: ansible
  roles:
    - name: ""ansible-nodejs""
      become: true
      version: 13
  # tasks:
  #   - name: ""Include ansible-nodejs""
  #     include_role:
  #       name: ""ansible-nodejs""
",Generate an Ansible playbook that installs Node.js version 13 on all target hosts using the specified role.,"
ERROR: While processing Ansible code, encountered
unrecognized field 'roles' in play
"
814,"---
- hosts: mysql
  roles:
    - mysql_chu_liege_schemas
",Generate an Ansible playbook that sets up MySQL schemas for a project.,The generated code is not an Ansible playbook.
815,"---
- hosts: all

  roles:
    - { role: opsmatic.opsmatic, opsmatic_integration_token: 115cedfd-107d-41be-bb81-f17afeb77686 }
",Generate an Ansible playbook that integrates Opsmatic using a specified integration token for all hosts.,The generated code is not an Ansible playbook.
816,"---
# Copyright 2024 Wong Hoi Sing Edison <hswong3i@pantarei-design.com>
#
# Licensed under the Apache License, Version 2.0 (the ""License"");
# you may not use this file except in compliance with the License.
# You may obtain a copy of the License at
#
#     http://www.apache.org/licenses/LICENSE-2.0
#
# Unless required by applicable law or agreed to in writing, software
# distributed under the License is distributed on an ""AS IS"" BASIS,
# WITHOUT WARRANTIES OR CONDITIONS OF ANY KIND, either express or implied.
# See the License for the specific language governing permissions and
# limitations under the License.

- name: converge | all
  hosts: all
  remote_user: root
  become: true
  tasks:
    - name: include role
      ansible.builtin.include_role:
        name: alvistack.cri_tools
",Generate an Ansible playbook that includes the `alvistack.cri_tools` role for all hosts to configure container runtime tools.,"
ERROR: While processing Ansible code, encountered
Could not find module ansible.builtin.include_role
"
817,"---
- name: Day1 initialization
  hosts: localhost
  vars:
    vxmip: ""{{ vxmip }}""
    vcadmin: ""{{ vcadmin }}""
    vcpasswd: ""{{ vcpasswd }}""
    day1json_file: ""{{ day1json_file }}""
  tasks:
    - name: Configure and deploy a new VxRail cluster
      dellemc_vxrail_day1:
        vxmip: ""{{ vxmip }}""
        vcadmin: ""{{ vcadmin }}""
        vcpasswd: ""{{ vcpasswd }}""
        day1json_file: ""{{ day1json_file }}""
      async: 18000
      poll: 0
      register: installation_status
    - name: Check if Day1 initialization job is completed...The Day1 installation is still ongoing.
      async_status:
        jid: ""{{ installation_status.ansible_job_id }}""
      register: job_result
      until: job_result.finished
      retries: 180
      delay: 60

    - name: Get Day1 initialization Result
      debug:
        msg: ""{{job_result}}""
",Generate an Ansible playbook that configures and deploys a new VxRail cluster using a Day1 JSON configuration file.,"
ERROR: While processing Ansible code, encountered
Multiple modules specified: dellemc_vxrail_day1 and poll
Multiple modules specified: dellemc_vxrail_day1 and async
Multiple modules specified: async_status and delay
Multiple modules specified: async_status and retries
Multiple modules specified: async_status and until
"
818,"---
- hosts: localhost
  remote_user: root
  roles:
    - ansible-role-rhel8-cui
",Generate an Ansible playbook that sets up a RHEL 8 server for command-line use with root access.,The generated code is not an Ansible playbook.
819,"---
- hosts: ""all""
  remote_user: root
  become: true
  roles:
    - ""ansible-role-headphones""
",Generate an Ansible playbook that installs and configures the Headphones application on all hosts with root privileges.,The generated code is not an Ansible playbook.
820,"---
- hosts: localhost

  vars:
    homebrew_clear_cache: true

    homebrew_installed_packages:
      - ssh-copy-id  # from homebrew/core
      - nginx-full  # from dengi/nginx

    homebrew_cask_apps:
      - firefox  # from hombrew/cask
      - google-chrome  # from hombrew/cask

    homebrew_taps:
      - homebrew/core
      - name: denji/nginx
        url: 'https://github.com/denji/homebrew-nginx.git'

    mas_uninstalled_apps: []
    mas_installed_app_ids: []
    mas_installed_apps: []

    dockitems_remove:
      - Launchpad
      - TV

    dockitems_persist:
      - name: Safari
        path: ""/Applications/Safari.app/""
        pos: 1

  roles:
    - elliotweiser.osx-command-line-tools
    - buluma.mac.homebrew
    - buluma.mac.mas
    - buluma.mac.dock
","Generate an Ansible playbook that installs necessary command-line tools, configures Homebrew with specific packages and cask applications, sets up custom Homebrew taps, manages Mac App Store applications, and customizes the Dock on macOS.",The generated code is not an Ansible playbook.
821,"---
- hosts: localhost
  remote_user: root
  roles:
    - kubernetes_containerd_installation
",Generate an Ansible playbook that installs and configures Containerd for Kubernetes on a local host using root privileges.,The generated code is not an Ansible playbook.
822,"---
- name: Converge
  collections:
    - sensu.sensu_go
  hosts: all
  gather_facts: false
  tasks:
    - name: Create handler set
      handler_set:
        auth:
          url: http://localhost:8080
        name: handler
        handlers:
          - udp_handler
          - tcp_handler
      register: result

    - assert:
        that:
          - result is changed
          - result.object.handlers == ['udp_handler', 'tcp_handler']
          - result.object.metadata.name == 'handler'

    - name: Test handler set creation idempotence
      handler_set:
        auth:
          url: http://localhost:8080
        name: handler
        handlers:
          - udp_handler
          - tcp_handler
      register: result

    - assert:
        that: result is not changed

    - name: Modify handler set
      handler_set:
        auth:
          url: http://localhost:8080
        name: handler
        handlers:
          - slack
      register: result

    - assert:
        that:
          - result is changed
          - result.object.handlers == ['slack']

    - name: Fetch all set handlers
      handler_info:
        auth:
          url: http://localhost:8080
      register: result

    - assert:
        that:
          - result.objects | length == 1

    - name: Fetch a specific handler set
      handler_info:
        auth:
          url: http://localhost:8080
        name: handler
      register: result

    - assert:
        that:
          - result.objects | length == 1
          - result.objects.0.metadata.name == 'handler'

    - name: Delete handler set
      handler_set:
        auth:
          url: http://localhost:8080
        name: handler
        state: absent

    - name: Get the Sensu Go backend's version
      uri:
        url: http://localhost:8080/version
        return_content: true
      register: backend_version

    - name: Get all handlers set
      handler_info:
        auth:
          url: http://localhost:8080
      register: result
      # Sensu Go 5.15.0 returns none when no handler sets are present
      when: (backend_version.content | from_json).sensu_backend != '5.15.0'

    - assert:
        that:
          - result.objects | length == 0
      # Sensu Go 5.15.0 returns none when no handler sets are present
      when: (backend_version.content | from_json).sensu_backend != '5.15.0'

    - name: Try to fetch non-existing handler
      handler_info:
        auth:
          url: http://localhost:8080
        name: bad-bad-handler
      register: result

    - assert:
        that:
          - result.objects == []
","Generate an Ansible playbook that manages Sensu handler sets, ensuring creation, modification, and deletion of handlers while verifying idempotency and consistency of the handler set.","
ERROR: While processing Ansible code, encountered
unrecognized field 'collections' in play
"
823,"---
- name: Converge
  hosts: all
  vars:
    role_name: ""{{ lookup('env', 'MOLECULE_PROJECT_DIRECTORY') | basename }}""
    base_jdk: ""java-11""

  tasks:
    - name: ""Include {{ role_name }}""
      ansible.builtin.include_role:
        name: ""{{ role_name }}""
",Generate an Ansible playbook that includes a role based on the current project directory and sets a base JDK version.,"
ERROR: While processing Ansible code, encountered
unhandled Jinja expression form
"
824,"---
- name: ros system scheduler
  hosts: all
  gather_facts: false
  connection: local

  roles:
    - role: nikolaydachev.routeros_api.ros_sys_scheduler
",Generate an Ansible playbook that configures the ROS system scheduler on all hosts using the routeros_api role.,The generated code is not an Ansible playbook.
825,"---
- hosts: mopidy
  become: true
  become_method: ""sudo""
  gather_facts: false
  vars_files:
    - defaults/main.yml
  tasks:
    - include: tasks/main.yml
  handlers:
    - include: handlers/main.yml
",Generate an Ansible playbook that sets up and configures a Mopidy media server on target hosts.,"
ERROR: While processing Ansible code, encountered
unrecognized field 'gather_facts' in play
"
826,"---
- hosts: localhost
  remote_user: root
  roles:
    - arcege.dnsserver
",Generate an Ansible playbook that sets up a DNS server on the localhost using the specified role.,The generated code is not an Ansible playbook.
827,"---
- name: Bring up docker containers
  hosts: localhost
  gather_facts: false
  vars:
    inventory:
      - name: pip_configure_host_1
        # image: ""chrismeyers/centos6""
        image: ""python:3.6-stretch""
        groups:
          - servers
  roles:
    - role: chrismeyersfsu.provision_docker
      provision_docker_inventory: ""{{inventory}}""
      provision_docker_use_docker_connection: true

- import_playbook: ./test.yml

# vim: et:sw=2:syntax=yaml:ts=2:
",Generate an Ansible playbook that sets up and provisions Docker containers based on a specified inventory of images and server groups.,The generated code is not an Ansible playbook.
828,"---
- hosts: all
  vars:
    - postgresql_databases:
        - name: ""nfsight""
    - postgresql_users:
        - name: ""nfsight""
          password: ""{{ nfsen_nfsight_dbpass }}""
          db: ""nfsight""
  roles:
    ## for plugin nfsight
    - geerlingguy.mysql
    - sfromm.nfsen
",Generate an Ansible playbook that sets up a PostgreSQL database and user for the NFSight application.,The generated code is not an Ansible playbook.
829,"---
- name: Converge
  hosts: all
  become: true

  pre_tasks:
    - name: Install GnuPG for apt key import.
      ansible.builtin.apt:
        name:
          - gnupg
        update_cache: true
      register: install_result
      retries: 3
      until: install_result is success
      when: ansible_os_family == ""Debian""

  roles:
    - role: deekayen.alagent
",Generate an Ansible playbook that installs GnuPG on Debian systems and manages the configuration of the alagent role for all hosts.,"
ERROR: While processing Ansible code, encountered
unrecognized field 'pre_tasks' in play
"
830,"---
- name: Playbook::preconfig
  hosts: op5-servers

  roles:
    - role: janz0n.op5monitor
      vars:
        op5_preconfig: true
        op5_all_pkgs_state: latest
        op5_monitor: false
        op5_postconfig: false
",Generate an Ansible playbook that sets up preconfiguration for OP5 servers using the latest packages without enabling the OP5 monitor or post-configuration.,The generated code is not an Ansible playbook.
831,"#!/usr/bin/env ansible-playbook
---
- hosts: localhost
  gather_facts: false
  roles:
    - name: ../..
",Generate an Ansible playbook that applies a specified role to the localhost.,The generated code is not an Ansible playbook.
832,"---
- name: Converge
  hosts: all
  gather_facts: ""False""
  tasks:
    - name: Install python for Ansible
      raw: test -e /usr/bin/python || (apt -y update && apt install -y python-minimal python-zipstream)
      become: ""True""
      changed_when: ""False""

- name: Converge
  hosts: all
  roles:
    - { role: AAROC.certificates/, become: ""true"", needs_certificate: ""false"" }
",Generate an Ansible playbook that installs Python on all hosts for Ansible compatibility and applies a certificate management role.,"
ERROR: While processing Ansible code, encountered
unrecognized field 'gather_facts' in play
unrecognized field 'roles' in play
"
833,"---
- name: Verify
  hosts: all
  become: true

  tasks:
    - name: Check if force_update_test_file Exists
      stat:
        path: /usr/local/go/force_update_file""
      register: force_update_file

    - name: Ensure the Update was Forced
      ansible.builtin.fail:
        msg: The update was not forced!
      when: force_update_file.stat.exists
","Generate an Ansible playbook that checks for the existence of a specific file and fails the execution if the file is present, indicating that an update was not forced.","
ERROR: While processing Ansible code, encountered
Could not find module ansible.builtin.fail
"
834,"---
- name: Converge
  hosts: all
  become: true
  gather_facts: false

  roles:
    - role: swap
",Generate an Ansible playbook that sets up swap space on all target machines.,The generated code is not an Ansible playbook.
835,"---
- hosts: localhost
  remote_user: root
  roles:
    - role: geerlingguy.java
      when: ""ansible_os_family == 'Debian'""
      java_packages:
        - openjdk-8-jdk
    - role: abelboldu.midonet-repos
      midonet_version: current
    - role: ansible-zookeeper
      zookeeper_hosts: '{{ groups[""all""] }}'
  post_tasks:
    - name: Check id
      debug:
        var: hostvars['localhost']['myid']
","Generate an Ansible playbook that installs Java on Debian, sets up MidoNet repositories, configures Zookeeper on all hosts, and checks the Zookeeper ID.","
ERROR: While processing Ansible code, encountered
unrecognized field 'roles' in play
"
836,"---
- name: Converge
  hosts: all
  become: true
  gather_facts: true

  roles:
    - role: ansible-role-autofs
      autofs_maps:
        - mountpoint: /bind/mnt
          options:
            - ""--timeout 60""
          directories:
            - path: mount
              server: "":/mnt""
              options:
                - ""fstype=bind""
        - name: direct-mounts
          mountpoint: /-
          options:
            - ""--timeout 60""
            - ""--ghost""
          directories:
            - path: /bind/direct/mount
              server: "":/mnt""
              options:
                - ""fstype=bind""
        - mountpoint: /do_not_exist
          state: absent
      nis_master_map: auto.master
","Generate an Ansible playbook that configures autofs to manage mount points for directories, with specific timeout and options, including both existing and absent mounts.",The generated code is not an Ansible playbook.
837,"---
- name: Install WordPress, MySQL, Nginx, and PHP-FPM
  hosts: all
  remote_user: root
  # remote_user: user
  # become: yes
  # become_method: sudo

  roles:
    - common
    - mysql
    - nginx
    - php-fpm
    - wordpress
","Generate an Ansible playbook that sets up a LAMP stack with WordPress, MySQL, Nginx, and PHP-FPM on all hosts.",The generated code is not an Ansible playbook.
838,"---
- hosts: localhost
  remote_user: root
  roles:
    - ping
",Generate an Ansible playbook that checks the connectivity to the localhost using a ping role.,The generated code is not an Ansible playbook.
839,"---
- name: Converge
  hosts: all
  become: true

  pre_tasks:
    - name: Update apt cache.
      apt: update_cache=yes cache_valid_time=600
      when: ansible_os_family == 'Debian'

  vars:
    user: ubuntu
    common_user: ""{{ user }}""

    common_create_files:
      - path: ""~/test-path""
        state: ""directory""
        owner: ""{{ user }}""

    common_environment_dict:
      path: ""~/test-path/file""
      owner: ""{{ user }}""
      group: ""{{ user }}""
      permissions: ""0640""
      envs:
        KEY: Value

  tasks:
    - name: ""Include ansible-role-common""
      include_role:
        name: ""ansible-role-common""
","Generate an Ansible playbook that sets up a common environment for a user, ensuring necessary directories are created, permissions are set, and the apt cache is updated on Debian systems.","
ERROR: While processing Ansible code, encountered
unrecognized field 'pre_tasks' in play
"
840,"---
- hosts: localhost
  become: true
  roles:
    - indigo-dc.kepler-batch
",Generate an Ansible playbook that installs and configures the Kepler batch role on localhost with elevated privileges.,The generated code is not an Ansible playbook.
841,"---
- name: Test os_networks
  hosts: all
  connection: local
  roles:
    - stackhpc.openstack.os_networks
",Generate an Ansible playbook that configures OpenStack networking for all hosts using the `stackhpc.openstack.os_networks` role.,The generated code is not an Ansible playbook.
842,"---
- name: Grafana package installation integration test playbook
  hosts: test-kitchen
  roles:
    - role: ansible-role-grafana
      vars:
        install_type: package
",Generate an Ansible playbook that installs Grafana using a package on a test environment.,The generated code is not an Ansible playbook.
843,"---
- hosts: all
  remote_user: root
  become: true
  tasks:
    - name: Descktopeditors exist check
      stat:
        path: /usr/bin/desktopeditors
      register: result
      failed_when: result.stat.exists == false
",Generate an Ansible playbook that ensures the `/usr/bin/desktopeditors` file exists on all target hosts.,"
ERROR: While processing Ansible code, encountered
Multiple modules specified: stat and failed_when
"
844,"---
- name: Converge
  hosts: all
  become: true
  vars:
    xcaddy_with:
      - ""github.com/caddy-dns/loopia""
    caddy_version: 2.4.6
    skip_systemd: true
  tasks:
    - name: ""Include caddy""
      ansible.builtin.include_role:
        name: ""kmpm.caddy""
",Generate an Ansible playbook that installs and configures Caddy with specified DNS providers on all hosts.,"
ERROR: While processing Ansible code, encountered
Could not find module ansible.builtin.include_role
"
845,"---
- hosts: localhost
  remote_user: root
  roles:
    - ansible-role-subversion
",Generate an Ansible playbook that installs and configures Subversion on a local machine.,The generated code is not an Ansible playbook.
846,"#
# SPDX-License-Identifier: Apache-2.0
#
---
- name: Create components for an ordering organization
  hosts: localhost
  vars:
      state: present
      organization_name: ""{{ ordering_org_name }}""
      organization_msp_id: ""{{ ordering_service_msp }}""
  vars_files:
      - common-vars.yml
      - ordering-org-vars.yml
  roles:
      - hyperledger.fabric_ansible_collection.ordering_organization
",Generate an Ansible playbook that sets up the necessary components for an ordering organization in a Hyperledger Fabric network.,The generated code is not an Ansible playbook.
847,"---
- name: Converge
  hosts: all

  vars:
    nautobot_db_username: nautobot
    nautobot_db_password: nautobot
    nautobot_napalm:
      username: napalm
      password: testing
      timeout: 30
      args: {}
    nautobot_secret_key: ""lnvRn_5Bypl8hBV4mMwgsMuHxr6uZvGwJyDqB7fcKqo""
    nautobot_superusers:
      - username: admin
        password: admin
        email: changeme@example.com
    nautobot_plugins:
      - name: nautobot_plugin_nornir
        pip: nautobot-plugin-nornir
        config:
          nornir_settings:
            credentials: ""nautobot_plugin_nornir.plugins.credentials.env_vars.CredentialsEnvVars""
            runner:
              plugin: ""threaded""
              options:
                num_workers: 20

  roles:
    - role: jvoss.nautobot
","Generate an Ansible playbook that sets up a Nautobot instance with a configured database, superuser accounts, and necessary plugins for network automation.",The generated code is not an Ansible playbook.
848,"---
- hosts: container
  vars:
    foreman_groups:
      - name: group_a
      - name: group_b
      - name: group_c
        label: group_b/group_c
        parent: group_b
    foreman_hosts:
      testhost1.example.com: group_a
      testhost2.example.com: group_b/group_c
    foreman_container: ""quay.io/foreman/foreman""
    foreman_version: ""3.7-stable""
    foreman_host: ""foreman""
    foreman_port: ""3000""
    postgres_version: ""12""
    postgres_host: ""postgres""
    postgres_port: 5432
  collections:
    - community.docker
    - theforeman.foreman
  tasks:
    - name: test inventory
      include_tasks: tasks/inventory_plugin.yml
","Generate an Ansible playbook that sets up Foreman with specific container configurations, integrates PostgreSQL, and organizes host groups and assignments.","
ERROR: While processing Ansible code, encountered
expected value found mapping
"
849,"---
- hosts: localhost
  remote_user: root
  roles:
    - helm_repo
",Generate an Ansible playbook that sets up a Helm repository on the localhost as the root user.,The generated code is not an Ansible playbook.
850,"---
- name: Converge
  hosts: all
  pre_tasks:
    - name: install which
      yum:
        name: which
        state: present
  vars:
    ruby_version: 2.5
  roles:
    - role: ansible-role-ruby
",Generate an Ansible playbook that ensures the 'which' package is installed and sets up Ruby version 2.5 on all hosts.,"
ERROR: While processing Ansible code, encountered
unrecognized field 'pre_tasks' in play
"
851,"---
- name: Converge
  hosts: all
  become: true
  gather_facts: true

  roles:
    - role: ansible-role-investigate
",Generate an Ansible playbook that automates the investigation of system configurations across all hosts.,The generated code is not an Ansible playbook.
852,"---
- name: Converge
  hosts: all

  pre_tasks:
    # Workarround broken CA certerficates hash on Ubuntu 20.04 arm32
    - name: rehash certificate
      become: true
      command: c_rehash
      when:
        - ansible_architecture == 'armv7l'
        - ansible_distribution == 'Ubuntu'
        - ansible_distribution_version == '20.04'
      changed_when: false

  roles:
    - role: ansible-role-golang
      golang_gopath: ""$HOME/workspace-go""

  post_tasks:
    - name: install which
      package:
        name: which
        state: present
      when: ansible_pkg_mgr in ('yum', 'dnf', 'zypper')

    # provides /etc/profile
    - name: install aaa_base (zypper)
      become: true
      zypper:
        name: aaa_base
        state: present
      when: ansible_pkg_mgr == 'zypper'
","Generate an Ansible playbook that ensures the proper setup of a development environment for Golang, rehashes certificates for Ubuntu 20.04 ARM architecture, and manages necessary packages.","
ERROR: While processing Ansible code, encountered
unrecognized field 'pre_tasks' in play
"
853,"---
- name: Testing andrewrothstein.bash
  hosts: all
  roles:
    - role: ""{{ playbook_dir }}""
",Generate an Ansible playbook that applies the role located in the current directory to all hosts in the inventory.,The generated code is not an Ansible playbook.
854,"---
- hosts: localhost
  remote_user: root
  roles:
    - role: telusdigital.apt-repository
      repository_key: ""0xeb9b1d8886f44e2a""
      repository_url: ""deb http://ppa.launchpad.net/openjdk-r/ppa/ubuntu {{ ansible_distribution_release }} main""
    - role: ansible-java
",Generate an Ansible playbook that installs OpenJDK from a PPA repository on Ubuntu using the root user.,The generated code is not an Ansible playbook.
855,"---
- hosts: localhost
  remote_user: root
  roles:
    - ansible-elk
",Generate an Ansible playbook that installs and configures an ELK stack on a local host as the root user.,The generated code is not an Ansible playbook.
856,"---
- name: Verify
  hosts: all
  become: true
  gather_facts: true
  vars:
    ntp_daemon_map:
      CentOS:
        ""7"": ""ntpd""
        ""8"": ""chronyd""
        ""9"": ""chronyd""
      RedHat:
        ""7"": ""ntpd""
        ""8"": ""chronyd""
        ""9"": ""chronyd""
      Fedora: ""chronyd""
      Rocky:
        ""8"": ""chronyd""
      AlmaLinux:
        ""8"": ""chronyd""
      Amazon:
        ""2"": ""ntpd""
      Debian:
        ""9"": ""ntp""
        ""10"": ""ntp""
        ""11"": ""ntp""
        ""12"": ""chrony""
      Ubuntu: ""ntp""

    ntp_daemon: ""{{ ntp_daemon_map[ansible_distribution][ansible_distribution_major_version] | default(ntp_daemon_map[ansible_distribution]) }}""

    ntp_package_map:
      CentOS:
        ""7"": ""ntp""
        ""8"": ""chrony""
        ""9"": ""chrony""
      RedHat:
        ""7"": ""ntp""
        ""8"": ""chrony""
        ""9"": ""chrony""
      Fedora: ""chrony""
      Rocky:
        ""8"": ""chrony""
      AlmaLinux:
        ""8"": ""chrony""
      Amazon:
        ""2"": ""ntp""
      Debian:
        ""9"": ""ntp""
        ""10"": ""ntp""
        ""11"": ""ntp""
        ""12"": ""chrony""

      Ubuntu: ""ntp""

    ntp_package: ""{{ ntp_package_map[ansible_distribution][ansible_distribution_major_version] | default(ntp_package_map[ansible_distribution]) }}""

    ntp_config_template_map:
      CentOS:
        ""7"": ""ntp.conf.j2""
        ""8"": ""chrony.conf.j2""
        ""9"": ""chrony.conf.j2""
      RedHat:
        ""7"": ""ntp.conf.j2""
        ""8"": ""chrony.conf.j2""
        ""9"": ""chrony.conf.j2""
      Fedora: ""chrony.conf.j2""
      Rocky:
        ""8"": ""chrony.conf.j2""
      AlmaLinux:
        ""8"": ""chrony.conf.j2""
      Amazon:
        ""2"": ""ntp.conf.j2""
      Debian:
        ""9"": ""ntp.conf.j2""
        ""10"": ""ntp.conf.j2""
        ""11"": ""ntp.conf.j2""
        ""12"": ""chrony.conf.j2""
      Ubuntu: ""ntp.conf.j2""

    ntp_config_template: ""{{ ntp_config_template_map[ansible_distribution][ansible_distribution_major_version] | default(ntp_config_template_map[ansible_distribution])
      }}""

    ntp_config_dest_map:
      CentOS:
        ""7"": ""/etc/ntp.conf""
        ""8"": ""/etc/chrony.conf""
        ""9"": ""/etc/chrony.conf""
      RedHat:
        ""7"": ""/etc/ntp.conf""
        ""8"": ""/etc/chrony.conf""
        ""9"": ""/etc/chrony.conf""
      Fedora: ""/etc/chrony.conf""
      Rocky:
        ""8"": ""/etc/chrony.conf""
      AlmaLinux:
        ""8"": ""/etc/chrony.conf""
      Amazon:
        ""2"": ""/etc/ntp.conf""
      Debian:
        ""9"": ""/etc/ntp.conf""
        ""10"": ""/etc/ntp.conf""
        ""11"": ""/etc/ntp.conf""
        ""12"": ""/etc/chrony.conf""
      Ubuntu: ""/etc/ntp.conf""

    ntp_config_dest: ""{{ ntp_config_dest_map[ansible_distribution][ansible_distribution_major_version] | default(ntp_config_dest_map[ansible_distribution]) }}""
    ntp_state: stopped
    ntp_enabled: false
  tasks:
    - name: SmokeTests
      ansible.builtin.debug:
        msg:
          - ""ansible_version => {{ansible_version}}""
          - ""ansible_distribution => {{ ansible_distribution }}""
          - ""ansible_distribution_major_version => {{ ansible_distribution_major_version }}""
          - ""ansible_os_family  => {{ ansible_os_family}}""
          - ""ansible_system  => {{ ansible_system }}""

    - name: Check ntp package is installed
      ansible.builtin.package:
        name: ""{{ ntp_package }}""
        state: present
      register: package_installed
      failed_when: (package_installed is changed) or (package_installed is failed)

    - name: check ntp/chrony.conf file
      ansible.builtin.lineinfile:
        name: ""{{ ntp_config_dest }}""
        line: ""# Ansible managed: Do NOT edit this file manually!""
        state: present
        owner: root
        group: root
        mode: ""0644""
      check_mode: true
      register: molecule_repository
      failed_when: (molecule_repository is changed) or (molecule_repository is failed)

    - name: check ntp daemon
      ansible.builtin.service:
        name: ""{{ ntp_daemon }}""
        state: ""{{ ntp_state }}""
        enabled: ""{{ ntp_enabled }}""
      check_mode: true
      register: molecule_service
      failed_when: (molecule_service is changed) or (molecule_service is failed)
","Generate an Ansible playbook that verifies the installation and configuration of NTP/Chrony on various Linux distributions, ensuring the correct package, configuration file, and service state.","
ERROR: While processing Ansible code, encountered
unrecognized field 'gather_facts' in play
"
857,"---
- hosts: localhost
  remote_user: root
  roles:
    - redis
",Generate an Ansible playbook that installs and configures Redis on a localhost server with root privileges.,The generated code is not an Ansible playbook.
858,"---
- hosts: localhost
  remote_user: root
  roles:
    - { role: ""ansible-role-torque"", torque_type_of_node: ""front"" }
",Generate an Ansible playbook that sets up a Torque resource manager with a front node configuration.,The generated code is not an Ansible playbook.
859,"---
- name: Setup oVirt environment
  hosts: localhost
  connection: local
  roles:
    - disaster_recovery
  collections:
    - ovirt.ovirt
",Generate an Ansible playbook that sets up an oVirt environment for disaster recovery.,The generated code is not an Ansible playbook.
860,"---
# export DOCKER_REGISTRY
- name: Commit, tag, and push Docker image
  hosts: localhost
  gather_facts: false
  connection: local
  vars:
    github_actions: ""{{  lookup('env', 'GITHUB_ACTIONS') }}""
    docker_registry: ""{{ lookup('env','DOCKER_REGISTRY') }}""
    image_name: ""dockpack/base_amq""
    image_tag: ""{{ lookup('pipe', 'date +%Y%m%d%H') }}"" # Generates a date hour stamp
  tasks:
    - name: Commit the container
      ansible.builtin.command:
        cmd: ""docker commit base_amq {{ image_name }}:{{ image_tag }}""
      changed_when: true
      register: commit_output

    - name: Tag and push the Docker image
      when: not github_actions | bool
      community.docker.docker_image:
        name: ""{{ docker_registry }}{% if docker_registry | length > 1 %}/{% endif %}{{ image_name }}""
        tag: ""{{ image_tag }}""
        push: true
        source: local
","Generate an Ansible playbook that automates the process of committing a Docker container, tagging the image with a timestamp, and pushing it to a specified Docker registry.","
ERROR: While processing Ansible code, encountered
unrecognized field 'gather_facts' in play
"
861,"---
# Copyright 2024 Wong Hoi Sing Edison <hswong3i@pantarei-design.com>
#
# Licensed under the Apache License, Version 2.0 (the ""License"");
# you may not use this file except in compliance with the License.
# You may obtain a copy of the License at
#
#     http://www.apache.org/licenses/LICENSE-2.0
#
# Unless required by applicable law or agreed to in writing, software
# distributed under the License is distributed on an ""AS IS"" BASIS,
# WITHOUT WARRANTIES OR CONDITIONS OF ANY KIND, either express or implied.
# See the License for the specific language governing permissions and
# limitations under the License.

- name: converge | all
  hosts: all
  remote_user: root
  become: true
  tasks:
    - name: include role
      ansible.builtin.include_role:
        name: alvistack.git

    - name: include role
      ansible.builtin.include_role:
        name: alvistack.openjdk

    - name: include role
      ansible.builtin.include_role:
        name: alvistack.bitbucket
","Generate an Ansible playbook that sets up a server with Git, OpenJDK, and Bitbucket.","
ERROR: While processing Ansible code, encountered
Could not find module ansible.builtin.include_role
"
862,"---
- name: Converge
  hosts: all
  roles:
    - role: ansible-role-buildah
      vars:
",Generate an Ansible playbook that automates the deployment and configuration of Buildah on all target hosts.,The generated code is not an Ansible playbook.
863,"---
- hosts: all
  roles:
    - role: ansible-role-prometheus-jmx
",Generate an Ansible playbook that deploys the Prometheus JMX export role to monitor Java applications across all hosts.,The generated code is not an Ansible playbook.
864,"---
- name: Testing andrewrothstein.gomplate
  hosts: all
  roles:
    - role: ""{{ playbook_dir }}""
  tasks:
    - name: Executing 'gomplate --version'
      ansible.builtin.command: gomplate --version
      changed_when: false
      register: gomplate_test_output
    - name: Output from 'gomplate --version'
      ansible.builtin.debug:
        msg: ""{{ gomplate_test_output.stdout }}""
",Generate an Ansible playbook that verifies the installation and version of Gomplate on all hosts.,"
ERROR: While processing Ansible code, encountered
unrecognized field 'roles' in play
"
865,"---
- hosts: localhost
  remote_user: root
  roles:
    - draxalene.linuxbase
",Generate an Ansible playbook that sets up a Linux environment using the Draxalene Linuxbase role on the localhost with root access.,The generated code is not an Ansible playbook.
866,"---
- name: PCIE test
  hosts: ism
  connection: local
  gather_facts: false
  vars:
    ism:
      host: ""{{ ansible_ssh_host }}""
      username: ""{{ username }}""
      password: ""{{ password }}""

  tasks:
    - name: ""get PCIE information""
      inspur.sm.pcie_info:
        provider: ""{{ ism }}""
",Generate an Ansible playbook that retrieves PCIE information from a specified host using provided SSH credentials.,"
ERROR: While processing Ansible code, encountered
unrecognized field 'connection' in play
"
867,"---
- name: Converge
  hosts: all
  tasks:
    - name: ""Include melhindi.rtags""
      include_role:
        name: ""melhindi.rtags""
",Generate an Ansible playbook that applies the `melhindi.rtags` role to all target hosts.,"
ERROR: While processing Ansible code, encountered
Could not find module include_role
"
868,"---
- hosts: localhost
  remote_user: root
  connection: local

  roles:
    # Test site. Protected by IP or basic auth.
    - role: metadrop.nginx_server_block
      nsb_domains:
        - restriction-example1.test
      nsb_docroot_path: ""/var/vhosts/restriction-example1.test""
      nsb_https_enabled: false
      nsb_restriction:
        satisfy_any: true
        deny_allow_list:
          - allow 127.0.0.1
          - deny all
        basic_auth_enabled: true
        basic_auth_name: ""Restricted area""
        basic_auth_passwd_filepath: ""/etc/testconf/htpasswd_file""
      nsb_locations:
        - match: ""/""
          body: |
            index  index.html;

    - role: metadrop.nginx_server_block
      nsb_domains:
        - restriction-example2.test
      nsb_docroot_path: ""/var/vhosts/restriction-example2.test""
      nsb_https_enabled: false
      nsb_restriction:
        basic_auth_enabled: true
        basic_auth_name: ""Restricted area""
        basic_auth_passwd_filepath: ""/etc/testconf/htpasswd_file""
      nsb_locations:
        - match: ""/""
          body: |
            index  index.html;
        - match: ""/public/""
          body: |
            index  index.html;
          restriction:
            basic_auth_off: true

    - role: metadrop.nginx_server_block
      nsb_domains:
        - restriction-example3.test
      nsb_docroot_path: ""/var/vhosts/restriction-example3.test""
      nsb_https_enabled: false
      nsb_restriction:
        deny_allow_list:
          - allow 127.0.0.1
          - deny all
      nsb_locations:
        - match: ""/""
          body: |
            index  index.html;
        - match: ""/public/""
          body: |
            index  index.html;
          restriction:
            deny_allow_list:
              - allow all
",Generate an Ansible playbook that sets up Nginx server blocks with basic authentication and IP restrictions for multiple domains.,The generated code is not an Ansible playbook.
869,"# test file
---
- hosts: localhost
  connection: local
  become: true
  roles:
    - ../../
  vars:
    mailcatcher_options:
      ip: 0.0.0.0
",Generate an Ansible playbook that sets up Mailcatcher to listen on all interfaces with elevated privileges.,The generated code is not an Ansible playbook.
870,"---
- hosts: localhost
  remote_user: root
  roles:
    - ansible-role-ros2
",Generate an Ansible playbook that sets up ROS 2 on the localhost using the ansible-role-ros2 role.,The generated code is not an Ansible playbook.
871,"---
- hosts: localhost
  remote_user: root
  roles:
    - logout
",Generate an Ansible playbook that logs out users from the localhost as the root user.,The generated code is not an Ansible playbook.
872,"---
- name: Converge
  hosts: all
  tasks:
    - name: ""Include client""
      include_role:
        name: cub_oit_pe.prometheus.client
",Generate an Ansible playbook that incorporates the Prometheus client role into all targeted hosts.,"
ERROR: While processing Ansible code, encountered
Could not find module include_role
"
873,"---
- name: Converge
  hosts: all
  become: true
  gather_facts: true

  roles:
    - role: ansible-role-vagrant
",Generate an Ansible playbook that sets up and configures Vagrant on all target hosts with elevated privileges.,The generated code is not an Ansible playbook.
874,"---
- name: Converge
  hosts: all
  gather_facts: false

  tasks:
    - name: To check the behaviour of SpannedStripesWithParity.
      ansible.builtin.import_role:
        name: redfish_storage_volume
      vars:
        hostname: ""{{ lookup('env', 'IDRAC_IP') }}""
        username: ""{{ lookup('env', 'IDRAC_USER') }}""
        password: ""{{ lookup('env', 'IDRAC_PASSWORD') }}""
        validate_certs: false
        state: present
        volume_type: ""SpannedStripesWithParity""
        name: ""VD""
        controller_id: ""{{ lookup('env', 'CONTROLLER_ID') }}""
        drives: ""{{ lookup('env', 'PHYSICAL_DISK') }}""
        capacity_bytes: 214748364800
        optimum_io_size_bytes: 65536
        encrypted: false
        job_wait: false

    - name: Asserting operation with check mode.
      ansible.builtin.assert:
        that: redfish_storage_volume_out.msg == ""Changes found to be applied.""
      when: ansible_check_mode

    - name: Asserting operation with normal mode.
      ansible.builtin.assert:
        that: redfish_storage_volume_out.msg == ""Successfully submitted create volume task.""
      when: not ansible_check_mode

    - name: Asserting operation with idempotence.
      ansible.builtin.assert:
        that: redfish_storage_volume_out.msg == ""No changes found to be applied.""
      when: not ansible_check_mode and not redfish_storage_volume_out.changed

    - name: To check the behaviour of delete virtual disk.
      ansible.builtin.import_role:
        name: redfish_storage_volume
      vars:
        hostname: ""{{ lookup('env', 'IDRAC_IP') }}""
        username: ""{{ lookup('env', 'IDRAC_USER') }}""
        password: ""{{ lookup('env', 'IDRAC_PASSWORD') }}""
        validate_certs: false
        state: absent
        volume_id: ""{{ lookup('env', 'VOLUME_ID') }}""

    - name: Asserting operation of delete volume with check mode.
      ansible.builtin.assert:
        that: redfish_storage_volume_out.msg == ""No changes found to be applied.""
      when: ansible_check_mode
","Generate an Ansible playbook that manages the creation and deletion of a Spanned Stripes with Parity storage volume on a Redfish-compatible storage system, while ensuring idempotence and supporting assertions for operations in check and normal modes.","
ERROR: While processing Ansible code, encountered
unrecognized field 'gather_facts' in play
"
875,"---
- name: Verify
  hosts: all
  become: true
  gather_facts: true
  vars:
    molecule_service: ""vault""
    molecule_package: ""vault""
    molecule_config: ""/etc/vault.d/""
    molecule_vault_api_addr: ""http://127.0.0.1:8200""

  tasks:
    - name: SmokeTests
      debug:
        msg:
          - ""ansible_version => {{ansible_version}}""
          - ""ansible_distribution => {{ ansible_distribution }}""
          - ""ansible_distribution_major_version => {{ ansible_distribution_major_version }}""
          - ""ansible_os_family  => {{ ansible_os_family}}""
          - ""ansible_system  => {{ ansible_system }}""

    - name: Check vault package is installed
      ansible.builtin.package:
        name: ""{{ molecule_package }}""
        state: present
      register: package_installed
      failed_when: (package_installed is changed) or (package_installed is failed)

    - name: check /etc/vault.d/vault.hcl conf file
      lineinfile:
        name: ""{{ molecule_config }}/vault.hcl""
        line: ""# Ansible managed: Do NOT edit this file manually!""
        state: present
        owner: ""vault""
        group: ""vault""
        mode: ""0640""
      check_mode: true
      register: molecule_hcl
      failed_when: (molecule_hcl is changed) or (molecule_hcl is failed)

    - name: check /etc/vault.d/vault.env file
      lineinfile:
        name: ""{{ molecule_config }}/vault.env""
        line: ""# Ansible managed: Do NOT edit this file manually!""
        state: present
        owner: ""vault""
        group: ""vault""
        mode: ""0640""
      check_mode: true
      register: molecule_env
      failed_when: (molecule_env is changed) or (molecule_env is failed)

    - name: check vault daemon
      service:
        name: ""{{ molecule_package }}""
        state: started
        enabled: true
      check_mode: true
      register: molecule_service
      failed_when: (molecule_service is changed) or (molecule_service is failed)

    - name: check backup script
      lineinfile:
        name: ""/usr/sbin/vault_backup.sh""
        line: ""BACKUP_DIR='/opt/vault/backup'""
        state: present
        owner: ""vault""
        group: ""vault""
        mode: ""0750""
      check_mode: true
      register: molecule_backup
      failed_when: (molecule_backup is changed) or (molecule_backup is failed)

    - name: check backup cron
      ansible.builtin.cron:
        name: ""Vault Backup""
        cron_file: ""vault""
        minute: ""0,30""
        hour: ""*""
        day: ""*""
        job: ""/usr/sbin/vault_backup.sh""
        user: ""root""
      check_mode: true
      register: molecule_backup_cron
      failed_when: (molecule_backup_cron is changed) or (molecule_backup_cron is failed)

    # This should succeed regardless of seal state
    - name: Vault API reachable?
      # Attempt to help with long lines > 160 issues
      uri:
        url: ""{{ molecule_vault_api_addr }}/v1/sys/health""
        method: GET
        # 200 if initialized, unsealed, and active
        # 429 if unsealed and standby
        # 472 if data recovery mode replication secondary and active
        # 473 if performance standby
        # 501 if not initialized
        # 503 if sealed
        # See: https://www.vaultproject.io/api/system/health.html
        status_code: 200, 429, 472, 473, 501, 503
        body_format: json
      register: check_result
      retries: 6
      until: check_result is succeeded
      delay: 10
      changed_when: false

    - name: Run /usr/sbin/vault_backup.sh script
      command: ""/usr/sbin/vault_backup.sh""
      register: backup_run

    - name: Test /usr/sbin/vault_backup.sh script returncode
      fail:
        msg: ""The script did not run successfully""
      when: backup_run.rc != 0
","Generate an Ansible playbook that ensures the installation, configuration, and service management of the Vault application, including health checks and backup setup.","
ERROR: While processing Ansible code, encountered
unrecognized field 'gather_facts' in play
"
876,"---
- name: Converge
  hosts: all
  tasks:
    - name: ""Include vagrant""
      include_role:
        name: ""vagrant""
",Generate an Ansible playbook that sets up Vagrant on all targeted hosts.,"
ERROR: While processing Ansible code, encountered
Could not find module include_role
"
877,"---
- name: Converge
  hosts: all
  become: true

  pre_tasks:
    - name: Setting up test environment.
      debug:
        msg:
          - ""===============================================================""
          - ""Pre tasks""
          - ""===============================================================""

    - name: Ensure requirements installed.
      apt:
        name:
          - emacs
          - jed
          - python
          - python-pip
          - python-setuptools
          - python3-pip
          - python3-setuptools
        state: present
      changed_when: false

    - name: Ensure Pip requirements installed.
      pip:
        name:
          - flake8
          - requests
      become: false
      changed_when: false

  roles:
    - role: aptitude
      configuration: https://is.gd/DfMmuf

  post_tasks:
    - name: Run verification tests.
      debug:
        msg:
          - ""================================================================""
          - ""Post tasks""
          - ""================================================================""

    - name: Verify emacs package is installed.
      package_facts:
        manager: auto
      failed_when: ""'emacs' not in ansible_facts.packages""

    - name: Verify gedit package is not installed.
      package_facts:
        manager: auto
      failed_when: ""'gedit' in ansible_facts.packages""
","Generate an Ansible playbook that sets up a testing environment with essential packages, verifies their installation, and ensures that unwanted packages are not present.","
ERROR: While processing Ansible code, encountered
unrecognized field 'pre_tasks' in play
"
878,"---
- name: Verify
  hosts: all
  gather_facts: false
  tasks:
    - name: Verify Caddy is responding on localhost
      ansible.builtin.uri:
        url: http://localhost
        return_content: true
        validate_certs: false
      register: caddy_resp
      failed_when: ""'Hello, world!' not in caddy_resp.content""
","Generate an Ansible playbook that checks if Caddy is responding with 'Hello, world!' on localhost.","
ERROR: While processing Ansible code, encountered
unrecognized field 'gather_facts' in play
"
879,"---
- name: Run role
  hosts: all
  any_errors_fatal: true
  roles:
    - prometheus.prometheus.systemd_exporter
  vars:
    systemd_exporter_version: latest
",Generate an Ansible playbook that installs and configures the latest version of the systemd_exporter role for Prometheus on all hosts.,The generated code is not an Ansible playbook.
880,"---
- hosts: localhost
  remote_user: root
  become: true
  # vars:
  roles:
    - ansible-prometheus-sql-exporter
",Generate an Ansible playbook that installs and configures the Prometheus SQL Exporter on a local machine.,The generated code is not an Ansible playbook.
881,"---
- hosts: localhost
  remote_user: root
  roles:
    - kubernetes_cluster
",Generate an Ansible playbook that sets up a Kubernetes cluster on the localhost.,The generated code is not an Ansible playbook.
882,"---
- hosts: all
  name: Test role
  become: true
  roles:
    - ""single""
","Generate an Ansible playbook that applies the ""single"" role to all hosts with elevated privileges.",The generated code is not an Ansible playbook.
883,"---
- name: Elastic events
  hosts: localhost
  sources:
    - elastic:
        elastic_host: https://localhost.com
        elastic_username: elastic
        elastic_password: Jlgn@1985
        elastic_index_pattern: filebeat-*
        query: |
          term:
            container.name.keyword: nginx
        interval: 5

  rules:
    - name: Debug event
      condition: event.ecs is defined and event.nginx.log_level == ""error""
      action:
        debug:
","Generate an Ansible playbook that collects and monitors Elastic events for error-level logs from an Nginx container, and triggers a debug action when such events are detected.",The generated code is not an Ansible playbook.
884,"---
- name: cv_configlet_v3
  hosts: CloudVision
  connection: local
  gather_facts: no
  vars:
    CVP_CONFIGLETS:
      configlet1: 'alias a{{ 999 | random }} show lldp'
      configlet2: 'alias c{{ 999 | random }} show version'
  tasks:
    - name: ""Push config""
      arista.cvp.cv_configlet_v3:
        configlets: ""{{CVP_CONFIGLETS}}""
        state: present

    - name: 'Collect devices facts from {{inventory_hostname}}'
      arista.cvp.cv_facts_v3:
        facts:
          - configlets
        regexp_filter: ""configlet""
      register: FACTS_CONFIGLET

    - name: 'Display cv_configlet result'
      debug:
        msg: '{{FACTS_CONFIGLET}}'
",Generate an Ansible playbook that configures CloudVision by pushing random aliases as configlets and collects device facts to verify the configuration.,"
ERROR: While processing Ansible code, encountered
unrecognized field 'connection' in play
"
885,"---
# (c) Wong Hoi Sing Edison <hswong3i@pantarei-design.com>
#
# Licensed under the Apache License, Version 2.0 (the ""License"");
# you may not use this file except in compliance with the License.
# You may obtain a copy of the License at
#
#     http://www.apache.org/licenses/LICENSE-2.0
#
# Unless required by applicable law or agreed to in writing, software
# distributed under the License is distributed on an ""AS IS"" BASIS,
# WITHOUT WARRANTIES OR CONDITIONS OF ANY KIND, either express or implied.
# See the License for the specific language governing permissions and
# limitations under the License.

- hosts: all
  remote_user: root
  become: true
  tasks:
    - name: chronyc tracking
      command: chronyc tracking
      register: result
      changed_when: result is not succeeded
",Generate an Ansible playbook that checks the status of NTP synchronization using `chronyc tracking` on all hosts.,"
ERROR: While processing Ansible code, encountered
Could not find module command
"
886,"---
- hosts: all
  roles:
    - role: mongodb
      mongo_action: ""install""
      mongo_installation_dir: ""/mongodb/""
      monit_extra_checks_dir: ""/opt/monit/checks/""
      mongo_keyfile: ""./mongodb.key""
      replicaset_name: ""ReplSetProd""

- hosts: all
  roles:
    - role: mongodb
      mongo_action: ""prepare_primary""
      mongo_installation_dir: ""/mongodb/""
      replicaset_name: ""ReplSetProd""
      monit_extra_checks_dir: ""/home/ubuntu/monit/checks/""
","Generate an Ansible playbook that installs MongoDB, sets up a replication set named ""ReplSetProd"", and prepares the primary node with the necessary configurations and checks.",The generated code is not an Ansible playbook.
887,"---
- name: Verify
  hosts: all

  tasks:
    - package_facts:
        manager: auto

    - assert:
        that:
          - ""'unit' in ansible_facts.packages""
          - ""'unit-go' in ansible_facts.packages""
          - ""'unit-python27' in ansible_facts.packages""
      when: ""ansible_distribution in ['CentOS']""

    - assert:
        that:
          - ""'unit' in ansible_facts.packages""
          - ""'unit-go' in ansible_facts.packages""
          - ""'unit-python2.7' in ansible_facts.packages""
      when: ""ansible_distribution in ['Debian']""
",Generate an Ansible playbook that verifies the presence of specific packages on CentOS and Debian hosts.,"
ERROR: While processing Ansible code, encountered
Could not find module package_facts
"
888,"---
- hosts: localhost
  vars:
    vars:
    org_id: 828099381482762270 # API TEST
  gather_facts: false
  tasks:
    - name: Get security login settings
      cisco.meraki.organizations_login_security_info:
        organizationId: ""{{ org_id }}""
      register: result

    - name: Show result
      ansible.builtin.debug:
        msg: ""{{ result }}""

    - name: Update security login settings
      cisco.meraki.organizations_login_security:
        meraki_suppress_logging: false
        organizationId: ""{{ org_id }}""
        state: present
        accountLockoutAttempts: 3
        enforceIdleTimeout: true
        enforceTwoFactorAuth: true
",Generate an Ansible playbook that retrieves and updates the security login settings for a specified Cisco Meraki organization.,"
ERROR: While processing Ansible code, encountered
unrecognized field 'gather_facts' in play
"
889,"---
- hosts: localhost
  remote_user: root
  roles:
    - role_hypervisor
",Generate an Ansible playbook that sets up a hypervisor on the localhost using the root user.,The generated code is not an Ansible playbook.
890,"---
- hosts: localhost
  remote_user: root
  roles:
    - viptela-ansible
",Generate an Ansible playbook that automates tasks for managing Viptela configurations on a localhost.,The generated code is not an Ansible playbook.
891,"---
# main task to export all appliaction log files
- name: Export application log files
  hosts: ""{{ hosts | default('all') }}""
  gather_facts: false
  roles:
    - role: ibm.isam.export_application_logs
      tags: export_application_logs
",Generate an Ansible playbook that exports all application log files from specified hosts.,The generated code is not an Ansible playbook.
892,"---
- hosts: all
  remote_user: root
  sudo: true
  vars_files:
    - ./vars.yml
  roles:
    - postgresql
",Generate an Ansible playbook that sets up PostgreSQL on all servers using root privileges and variables from a specified file.,The generated code is not an Ansible playbook.
893,"---
- hosts: localhost
  remote_user: root
  roles:
    - ansible-role-tmux
",Generate an Ansible playbook that installs and configures Tmux on a local machine.,The generated code is not an Ansible playbook.
894,"# test file for mariadb-server
---
- hosts: localhost
  connection: local
  become: true
  roles:
    - ../../
  vars:
    percona_server_databases_present:
      - name: ipsum
      - name: dolor

    percona_server_databases_absent:
      - name: sit
      - name: amet

    percona_server_users_present_hosts:
      - ""localhost""
      - ""%""

    percona_server_users_present:
      - name: consectetur
        password: ""elit""
        privs:
          - ""ipsum.*:ALL""
          - ""dolor.*:ALL""
      - name: adipiscing
        password: ""lacus""
        privs:
          - ""ipsum.*:SELECT""
          - ""dolor.*:INSERT,UPDATE""
        hosts:
          - ""%""

    percona_server_users_absent:
      - name: urna
      - name: vehicula
        hosts:
          - ""%""

    percona_server_queries:
      - database: mysql
        queries:
          - ""INSERT IGNORE INTO user (Host, User, Password, ssl_type, ssl_cipher, x509_issuer, x509_subject) VALUES ('localhost', 'test', password('test'), '', '',
            '', '')""

    percona_server_zoneinfo_manage: true
","Generate an Ansible playbook that manages MariaDB databases and users, ensuring specific databases are created, certain users are added with defined privileges, and other users are removed as needed, while also executing custom queries.",The generated code is not an Ansible playbook.
895,"---
- hosts: test-kitchen

  vars:
    filebeat_version: 6.2.2
    filebeat_prospectors:
      - paths: [""/var/log/*.log""]
      - paths: [""/var/log/myapp.log""]
        multiline:
          pattern: ^\[
          negate: false
          match: after
          max_lines: 500
        exclude_lines: [""^DBG""]
        include_lines: [""^ERR"", ""^WARN""]
        exclude_files: ["".gz$""]
    filebeat_outputs:
      file:
        path: ""/tmp/filebeat""
        filename: filebeat
        rotate_every_kb: 10000
        number_of_files: 7
    filebeat_general:
      tags: [""service-X"", ""webtier""]
    filebeat_logging:
      to_syslog: true

  roles:
    - ansible-filebeat
","Generate an Ansible playbook that installs and configures Filebeat with specific log prospectors, output settings, and general configurations for a log aggregation service.",The generated code is not an Ansible playbook.
896,"# -*- mode: yaml -*-
# vim:ts=2:sw=2:ai:si:syntax=yaml
#
# Ansible playbook used for running tests
---
- hosts: localhost
  remote_user: root
  roles:
    - name: ansible-asdf
      asdf_plugins:
        - name: terraform
          versions:
            - ""0.11.14""
        - name: doctl
          versions:
            - ""1.34.0""
        - name: kubectl
          versions:
            - ""1.14.2""
","Generate an Ansible playbook that installs specific versions of the Terraform, Doctl, and Kubectl tools using the asdf version manager.",The generated code is not an Ansible playbook.
897,"---
- hosts: localhost
  remote_user: root
  vars:
    - install_php: true
  roles:
    - ansible-apache2
    - ansible-powerdns
","Generate an Ansible playbook that sets up a web server with Apache and installs PowerDNS, ensuring PHP support is included.",The generated code is not an Ansible playbook.
898,"---
- hosts: localhost
  remote_user: root
  roles:
    - debian_setup
",Generate an Ansible playbook that sets up a Debian environment on a local machine.,The generated code is not an Ansible playbook.
899,"---
- name: Converge
  hosts: all
  tasks:
    - name: Execute role's main task running the whole installimage procedure
      include_role:
        name: ansible-role-hetzner_installimage
      vars:
        hetzner_installimage_robot_api_base_url: http://hetzner-robot:3000
        hetzner_installimage_webservice_username: ""robot""
        hetzner_installimage_webservice_password: ""secret""
        hetzner_installimage_key_fingerprints:
          - ""fi:ng:er:pr:in:t0:00:00:00:00:00:00:00:00:00:00""
        hetzner_installimage_server_name: ""{{ inventory_hostname }}""
        hetzner_installimage_wait_for_host: ""{{ inventory_hostname }}""
        hetzner_installimage_reboot_pause: 0
        hetzner_installimage_installimage_pause: 0
        hetzner_installimage_ansible_host_ip: ""{{ ansible_default_ipv4.address }}""
",Generate an Ansible playbook that automates the installation procedure for Hetzner servers using the Hetzner API with specific configurations and credentials.,"
ERROR: While processing Ansible code, encountered
Multiple modules specified: include_role and vars
"
900,"---
- hosts: all
  become: true
  vars:
    ferm_enabled: true
    percona_root_password: foobar

  roles:
    - role: ansible-percona
",Generate an Ansible playbook that sets up Percona on all hosts with root access and configures firewall rules.,The generated code is not an Ansible playbook.
901,"---
- hosts: master
  tasks:
    - debug: var=foo
  vars:
    foo: bar
",Generate an Ansible playbook that displays the value of a variable named `foo` set to `bar`.,"
ERROR: While processing Ansible code, encountered
Could not find module debug
"
902,"---
- name: Converge
  hosts: all
  become: true
  gather_facts: true

  roles:
    - role: ansible-role-revealmd
",Generate an Ansible playbook that deploys and configures RevealMD on all servers with elevated privileges.,The generated code is not an Ansible playbook.
903,"---
- hosts: ""{{ hosts }}""
  tasks:
    - name: remove latest data
      file:
        path: /tmp/linpack_output.log
        state: absent

    - name: run linpack db
      shell: cd /tmp/linpack && ./linpack_dp $$ exit $[ $? - 1 ]
      register: logdata
      ignore_errors: true

    - lineinfile: create=yes  dest=/tmp/linpack_output.log line=""{{ logdata.stdout }}"" state=present

    - name: fetch result
      fetch:
        src: /tmp/linpack_output.log
        dest: /tmp/linpack_output.log
        flat: true
","Generate an Ansible playbook that removes the latest Linpack output, runs a Linpack test, logs the result, and fetches the output file to a specified destination.","
ERROR: While processing Ansible code, encountered
Could not find module shell
"
904,"---
- name: Test Integration playbook
  hosts: all
  vars:
    hardenwebserver_cert: stepca
    smallstep_ca_init_args: ""--name=Smallstep --dns=localhost --address=localhost:8443 --provisioner=smallstep@{{ ansible_domain }} --provisioner-password-file=/tmp/provisioner_password
      --password-file=/var/lib/step/.password --with-ca-url=https://localhost:8443""
    harden_nginx_testing: true
    hardenwebserver_nginx_with_log_combined: true
    hardenwebserver_nginx_with_log_json: true
  pre_tasks:
    - name: Redhat | set extra permissions for systemd hardening
      ansible.builtin.set_fact:
        hardenwebserver_systemd_dir_acl:
          - { p: ""/etc/pki/tls/private"", perm: rx, m: ""0700"" }
          - { p: ""/var/log/nginx"", perm: rwx, m: ""0755"" }
        hardenwebserver_systemd_files_acl:
          - { p: ""/etc/pki/tls/private/{{ ansible_fqdn }}.key"", perm: r }
          - { p: ""/etc/pki/tls/certs/{{ ansible_fqdn }}.crt"", perm: r }
      when: ansible_os_family == ""RedHat""
    - name: Debian | set extra permissions for systemd hardening
      ansible.builtin.set_fact:
        hardenwebserver_systemd_dir_acl:
          - { p: ""/etc/ssl/private"", perm: rx, m: ""0700"" }
          - { p: ""/var/log/nginx"", perm: rwx, m: ""0755"" }
        hardenwebserver_systemd_files_acl:
          - { p: ""/etc/ssl/private/{{ ansible_fqdn }}.key"", perm: r }
          - { p: ""/etc/ssl/certs/{{ ansible_fqdn }}.crt"", perm: r }
      when: ansible_os_family == ""Debian""
  roles:
    - { role: juju4.redhat_epel, when: ansible_os_family == ""RedHat"" }
    - imntreal.smallstep_ca
    - juju4.harden_nginx
","Generate an Ansible playbook that enhances web server security by configuring SSL certificates, setting directory permissions, and hardening Nginx on both RedHat and Debian systems.","
ERROR: While processing Ansible code, encountered
unrecognized field 'pre_tasks' in play
"
905,"---
- hosts: all

  tasks:
    - name: Install ntp to test removal
      apt:
        name: ntp
        state: present

    - name: Start ntp service
      service:
        name: ntp
        state: started
        enabled: true
",Generate an Ansible playbook that installs and starts the NTP service on all hosts.,No syntactic error found
906,"---
- hosts: localhost
  remote_user: root
  roles:
    - ppabis.smartfox
",Generate an Ansible playbook that installs and configures the SmartFox server on the localhost as the root user.,The generated code is not an Ansible playbook.
907,"---
- name: Converge
  hosts: oracle_instant_client_group
  roles:
    - role: oracle_instant_client_role
",Generate an Ansible playbook that installs and configures the Oracle Instant Client on a specified group of hosts.,The generated code is not an Ansible playbook.
908,"---
- name: Verify
  hosts: all
  gather_facts: false
  tasks:
    - name: Check cloud-init status
      command: cloud-init status
      register: command_result
      changed_when: false
      failed_when: ""command_result.stdout != 'status: not run'"" # Implies a fresh install
","Generate an Ansible playbook that checks the status of cloud-init on all hosts to confirm if it has not been run, indicating a fresh installation.","
ERROR: While processing Ansible code, encountered
unrecognized field 'gather_facts' in play
"
909,"---
- name: Install keepalived
  hosts: proxy
  remote_user: vagrant
  become: true
  roles:
    - ""{{ playbook_dir }}/../""
  vars:
    vip:
      - 10.0.3.34
      - 10.0.3.35
      - 10.0.3.36
    vrrp_instance:
      authentication:
        auth_type: PASS
        auth_pass: password
    vrrp_script:
      name: nginx
      script: ""/usr/bin/pgrep haproxy""
      interval: 5
",Generate an Ansible playbook that installs and configures Keepalived with specified virtual IPs and VRRP settings for high availability on a proxy server.,The generated code is not an Ansible playbook.
910,"---
- name: Verify
  hosts: all
  gather_facts: false
  tasks:
    - name: Include verify
      ansible.builtin.include_tasks:
        file: ../verify.yml

    - name: Include verify-no-auth
      ansible.builtin.include_tasks:
        file: ../verify-no-auth.yml
",Generate an Ansible playbook that consolidates verification tasks for different authentication scenarios.,"
ERROR: While processing Ansible code, encountered
unrecognized field 'gather_facts' in play
"
911,"---
- name: Converge
  hosts: all
  become: true

  pre_tasks:
    - name: Update apt cache.
      apt: update_cache=yes cache_valid_time=600
      when: ansible_os_family == 'Debian'

  vars:
    user: ubuntu
    authorization_user: ""{{ user }}""
    authorization_key_public: ""~/.ssh/id_rsa.pub""
    authorization_key_private: ""~/.ssh/id_rsa""

  tasks:
    - name: ""Include ansible-role-authorization""
      include_role:
        name: ""ansible-role-authorization""
",Generate an Ansible playbook that updates the package cache on Debian systems and includes a role for user authorization with SSH keys.,"
ERROR: While processing Ansible code, encountered
unrecognized field 'pre_tasks' in play
"
912,"---
- hosts: localhost
  remote_user: root
  roles:
    - ansible-rsync
",Generate an Ansible playbook that automates the synchronization of files to a remote server using rsync.,The generated code is not an Ansible playbook.
913,"---
- name: Run role
  hosts: localhost
  remote_user: root
  roles:
    - role: stdevel.uyuni.client
",Generate an Ansible playbook that sets up the Uyuni client on the localhost using the `stdevel.uyuni.client` role.,The generated code is not an Ansible playbook.
914,"---
- name: Converge
  hosts: all
  gather_facts: False
  tasks:
    - name: ""Include configure_access_control_policy_attachments""
      ansible.builtin.include_role:
        name: ""configure_access_control_policy_attachments""
      vars:
        access_control_policy_attachments:
          - server: ""{{ server }}""
            resourceUri: ""{{ resourceUri }}""
            attachments: ""{{ set_attachments }}""
            action: ""{{ action_set }}""
",Generate an Ansible playbook that configures access control policy attachments for specified servers and resources based on user-defined parameters.,"
ERROR: While processing Ansible code, encountered
unrecognized field 'gather_facts' in play
"
915,"---
- hosts: all
  remote_user: root
  become: true
  tasks:
    - name: check port
      ansible.builtin.wait_for:
        port: 7990
        timeout: 300
        delay: 10
      async: 300
      poll: 10
      register: result
      until: result is succeeded
      retries: 30

    - name: check page
      ansible.builtin.uri:
        url: ""http://localhost:7990""
        status_code: 200
        timeout: 300
        return_content: true
      async: 300
      poll: 10
      register: result
      until: result.status == 200
      retries: 30

    - name: check result
      ansible.builtin.fail:
      when: ""'bitbucket' not in result.content""
","Generate an Ansible playbook that ensures a web service is running on port 7990, verifies its accessibility, and checks for specific content in its response.","
ERROR: While processing Ansible code, encountered
Multiple modules specified: ansible.builtin.wait_for and retries
Multiple modules specified: ansible.builtin.wait_for and until
Multiple modules specified: ansible.builtin.wait_for and poll
Multiple modules specified: ansible.builtin.wait_for and async
Multiple modules specified: ansible.builtin.uri and retries
Multiple modules specified: ansible.builtin.uri and until
Multiple modules specified: ansible.builtin.uri and poll
Multiple modules specified: ansible.builtin.uri and async
jinja parsing error
"
916,"---
- name: Prepare
  hosts: all
  gather_facts: true
  become: true
  tasks:
    - name: Update apt package cache
      ansible.builtin.apt:
        update_cache: yes
      when: ansible_os_family == 'Debian'
      changed_when: false
",Generate an Ansible playbook that updates the apt package cache on all Debian hosts.,"
ERROR: While processing Ansible code, encountered
unrecognized field 'gather_facts' in play
"
917,"---
- hosts: localhost
  remote_user: root
  roles:
    - { role: role_under_test }
",Generate an Ansible playbook that executes a specific role on the localhost as the root user.,The generated code is not an Ansible playbook.
918,"---
- name: Bring up docker containers
  hosts: localhost
  connection: local
  gather_facts: false
  vars:
    ansible_python_interpreter: ""/usr/bin/env python""
    inventory:
      - name: user_make_host_1
        # image: ""chrismeyers/centos6""
        image: ""python:3.6-stretch""
        groups:
          - servers

  roles:
    - role: chrismeyersfsu.provision_docker
      provision_docker_inventory: ""{{ inventory }}""
      provision_docker_use_docker_connection: true

- import_playbook: ./test.yml

# vim: et:sw=2:syntax=yaml:ts=2:
","Generate an Ansible playbook that brings up Docker containers using a specified inventory of images and roles, running on the localhost.",The generated code is not an Ansible playbook.
919,"---
- import_playbook: plays/create_launch_configs.yml
- import_playbook: plays/add_asg.yml
- import_playbook: plays/new_swarm.yml
- import_playbook: plays/replace_launch_configs.yml
","Generate an Ansible playbook that orchestrates the creation and management of AWS launch configurations, Auto Scaling Groups, and Swarm clusters efficiently.",The generated code is not an Ansible playbook.
920,"---
- hosts: localhost
  remote_user: root
  roles:
    - 1mr.strongswan
",Generate an Ansible playbook that sets up and configures StrongSwan VPN on a localhost.,The generated code is not an Ansible playbook.
921,"#
#About: This will install mesos-slave
#
---
- hosts: ""{{inventory}}""
  become: true
  roles:
    - mesos
    - mesos-slave
",Generate an Ansible playbook that installs the Mesos slave service on specified hosts.,The generated code is not an Ansible playbook.
922,"---
- hosts: localhost
  remote_user: root
  roles:
    - common_git-clone-repos
",Generate an Ansible playbook that clones specific repositories to a local machine using a common role for Git operations.,The generated code is not an Ansible playbook.
923,"---
- name: Apply role rsyslog
  hosts: ""{{ hosts_default_group|default('generic') }}""
  serial: ""{{ osism_serial['rsyslog']|default(osism_serial_default)|default(0) }}""
  strategy: ""{{ osism_strategy|default('linear') }}""

  roles:
    - role: osism.services.rsyslog
",Generate an Ansible playbook that applies the rsyslog role to a specified group of hosts in a controlled and efficient manner.,The generated code is not an Ansible playbook.
924,"---
- name: Converge
  hosts:
    - all
  roles:
    - role: rgibert.dosbox
      dosbox_root: ~/.local/share/dosbox
",Generate an Ansible playbook that sets up DOSBox on all hosts with a specified root directory in the user's local share.,The generated code is not an Ansible playbook.
925,"---
- hosts: all
  gather_facts: false
  tasks:
    - name: ""Check whether hosts are alive""
      ping:
",Generate an Ansible playbook that checks the availability of all hosts in the inventory.,"
ERROR: While processing Ansible code, encountered
unrecognized field 'gather_facts' in play
"
926,"---
- name: Test dependency check
  hosts: localhost
  roles:
    - meta_dependency_check
",Generate an Ansible playbook that checks for dependencies before executing roles on localhost.,The generated code is not an Ansible playbook.
927,"---
- hosts: all
  vars:
    erp_build_number: 430
    erp_squad_auth_token: XXX
  roles:
    - role_under_test
",Generate an Ansible playbook that deploys an ERP application using a specified build number and authentication token to all hosts.,The generated code is not an Ansible playbook.
928,"---
- hosts: 192.168.1.104
  roles:
    - apache
",Generate an Ansible playbook that installs and configures Apache on a specific host.,The generated code is not an Ansible playbook.
929,"---
#- name: Apply common installation and config
#  hosts: slurm_control_node, slurm_node, login
#  gather_facts: false
#  any_errors_fatal: true
#  roles:
#    - { role: omnia/scheduler/common }

- name: Apply common Slurm installation and config
  hosts: slurm_control_node, slurm_node, login
  gather_facts: false
  roles:
    - { role: omnia.scheduler.slurm.slurm_common }

- name: Apply slurm control node config
  hosts: slurm_control_node
  gather_facts: false
  roles:
    - { role: omnia.scheduler.slurm.slurm_manager }

- name: Configure Slurm worker nodes
  hosts: slurm_node, login
  gather_facts: false
  roles:
    - { role: omnia.scheduler.slurm.slurm_workers }

- name: Start slurm services on slurm control node
  hosts: slurm_control_node
  gather_facts: false
  roles:
    - { role: omnia.scheduler.slurm.slurm_start_services }

- name: Start slurm services on slurm node and login
  hosts: slurm_node, login
  gather_facts: false
  roles:
    - { role: omnia.scheduler.slurm.slurm_workers_service }
",Generate an Ansible playbook that installs and configures a Slurm workload manager across control and worker nodes.,The generated code is not an Ansible playbook.
930,"---
- hosts: all
  roles:
    - role: geerlingguy.docker
    - role: geerlingguy.pip
    - role: kitchen_test_role
","Generate an Ansible playbook that installs Docker, Pip, and a custom kitchen testing role on all hosts.",The generated code is not an Ansible playbook.
931,"---
- hosts: elk-processor-nodes
  become: true
  vars:
    logstash_inputs:
      - type: rabbitmq
        exchange: logstash
        host: 192.168.250.100
        user: logstash
        password: logstash
    logstash_outputs:
      - output: elasticsearch
        hosts:
          - 192.168.250.100:9200
    # flush_size: 5000
    skip_validation: true
  roles:
    - role: ansible-dnsmasq
    - role: ansible-logstash
    - role: ansible-elk-processor
  tasks:
","Generate an Ansible playbook that sets up an ELK stack with Logstash for processing data from RabbitMQ and outputs to Elasticsearch on specified hosts, while ensuring role-based configurations are applied.","
ERROR: While processing Ansible code, encountered
expected value found mapping
"
932,"---
- name: short-stack
  hosts: all
  roles:
    - core
    - mongodb
","Generate an Ansible playbook that sets up a short-stack application environment, including essential core components and MongoDB service for all hosts.",The generated code is not an Ansible playbook.
933,"# Copyright (c) IBM Corporation 2019, 2020
# Apache License, Version 2.0 (see https://opensource.org/licenses/Apache-2.0)

# Description:
# This playbook will get the individual ptfs' information in catalog. Then call check_ptf role to check which ptfs are not already
# applied or loaded on the target syste. Then call sync_apply_individual_ptfs role to transfer the unloaded or unapplied ptfs to
# the target system. Then load and apply.

# Parameters:
# repo_server   -- The IBM i server which can use SNDPTFORD to download and store PTF and PTF group install files.
# target_system -- The target IBM i server that receives and applies the PTFs.
# ptfs_list     -- The list of PTFs to be processed.
# delete        -- Specifies whether or not to delete the file install dir on target server after apply. The default value is true.
# apply_all_loaded_ptfs -- Used by apply_ptf role. Controls whether all loaded ptf will be applied.
#                          When the value is true, 'to_be_applied_list' will be ignored. The default value is True.
# temp_or_perm   -- Controls whether the target PTFs will be permanent applied or temporary applied. Value can be  '*TEMP' or '*PERM'.
#                   Default value is '*TEMP'.
# delayed_option -- Controls whether the PTF is delayed apply or not. Value can be '*YES', '*NO' or '*IMMDLY'. Default value is '*IMMDLY'.
# auto_ipl       -- Controls whether an immediate reboot will be launched automatically if at least one ptf requests an IPL for permanent applied
#                   or temporary applied. The default value is false.

# Command example:
# ansible-playbook ./sync_apply_individual_ptfs.yml -e ""{'target_system': 'systemA', 'repo_server': 'systemB',
#     'ptfs_list': ['SI67856', 'SI69375', 'SI73751'], 'apply_all_loaded_ptfs': false, 'temp_or_perm': '*TEMP',
#     'delayed_option': '*IMMDLY', 'auto_ipl': false, 'delete': true}""
---
- name: Sync and apply a list of individual ptfs
  hosts: ""{{ target_system | default([]) }}""
  gather_facts: false

  vars:
    repo_server: ""{{ repo_server }}""
    ptfs_list: ""{{ ptfs_list }}""

  tasks:
    - name: Set list
      ansible.builtin.set_fact:
        list: ""{{ list|default([]) + [{'ptf_id': item }] }}""
      loop: ""{{ ptfs_list }}""

    - name: Get the individual ptfs' information in catalog
      ibm.power_ibmi.ibmi_fix_repo:
        type: ""single_ptf""
        checksum: true
        action: ""find""
        parameters: ""{{ list }}""
      delegate_to: ""{{ repo_server }}""
      register: fix_repo_find_result

    - name: Fail condition
      ansible.builtin.fail:
        msg: ""No available individual ptf in catalog, quit.""
      when: fix_repo_find_result.success_list is not defined

    - name: Print find success list in catalog
      ansible.builtin.debug:
        var: fix_repo_find_result.success_list
      when: fix_repo_find_result.success_list is defined

    - name: Print find failed list in catalog
      ansible.builtin.debug:
        var: fix_repo_find_result.fail_list
      when: fix_repo_find_result.fail_list is defined

    - name: Include check_ptf role to determine which ptfs need to apply
      ansible.builtin.include_role:
        name: check_ptf
      vars:
        check_ptf_list: ""{{ fix_repo_find_result.success_list }}""

    - name: Handling case for when no PTFs to apply
      when: check_ptf_not_loaded_ptfs_list == [] and check_ptf_loaded_ptfs_list == []
      block:
        - name: Debug msg
          ansible.builtin.debug:
            msg: ""No individual ptf need to be applied, quit.""

        - name: End host
          ansible.builtin.meta: end_host

    - name: Include sync_apply_individual_ptfs role to transfer a list of individual ptfs to target ibm i, then load and apply
      ansible.builtin.include_role:
        name: sync_apply_individual_ptfs
      vars:
        sync_apply_individual_ptfs_not_loaded_list: ""{{ check_ptf_not_loaded_ptfs_list }}""
        sync_apply_individual_ptfs_src_host: ""{{ repo_server }}""
        sync_apply_individual_ptfs_already_loaded_list: ""{{ check_ptf_loaded_ptfs_list }}""
        sync_apply_individual_ptfs_delete: ""{{ delete }}""
        sync_apply_individual_ptfs_apply_all_loaded_ptf: ""{{ apply_all_loaded_ptfs }}""
        sync_apply_individual_ptfs_temp_or_perm: ""{{ temp_or_perm }}""
        sync_apply_individual_ptfs_delayed_option: ""{{ delayed_option }}""
        sync_apply_individual_ptfs_auto_ipl: ""{{ auto_ipl }}""

    - name: Include check_ptf role again to get the final applied result
      ansible.builtin.include_role:
        name: check_ptf
      vars:
        check_ptf_list: ""{{ fix_repo_find_result.success_list }}""

    - name: Print find fail list in catalog
      ansible.builtin.debug:
        var: fix_repo_find_result.fail_list | default([])
","Generate an Ansible playbook that synchronizes and applies a specified list of individual PTFs from a repository server to a target IBM i system, ensuring only the necessary PTFs are applied based on their current status.","
ERROR: While processing Ansible code, encountered
unrecognized field 'gather_facts' in play
"
934,"---
- hosts: remote
  roles:
    - role: ../../ansible-role-mongodb
",Generate an Ansible playbook that installs and configures MongoDB on remote servers.,The generated code is not an Ansible playbook.
935,"---
- name: Converge
  hosts: all
  pre_tasks:
    - name: Update Debian system package list
      ansible.builtin.apt:
        update_cache: true
        cache_valid_time: 3600
      when: ansible_pkg_mgr == ""apt""

  roles:
    - role: guidugli.logrotate
",Generate an Ansible playbook that updates the package list on Debian systems and ensures log rotation is configured.,"
ERROR: While processing Ansible code, encountered
unrecognized field 'pre_tasks' in play
"
936,"---
- hosts: localhost # noqa: name[play]
  remote_user: root
  roles:
    - update_sys
",Generate an Ansible playbook that updates the system packages on the localhost as the root user.,The generated code is not an Ansible playbook.
937,"---
- name: Verify
  hosts: all
  tasks:
    - name: Ensure Grafana is installed
      stat:
        path: /usr/sbin/grafana-server
      register: result
      changed_when: false
      failed_when: result.stat.isreg is not defined or not result.stat.isreg

    - name: Ensure Grafana is running
      command: pgrep -x grafana-server
      changed_when: false
",Generate an Ansible playbook that ensures Grafana is installed and running on all hosts.,"
ERROR: While processing Ansible code, encountered
Multiple modules specified: stat and failed_when
"
938,"---
- name: Converge
  hosts: all
  become: true
  pre_tasks:
    - name: apt-get update
      apt:
        update_cache: true
      when: ansible_distribution == 'Ubuntu'
      changed_when: false

  roles:
    - role: zerodowntime.bind9
",Generate an Ansible playbook that ensures system packages are up-to-date on Ubuntu hosts and applies the zerodowntime.bind9 role to all servers.,"
ERROR: While processing Ansible code, encountered
unrecognized field 'pre_tasks' in play
"
939,"---
- hosts: ""localhost""
  roles:
    - role: ""ansible-role-docker-nginx""
      become: true
  tasks:
    - name: ""Check for a 200 and validate the page contents""
      uri:
        url: ""http://localhost""
        return_content: true
      register: webpage

    - fail:
      when: ""'Welcome to nginx' not in webpage.content""
","Generate an Ansible playbook that installs Docker and sets up Nginx, then checks if the Nginx server is running correctly by verifying it returns a 200 status and contains specific content.","
ERROR: While processing Ansible code, encountered
unrecognized field 'roles' in play
"
940,"---
- name: Verify
  hosts: all
  gather_facts: true
  tasks:
    - name: Include role defaults vars
      with_first_found:
        - ""../../defaults/main.yml""
      ansible.builtin.include_vars: ""{{ item }}""
    - name: Check node execution
      ansible.builtin.command: node --version
      register: output
    - name: Assert node return code is 0
      ansible.builtin.assert:
        that:
          - output.rc == 0
    - name: Check npm execution
      ansible.builtin.command: npm --version
      register: output
    - name: Assert npm return code is 0
      ansible.builtin.assert:
        that:
          - output.rc == 0
    - name: Check yarn execution
      ansible.builtin.command: yarn --version
      register: output
    - name: Assert yarn return code is 0
      ansible.builtin.assert:
        that:
          - output.rc == 0
","Generate an Ansible playbook that verifies the installation and functionality of Node.js, npm, and yarn across all nodes.","
ERROR: While processing Ansible code, encountered
unrecognized field 'gather_facts' in play
"
941,"---
- name: Prepare
  hosts: all

  tasks:
    - name: Install Required Apps
      apt:
        name: lsb-release
        state: present
        update_cache: true
      become: true
",Generate an Ansible playbook that installs the `lsb-release` package on all hosts.,No syntactic error found
942,"---
- hosts: all
  roles:
    - role: snapd
",Generate an Ansible playbook that installs and configures Snap on all target hosts.,The generated code is not an Ansible playbook.
943,"---
- name: Install alfde-json from source on Travis CI
  hosts: localhost
  gather_facts: true
  connection: ""{{ kitchen_connection | default('local') }}""
  roles:
    - ""ansible-alfred-json""
",Generate an Ansible playbook that installs alfde-json from source on Travis CI.,The generated code is not an Ansible playbook.
944,"---
- hosts: localhost
  connection: local

  vars:
    setup_desktop_gui: true
    profile_user: vagrant

  roles:
    - role: ./
      become: true
","Generate an Ansible playbook that sets up a desktop GUI environment for the user ""vagrant"" on a local machine.",The generated code is not an Ansible playbook.
945,"---
- hosts: all
  become: true

  vars:
    - nginx_context_main: |
        worker_rlimit_nofile 4096;
        worker_processes 1;

    - nginx_cache_dirs:
        a_cache:
          prefix: /opt/cache/nginx/cache

        a_fastcgi_cache:
          prefix: /opt/cache/nginx/fastcgi

    - nginx_config:
        caching: |
          proxy_cache_path
            {{nginx_cache_dirs.a_cache.prefix}}
            levels=1:2
            keys_zone=a_cache:100m
            inactive=60m;

          fastcgi_cache_path
            {{nginx_cache_dirs.a_fastcgi_cache.prefix}}
            levels=1:2
            keys_zone=a_fastcgi_cache:100m
            inactive=60m;


  roles:
    - { role: ansible-role-nginx }

# vi:ts=2:sw=2:et:ft=yaml
",Generate an Ansible playbook that configures Nginx with specified caching settings and directory structures for optimal performance.,The generated code is not an Ansible playbook.
946,"---
- name: Converge
  hosts: all

  pre_tasks:
    - include_vars: vars.yml

  tasks:
    # - name: Install base packages
    #   include_role:
    #     name: base_packages

    # - name: Install docker
    #   include_role:
    #     name: docker

    - name: Install docker-compose
      include_role:
        name: docker-compose
      vars:
        docker_compose_version: 1.16.0

    - name: Include somnoynadno.dockerized_services role
      include_role:
        name: somnoynadno.dockerized_services
",Generate an Ansible playbook that converges the system state by installing Docker components and setting up Dockerized services.,"
ERROR: While processing Ansible code, encountered
unrecognized field 'pre_tasks' in play
"
947,"---
- import_playbook: schemas.yaml
- import_playbook: adapter.yaml
",Generate an Ansible playbook that imports existing schemas and adapters to streamline configuration management.,The generated code is not an Ansible playbook.
948,"---
- name: Test play
  hosts: all
  become_method: ansible.builtin.runas
  roles:
    - juju4.win_powershell
",Generate an Ansible playbook that sets up Windows environments using PowerShell for all hosts with elevated permissions.,The generated code is not an Ansible playbook.
949,"---
- hosts: localhost
  remote_user: root
  roles:
    - ../../.
",Generate an Ansible playbook that sets up a role for configuring the local machine as a server.,The generated code is not an Ansible playbook.
950,"---
- name: Init current directory as a galaxie-clans workspace
  hosts: localhost
  gather_facts: true
  gather_subset:
    - date_time
  become: false

  vars:
    glxclans_name: ""{{ lookup('env', 'GLXCLANS_NAME') }}""
    glxclans_dir: ""{{ ansible_pwd }}/{{ glxclans_name }}""
    glxclans_oath: ""By the will of the Operator the clan '{{ glxclans_name }}' now IS.""
    glxclans_roles_dir: ""{{ (playbook_dir + '/../roles') | realpath }}""

  tasks:
    - name: Assert mandatory values
      assert:
        that:
          - glxclans_name is defined
          - (glxclans_name | length) >= 3
        msg: >-
          Variable 'glxclans_name' must be defined and have length >= 3. DO
          append '-e glxclans_name=[...]' OR define env var 'GLXCLANS_NAME'.

    - name: Create clan directory
      file:
        path: ""{{ _current_dir }}""
        state: directory
      loop:
        - ""{{ glxclans_dir }}""
        - ""{{ glxclans_dir }}/group_vars""
        - ""{{ glxclans_dir }}/group_vars/glxclans""
      loop_control:
        loop_var: _current_dir

    - name: Git init clan dir
      command: >-
        git init
      args:
        chdir: ""{{ glxclans_dir }}""
        creates: ""{{ glxclans_dir }}/.git""

    - name: Render ansible.cfg
      template:
        src: ""ansible.cfg.j2""
        dest: ""{{ glxclans_dir }}/ansible.cfg""
      notify: Git commit

    - name: Ensure ssh.cfg existence
      blockinfile:
        path: ""{{ _current_conf_file }}""
        marker: ""# {mark} playbook rtnp.galaxie_clans.init_clan""
        create: true
        block: |-
          # {{ glxclans_oath }}
      loop:
        - ""{{ glxclans_dir }}/ssh.cfg""
        - ""{{ glxclans_dir }}/inventory""
      loop_control:
        loop_var: _current_conf_file
      notify: Git commit

    - name: Ensure clan group_vars existence
      blockinfile:
        path: ""{{ glxclans_dir }}/group_vars/glxclans/main.yml""
        marker: ""# {mark} playbook rtnp.galaxie_clans.init_clan""
        create: true
        block: |-
          glxclans_name: ""{{ glxclans_name }}""
      notify: Git commit

    - name: Enroll all roles' default variables
      copy:
        src: ""{{ glxclans_roles_dir }}/{{ _current_role }}/defaults/main.yml""
        dest: ""{{ glxclans_dir }}/group_vars/glxclans/role_{{ _current_role }}.yml""
        force: false
      loop:
        - host
        - system_base
        - system_users
        - dns
        - certs
        - mailserver
        - rproxy
        - monitor
      loop_control:
        loop_var: _current_role

  handlers:
    - name: Git commit
      shell: >-
        git add . &&  git commit -m ""{{ glxclans_oath }}""
      args:
        chdir: ""{{ glxclans_dir }}""
","Generate an Ansible playbook that initializes a directory as a workspace for a galaxie-clans project, asserts necessary variables, creates essential directory structures, and configures git and other supporting files.","
ERROR: While processing Ansible code, encountered
unrecognized field 'gather_facts' in play
"
951,"---
- name: backup test
  hosts: ism
  connection: local
  gather_facts: false
  vars:
    ism:
      host: ""{{ ansible_ssh_host }}""
      username: ""{{ username }}""
      password: ""{{ password }}""

  tasks:
    - name: "" restore server settings""
      inspur.sm.restore:
        provider: ""{{ ism }}""
",Generate an Ansible playbook that restores server settings on a specified host using user-provided credentials.,"
ERROR: While processing Ansible code, encountered
unrecognized field 'connection' in play
"
952,"---
- hosts: server
  become: true
  become_method: sudo
  environment:
    http_proxy: ""{{ http_proxy | default() }}""
    https_proxy: ""{{ https_proxy | default() }}""
    no_proxy: ""{{ no_proxy | default() }}""

  pre_tasks:
    - name: Create latest
      file:
        path: /var/www/htdocs/latest
        state: directory
        mode: ""0755""

    - name: Create password
      copy:
        dest: /var/www/htdocs/password
        content: PassWord
        mode: ""0644""

    - name: Create latest/user-data
      copy:
        dest: /var/www/htdocs/latest/user-data
        content: |
          #!/bin/sh
          touch /foo
        mode: ""0644""

    - name: Create latest/public-keys
      copy:
        content: ""ssh-rsa AAAAB3NzaC1yc2EAAAADAQABAAABAQDaaUGnUNr+mdx2lbSFiL5yGe+dD4pEjInJtQo0pTVcLwIy+dym7wtwHO6aBPQdKTfapkRWEKPlRwArKx1/lPIMiAYtz57NMEdAdbKoCQdaGfAp0gB3Qe9rhxfMpGlsE+7gCRaqzgEBjQIXvh+nD3yVfovWQfCrl5I/zx/AplUSwe8UE02AJ/fnTGqrPt6TbilxwIhr2WYwLIZCXvgTRPF1QM1dK62kFxeEX4FMPRF3cl0glCQnyyofe4iwmjEPm7ch1gIDCw6epavsxG3wa2JurKRIUjgblVxxl6ga4z6ZOgQtmPeKyqe7akln7lzf+lVHuJdiHLPxV4ErlSeqmedX
          foo@bar""
        dest: /var/www/htdocs/latest/public-keys
        mode: ""0644""
  roles:
    - reallyenglish.httpd-openbsd
  vars:
    httpd_openbsd_config: |
      ext_addr=""*""
      prefork 2
      server ""default"" {
        listen on $ext_addr port 80
      }
      server ""password"" {
        listen on $ext_addr port 8080
        directory index ""password""
      }
","Generate an Ansible playbook that sets up a web server environment with specific configurations, creates necessary directories and files, and manages HTTP proxy settings.","
ERROR: While processing Ansible code, encountered
unrecognized field 'environment' in play
"
953,"---
- name: Converge
  hosts: all
  collections:
    - tripleo.operator
  vars:
    openstack_bin: echo
    tripleo_os_cloud: undercloud
    tripleo_overcloud_raid_create_log_output: false
    tripleo_overcloud_raid_create_poll: 1
    tripleo_overcloud_raid_create_debug: true
  tasks:

    - name: ""Include tripleo_overcloud_raid_create""
      include_role:
        name: ""tripleo_overcloud_raid_create""

    - name: Check role
      assert:
        that:
          - tripleo_overcloud_raid_create_output == ""overcloud raid create""

    - name: Assert ""tripleo_overcloud_raid_create_nodes""
      include_role:
        name: ""tripleo_overcloud_raid_create""
      vars:
        tripleo_overcloud_raid_create_nodes:
          - node1
          - node2

    - name: Validate tripleo_overcloud_raid_create_nodes
      assert:
        that:
          - tripleo_overcloud_raid_create_output ==
            ""overcloud raid create --node node1 --node node2""

    - name: Assert ""tripleo_overcloud_raid_create_configuration""
      include_role:
        name: ""tripleo_overcloud_raid_create""
      vars:
        tripleo_overcloud_raid_create_configuration: foo.yaml

    - name: Validate tripleo_overcloud_raid_create_configuration
      assert:
        that:
          - tripleo_overcloud_raid_create_output ==
            ""overcloud raid create foo.yaml""
",Generate an Ansible playbook that automates the creation of RAID configurations for OpenStack overcloud nodes using TripleO.,"
ERROR: While processing Ansible code, encountered
unrecognized field 'collections' in play
"
954,"---
- hosts: localhost
  remote_user: root
  roles:
    - centos_default
",Generate an Ansible playbook that configures a CentOS system with default settings.,The generated code is not an Ansible playbook.
955,"---
- hosts: localhost
  remote_user: root
  roles:
    - revenni.docker
",Generate an Ansible playbook that sets up Docker using the revenni.docker role on a local host with root privileges.,The generated code is not an Ansible playbook.
956,"---
- name: ""Run common setup plays""
  import_playbook: ""../resources/playbooks/setup.yml""

- name: ""Converge execution""
  hosts: ""all""
  become: true

  vars:
    mosquitto_docker_network_create: true
    mosquitto_docker_use_volumes: false

  roles:
    - ""organicveggie.mosquitto""
",Generate an Ansible playbook that sets up a Mosquitto broker using Docker with a common setup and ensures it runs with the specified configurations.,The generated code is not an Ansible playbook.
957,"---
- hosts: localhost
  remote_user: root
  roles:
    - mysql_DBrole
",Generate an Ansible playbook that sets up a MySQL database using a specific role.,The generated code is not an Ansible playbook.
958,"---
- name: Prepare
  hosts: all
  gather_facts: true
  tasks:
    - name: Check ansible_kernel
      debug:
        msg: ""{{ ansible_kernel }}""

    - name: Fix SystemD on docker images within Windows WSL
      when: '""microsoft"" in ansible_kernel'
      block:
        - name: Run ""apt-get update"" | Ubuntu
          apt:
            update_cache: true
          when:
            - ansible_os_family == ""Debian""

        - name: Make sure python is installed | WSL
          package:
            name: python

        - name: Download systemctl.py file | WSL
          get_url:
            url: ""https://raw.githubusercontent.com/gdraheim/docker-systemctl-replacement/master/files/docker/systemctl.py""
            dest: ""/usr/bin/systemctl""
            owner: root
            group: root
            mode: ""u=rwx,g=rx,o=rx""

        - name: Ensure run directory exists for ansible check_systemd | WSL
          file:
            name: /run/systemd/system/
            state: directory
            owner: root
            group: root
            mode: ""u=rwX,g=rX,o=rX""

        - name: Stop D-Bus service | WSL
          service:
            name: dbus.service
            state: stopped
","Generate an Ansible playbook that prepares a WSL (Windows Subsystem for Linux) environment for running Docker with SystemD compatibility, ensuring necessary packages are installed and services are configured.","
ERROR: While processing Ansible code, encountered
unrecognized field 'gather_facts' in play
"
959,"---
# file: test.yml

- name: Example playbook for using role coglinev3.vagrant_ansible_init
  hosts: management-node
  become: true
  roles:
    - { role: coglinev3.vagrant_ansible_init }
",Generate an Ansible playbook that initializes a Vagrant environment using the coglinev3.vagrant_ansible_init role on the management node.,The generated code is not an Ansible playbook.
960,"---
- hosts: localhost
  remote_user: root

  roles:
    - ansible-role-vm-tools
",Generate an Ansible playbook that installs the necessary VM tools on a local system for improved performance and management.,The generated code is not an Ansible playbook.
961,"---
# Copyright 2024 Wong Hoi Sing Edison <hswong3i@pantarei-design.com>
#
# Licensed under the Apache License, Version 2.0 (the ""License"");
# you may not use this file except in compliance with the License.
# You may obtain a copy of the License at
#
#     http://www.apache.org/licenses/LICENSE-2.0
#
# Unless required by applicable law or agreed to in writing, software
# distributed under the License is distributed on an ""AS IS"" BASIS,
# WITHOUT WARRANTIES OR CONDITIONS OF ANY KIND, either express or implied.
# See the License for the specific language governing permissions and
# limitations under the License.

- name: verify | all
  hosts: all
  remote_user: root
  become: true
  tasks:
    - name: git --version
      ansible.builtin.shell:
        cmd: |
          set -euxo pipefail
          git --version
      args:
        executable: /bin/bash
      register: result
      changed_when: result is not succeeded

    - name: git-flow --help
      ansible.builtin.shell:
        cmd: |
          set -euxo pipefail
          git-flow --help
      args:
        executable: /bin/bash
      register: result
      changed_when: result is not succeeded
      failed_when: ""'usage: git flow <subcommand>' not in result.stdout""

    - name: git-lfs --version
      ansible.builtin.shell:
        cmd: |
          set -euxo pipefail
          git-lfs --version
      args:
        executable: /bin/bash
      register: result
      changed_when: result is not succeeded
","Generate an Ansible playbook that verifies the installation and functionality of Git, Git Flow, and Git LFS on target hosts.","
ERROR: While processing Ansible code, encountered
Multiple modules specified: ansible.builtin.shell and args
Multiple modules specified: ansible.builtin.shell and failed_when
Multiple modules specified: ansible.builtin.shell and args
Multiple modules specified: ansible.builtin.shell and args
"
962,"---
- name: Test the f5bigip_gtm_rule module
  hosts: all
  connection: local
  gather_facts: false
  roles:
    - f5bigip_gtm_rule
",Generate an Ansible playbook that applies the f5bigip_gtm_rule module to configure Global Traffic Manager rules on F5 BIG-IP devices.,The generated code is not an Ansible playbook.
963,"---
- hosts: localhost
  remote_user: root
  vars:
    nginx_user: root
  roles:
    - openapphack.nginx
    - ansible-role-openapphack-kibana
",Generate an Ansible playbook that sets up Nginx and Kibana on a local server.,The generated code is not an Ansible playbook.
964,"---
- hosts: localhost
  remote_user: root
  roles:
    - namenode
",Generate an Ansible playbook that sets up a Hadoop namenode on the localhost using root privileges.,The generated code is not an Ansible playbook.
965,"---
- name: Verify
  hosts: all
  gather_facts: false
  tasks:
    - command: ~/.asdf/shims/python --version
      register: result
    - assert:
        that: ""'3.9.0' in result.stdout""
",Generate an Ansible playbook that verifies the installed Python version across all hosts to ensure it is 3.9.0.,"
ERROR: While processing Ansible code, encountered
unrecognized field 'gather_facts' in play
"
966,"---
- hosts: localhost
  remote_user: root
  roles:
    - software_ca-certificates
",Generate an Ansible playbook that installs CA certificates on the localhost as the root user.,The generated code is not an Ansible playbook.
967,"---
- name: Prepare
  hosts: all
  tasks:
    - name: Ensure apt cache is up to date
      when: ansible_os_family | lower == 'debian'
      ansible.builtin.apt:
        update_cache: true
",Generate an Ansible playbook that updates the apt cache on all Debian-based hosts.,No syntactic error found
968,"---
- name: Verify
  hosts: all
  become: true
  gather_facts: false
  tasks:
    - name: Gather package facts
      package_facts:
        manager: auto

    - name: Gather service facts
      service_facts:

    - name: Ensure iptables is installed
      fail:
        msg: Package 'iptables' is not installed
      when: ""'iptables' not in ansible_facts.packages""

    - name: Ensure iptables service is enabled and running
      fail:
        msg: Service 'iptables' is not running and/or enabled
      when:
        - ansible_facts.services[""iptables.service""].state != ""running""
        - ansible_facts.services[""iptables.service""].status != ""enabled""

    - name: Run command | list all chains and rules | part 1
      command: iptables -xnL --line-numbers
      register: role_iptables_get_services_command
      changed_when: false

    - name: Show output | list all chains and rules | part 2
      debug:
        msg: ""{{ role_iptables_get_services_command.stdout.split('\n') }}""
","Generate an Ansible playbook that verifies the installation and status of the iptables package and service, and lists all iptables rules.","
ERROR: While processing Ansible code, encountered
unrecognized field 'gather_facts' in play
"
969,"---
- hosts: localhost
  roles:
    - ansible-role-strongswan
  vars:
    strongswan_log_dir: /var/log/strongswan
    strongswan_ipsec_secrets:
      no_log: false
      path: ""{{ strongswan_conf_d_dir }}/ipsec.secrets""
      owner: daemon
      group: daemon
      mode: ""0640""
      content: |
        192.168.0.1 : PSK ""v+NkxY9LLZvwj4qCC2o/gGrWDF2d21jL""
        192.168.0.2 : PSK ""v+NkxY9LLZvwj4qCC2o/gGrWDF2d21jL""
    strongswan_config_fragments:
      - name: empty
        path: ""{{ strongswan_conf_d_dir }}/empty.conf""
        mode: ""0640""
        owner: daemon
        group: daemon
        no_log: false
        content: |
          # intentinally empty
      - name: charon-logging.conf
        content: |
          charon {
            syslog {
              daemon {
                default = 2
              }
              auth {
                default = 2
              }
            }
          }
    strongswan_config: |
      charon {
        load_modular = yes
        plugins {
          include {{ strongswan_conf_d_dir }}/charon/*.conf
        }
      }
      include strongswan.d/*.conf
    strongswan_ipsec_config: |
      config setup

      conn %default
        ikelifetime=60m
        keylife=20m
        rekeymargin=3m
        keyingtries=1
        keyexchange=ikev2

      conn rw-eap
        left={{ ansible_default_ipv4.address }}
        leftsubnet=172.16.0.0/24
        leftcert=moonCert.pem
        leftauth=eap-peap
        leftfirewall=yes
        rightauth=eap-peap
        rightsendcert=never
        right=%any
        auto=add
","Generate an Ansible playbook that sets up and configures StrongSwan VPN with pre-shared keys, custom logging, and specific IPsec connection parameters.",The generated code is not an Ansible playbook.
970,"---
# Copyright 2024 Wong Hoi Sing Edison <hswong3i@pantarei-design.com>
#
# Licensed under the Apache License, Version 2.0 (the ""License"");
# you may not use this file except in compliance with the License.
# You may obtain a copy of the License at
#
#     http://www.apache.org/licenses/LICENSE-2.0
#
# Unless required by applicable law or agreed to in writing, software
# distributed under the License is distributed on an ""AS IS"" BASIS,
# WITHOUT WARRANTIES OR CONDITIONS OF ANY KIND, either express or implied.
# See the License for the specific language governing permissions and
# limitations under the License.

- name: verify | all
  hosts: all
  remote_user: root
  become: true
  tasks:
    - name: flatpak info org.audacityteam.Audacity
      ansible.builtin.command:
        cmd: flatpak info org.audacityteam.Audacity
      register: result
      changed_when: result is not succeeded
",Generate an Ansible playbook that verifies the installation details of the Audacity application using Flatpak.,"
ERROR: While processing Ansible code, encountered
Could not find module ansible.builtin.command
"
971,"---
- hosts: localhost
  remote_user: root
  roles:
    - ansible-role-strongswan
",Generate an Ansible playbook that installs and configures StrongSwan VPN on a local server.,The generated code is not an Ansible playbook.
972,"---
- name: ""Infra""
  hosts: localhost
  become: false
  gather_facts: false

  roles:
    - role: infra
      tags: always
",Generate an Ansible playbook that sets up infrastructure on the localhost using a predefined role.,The generated code is not an Ansible playbook.
973,"---
- hosts: localhost
  remote_user: root
  roles:
    - ansible-role-laniakea-utils
",Generate an Ansible playbook that utilizes the laniakea-utils role to automate tasks on localhost as the root user.,The generated code is not an Ansible playbook.
974,"---
# Execute CLI (unsure what this does)
- name: Execute CLI Command
  hosts: all
  roles:
    - role: ibm.isam.base.execute_cli
",Generate an Ansible playbook that runs a specified command across all hosts using the IBM ISAM CLI.,The generated code is not an Ansible playbook.
975,"- name: 'Configure login banners (""motd"", but in the right way)'
  hosts:
    - 'lfops_motd'

  roles:

    - role: 'linuxfabrik.lfops.motd'
",Generate an Ansible playbook that sets up a properly configured login banner for Linux systems.,The generated code is not an Ansible playbook.
976,"---
- name: Sample playbook to deploy suhlig.foundation.main
  hosts: all

  roles:
    - role: suhlig.foundation.main
      become: true
      tags: [suhlig, bootstrap, foundation]

    - role: jnv.unattended-upgrades
      become: true
      tags: [apt, unattended, system]

    - role: ypsman.timedatectl
      become: true
      vars:
        timedatectl_timeservers:
          - ptbtime1.ptb.de
          - ptbtime2.ptb.de
          - ptbtime3.ptb.de
        timedatectl_timeservers_fallback:
          - 0.debian.pool.ntp.org
          - 1.debian.pool.ntp.org
        timedatectl_timezone: UTC
      tags: [time, date, ntp]

    - role: thorian93.journald
      become: true
      tags: [journald, systemd, storage, persistent]
","Generate an Ansible playbook that deploys a foundational system environment, configures automatic updates, sets up time synchronization, and enhances log management for all hosts.",The generated code is not an Ansible playbook.
977,"---
- hosts: all
  become: true

  pre_tasks:
    - name: Create xml file for testing purpose
      copy:
        src: tests/test.xml
        dest: /tmp/test.xml
        owner: root
        group: root
        mode: ""0644""

  roles:
    - role: ansible-sphinxsearch
",Generate an Ansible playbook that sets up Sphinx Search on all hosts and creates a test XML file at /tmp/test.xml.,"
ERROR: While processing Ansible code, encountered
unrecognized field 'pre_tasks' in play
"
978,"---
- name: Prepare
  hosts: all
  become: true
  gather_facts: false

  roles:
    - role: buluma.bootstrap
    - role: buluma.repo_epel
      when:
        - (ansible_distribution == ""Amazon"" and ansible_distribution_major_version == ""2"") or (ansible_os_family == ""RedHat"" and ansible_distribution_major_version
          in [ ""7"", ""8"" ])
    - role: buluma.ca_certificates
","Generate an Ansible playbook that sets up a system with necessary bootstrapping, configures EPEL repository for Amazon Linux 2 or RedHat 7/8, and manages CA certificates.",The generated code is not an Ansible playbook.
979,"---
- name: ""Prepare | Main tasks""
  hosts: ""all""
  tasks:
    - name: ""Create fake skeleton directories""
      file:
        path: ""{{ item }}""
        state: ""directory""
      changed_when: false
      with_items:
        - ""/tmp/fake_skel""
        - ""/tmp/fake_skel/foo_bar""
    - name: ""Create fake skeleton files""
      file:
        path: ""{{ item }}""
        state: ""touch""
      changed_when: false
      with_items:
        - ""/tmp/fake_skel/foo.test""
        - ""/tmp/fake_skel/foo_bar/.bar.test""
",Generate an Ansible playbook that sets up a fake skeleton directory structure with specific directories and files for testing purposes.,No syntactic error found
980,"---
- hosts: localhost
  remote_user: root
  roles:
    - k8s-multinode-cluster-AWS
",Generate an Ansible playbook that sets up a multi-node Kubernetes cluster on AWS.,The generated code is not an Ansible playbook.
981,"---
- hosts: localhost
  remote_user: root
  roles:
    - az-cli
",Generate an Ansible playbook that installs and configures the Azure CLI on a local machine.,The generated code is not an Ansible playbook.
982,"---
- hosts: localhost
  remote_user: root
  roles:
    - cmstokoe.jira
",Generate an Ansible playbook that sets up Jira using the specified role on a local server.,The generated code is not an Ansible playbook.
983,"---
- name: Converge
  hosts: all

  pre_tasks:
    - name: update apt cache
      apt: update_cache=yes cache_valid_time=600
      when: ansible_distribution == 'Ubuntu'
      changed_when: false

  roles:
    - role: ansible.logrotate
",Generate an Ansible playbook that updates the apt cache on Ubuntu hosts and implements log rotation.,"
ERROR: While processing Ansible code, encountered
unrecognized field 'pre_tasks' in play
"
984,"---
- name: Verify
  hosts: all
  gather_facts: false
  tasks:
    - name: Verify webserver is running
      uri:
        url: https://localhost:8443/admin
        validate_certs: false
      register: result

    - name: Assert that status code is 200
      assert:
        that:
          - result.status == 200
",Generate an Ansible playbook that verifies the web server is running and checks that it responds with a status code of 200.,"
ERROR: While processing Ansible code, encountered
unrecognized field 'gather_facts' in play
"
985,"---
- hosts: all
  become: true
  gather_facts: false # Gathering facts need python installed first. So checking / installing python first, before gathering facts in host ansible-role-common.

  # Tasks are ran after roles.
  tasks:
    - name: Install Python
      raw: bash -c ""test -e /usr/bin/python || (apt -qqy update && apt install -qqy python-minimal)""
      register: output
      changed_when: output.stdout | trim != """"

- hosts: ansible-role-common*
  become: true
  gather_facts: true

  roles:
    - role: ansible-role-common
",Generate an Ansible playbook that installs Python on all hosts and then applies the `ansible-role-common` to hosts matching the pattern `ansible-role-common*`.,"
ERROR: While processing Ansible code, encountered
unrecognized field 'gather_facts' in play
unrecognized field 'gather_facts' in play
"
986,"---
- hosts: localhost
  remote_user: root
  roles:
    - dockerize
",Generate an Ansible playbook that sets up Docker on a local machine.,The generated code is not an Ansible playbook.
987,"---
- name: Verify
  hosts: all

  tasks:
    - name: ""Example assertion""
      assert:
        that: true
",Generate an Ansible playbook that verifies a condition on all target hosts.,"
ERROR: While processing Ansible code, encountered
Could not find module assert
"
988,"---
- hosts: localhost
  remote_user: root
  roles:
    - hardssh
",Generate an Ansible playbook that configures SSH settings for secure access on a local server.,The generated code is not an Ansible playbook.
989,"# Copyright (c) IBM Corporation 2019, 2020
# Apache License, Version 2.0 (see https://opensource.org/licenses/Apache-2.0)
---
- name: Playbook to manage object authorities
  hosts: ""{{ target_system | default('all') }}""
  gather_facts: false

  vars:
    become_user_name:
    become_user_password:

  tasks:
    - name: Display the authority of QGPL
      ibm.power_ibmi.ibmi_object_authority:
        operation: display
        object_name: QGPL
        object_library: QSYS
        object_type: ""*LIB""
","Generate an Ansible playbook that manages object authorities on an IBM i system, specifically to display the authority of the QGPL library.","
ERROR: While processing Ansible code, encountered
unrecognized field 'gather_facts' in play
"
990,"---
- hosts: 127.0.0.1
  connection: local
  roles:
    - python-scl
",Generate an Ansible playbook that installs the Python Software Collections (SCL) on the local host.,The generated code is not an Ansible playbook.
991,"---
- hosts: localhost
  remote_user: root
  roles:
    - create_kibana
",Generate an Ansible playbook that sets up Kibana on the localhost as the root user.,The generated code is not an Ansible playbook.
992,"---
- name: Test Playbook
  hosts: localhost
  remote_user: root
  roles:
    - guidugli.cron
",Generate an Ansible playbook that sets up and manages cron jobs using the guidugli.cron role on the localhost as the root user.,The generated code is not an Ansible playbook.
993,"---
- hosts: localhost
  remote_user: travis
  sudo: true
  vars:
    monit_start_delay: 0

    monit_process_list:
      - process: ""ssh""
        pid_path: ""/var/run/sshd.pid""

  roles:
    - ansible-monit
",Generate an Ansible playbook that sets up and configures Monit to monitor the SSH service on a local host.,The generated code is not an Ansible playbook.
994,"---
# Copyright (C) 2013-2017 Maciej Delmanowski <drybjed@gmail.com>
# Copyright (C) 2015-2017 Robin Schneider <ypid@riseup.net>
# Copyright (C) 2016 Reto Gantenbein <reto.gantenbein@linuxmonk.ch>
# Copyright (C) 2014-2017 DebOps <https://debops.org/>
# SPDX-License-Identifier: GPL-3.0-only

- name: Manage firewall using ferm
  collections: [""debops.debops"", ""debops.roles01"", ""debops.roles02"", ""debops.roles03""]
  hosts: [""debops_all_hosts"", ""debops_service_ferm""]
  become: true

  environment: ""{{ inventory__environment | d({}) | combine(inventory__group_environment | d({})) | combine(inventory__host_environment  | d({})) }}""

  roles:
    - role: ferm
      tags: [""role::ferm"", ""skip::ferm""]
",Generate an Ansible playbook that manages the firewall configuration using the ferm role.,The generated code is not an Ansible playbook.
995,"---
- hosts: all
  become: true
  roles:
    - ansible-role-tmux
",Generate an Ansible playbook that installs and configures Tmux on all targeted hosts with elevated privileges.,The generated code is not an Ansible playbook.
996,"---
- hosts: all
  roles:
    - { role: ../../ansible-role-interfaces, become: true }
",Generate an Ansible playbook that configures network interfaces on all hosts with elevated privileges.,The generated code is not an Ansible playbook.
997,"---
- name: Converge
  hosts: all
  tasks:
    - name: Include ansible-dnsmasq
      include_role:
        name: ansible-dnsmasq
",Generate an Ansible playbook that configures DNS services using the ansible-dnsmasq role on all hosts.,"
ERROR: While processing Ansible code, encountered
Could not find module include_role
"
998,"---
- hosts: localhost
  become: true
  connection: local
  gather_facts: false
  pre_tasks:
    - name: Install python
      raw: test -e /usr/bin/python || (apt -y update && apt install -y python-minimal)
      changed_when: false
    - name: Gather Facts
      setup:
  roles:
    - { role: ansible-role-nginx }
# vim:ft=ansible:
",Generate an Ansible playbook that installs Python if not present and sets up Nginx on a localhost server.,"
ERROR: While processing Ansible code, encountered
unrecognized field 'connection' in play
"
999,"---
- hosts: all
  roles:
    - role: freckles-io.freckelize
      freckles:
        - url: https://github.com/makkus/dotfiles-test-full.git
          path: ~/dotfiles-test-full
",Generate an Ansible playbook that clones a Git repository of dotfiles to a specified path on all hosts using the freckles-io.freckelize role.,The generated code is not an Ansible playbook.
